# Blender 4.5.3 LTS
# www.blender.org
mtllib Logo_element.mtl
o Plane
v -0.847713 0.124409 -1.084257
v -0.187152 0.124409 -1.084257
v -0.892578 0.154354 -0.161225
v -0.171883 0.153245 -0.820685
v -0.873287 0.173383 -0.881318
v -1.123387 0.154512 -0.452979
v -1.148581 0.154512 -1.042772
v -1.319444 0.154512 -0.508732
v -1.424095 0.154512 -1.103866
v -1.532786 0.154512 -0.453250
v -1.850306 0.154512 -0.999042
v -1.696039 0.154512 -0.295180
v -2.215594 0.154512 -0.601033
v -1.754207 0.154512 -0.081878
v -2.348835 0.154512 -0.102316
v -0.991192 0.154512 -0.327582
v -0.985856 0.154512 -0.940943
v -0.847713 0.124409 0.884835
v -0.187152 0.124409 0.884835
v -0.898436 0.154512 -0.039785
v -0.517432 0.142780 0.889505
v -0.170874 0.151027 0.669951
v -0.873287 0.172173 0.699136
v -1.112220 0.154512 0.269370
v -1.148581 0.154512 0.846085
v -1.306214 0.154512 0.331478
v -1.424095 0.154512 0.907178
v -1.521164 0.154512 0.282909
v -1.850306 0.154512 0.802354
v -1.689291 0.154512 0.129952
v -2.215594 0.154512 0.402360
v -0.984493 0.154512 0.138668
v -0.985856 0.154512 0.744256
v -0.175547 0.130586 -0.596542
v -0.613587 0.130586 -0.161842
v -0.326153 0.151978 -0.309722
v -0.166470 0.130586 0.413628
v -0.612439 0.130586 -0.038164
v -0.303426 0.151978 0.112331
v -0.517432 0.289072 0.668503
v -0.517432 0.142780 -1.088015
v -0.517432 0.306047 -0.729000
v -0.845206 0.306047 -0.536955
v -1.146291 0.306047 -0.751916
v -1.391177 0.306047 -0.784990
v -1.688065 0.306047 -0.693335
v -1.939861 0.306047 -0.430748
v -2.031010 0.306047 -0.100458
v -0.986341 0.306047 -0.639360
v -0.845097 0.306047 0.340358
v -1.145275 0.306047 0.556418
v -1.389974 0.306047 0.590070
v -1.687008 0.306047 0.499043
v -1.939247 0.306047 0.235115
v -0.985732 0.306047 0.443380
v -0.580396 0.306047 -0.551965
v -0.580396 0.306047 0.385357
v 0.693485 0.124409 -1.083918
v 0.032925 0.124409 -1.083918
v 1.684251 0.142780 0.883715
v 0.740668 0.154512 -0.157205
v 1.347526 0.124409 0.878905
v 2.020976 0.124409 0.878905
v 2.037011 0.154512 -0.077402
v 1.331491 0.154512 -0.042705
v 1.331195 0.154512 -0.291580
v 2.028103 0.154512 -0.498696
v 1.938392 0.154512 -0.804752
v 1.322793 0.154512 -0.395253
v 1.283250 0.154512 -0.436255
v 1.662161 0.154512 -1.012878
v 1.370563 0.154512 -1.058697
v 1.222860 0.154512 -0.445267
v 1.121906 0.154512 -0.425223
v 1.142666 0.154512 -1.041355
v 0.911885 0.154512 -0.958978
v 0.909333 0.154512 -0.326220
v 0.726070 0.173383 -0.879257
v 0.017507 0.153245 -0.814860
v 0.019986 0.130586 -0.583104
v 0.445661 0.130586 -0.160678
v 0.165285 0.151978 -0.303851
v 1.684251 0.306047 -0.060054
v 1.677461 0.306047 -0.392950
v 1.618559 0.306047 -0.587605
v 1.132468 0.306047 -0.723262
v 0.702691 0.306047 -0.534485
v 0.909333 0.306047 -0.633483
v 1.292883 0.306047 -0.742866
v 1.457209 0.306047 -0.706882
v 0.363205 0.142780 -1.087790
v 0.363205 0.306047 -0.730923
v 0.426116 0.306047 -0.550414
v 0.693486 0.127735 0.885208
v 0.032925 0.127735 0.885208
v 0.709213 0.154512 0.662718
v 0.017198 0.154512 0.697115
v 0.363206 0.159754 0.872690
v 0.363206 0.306047 0.652657
v 0.017198 0.151344 0.839595
v 0.709213 0.151344 0.839595
v 0.363206 0.281797 0.778688
v 0.278796 0.260914 -0.395177
v 1.491837 0.140650 0.883715
v 1.491837 0.263448 -0.050590
v 1.488588 0.263448 -0.337657
v 1.457232 0.263448 -0.482686
v 1.126707 0.263448 -0.560695
v 0.684053 0.262614 -0.342002
v 0.909333 0.263448 -0.465885
v 1.254689 0.263448 -0.580540
v 1.362322 0.263448 -0.559267
v 1.876665 0.263448 -0.069517
v 1.876665 0.140650 0.883715
v 1.867208 0.263448 -0.449118
v 1.784700 0.263448 -0.697483
v 1.138157 0.263448 -0.889840
v 0.732544 0.265560 -0.720801
v 0.909843 0.263448 -0.804728
v 1.332609 0.263448 -0.908840
v 1.558294 0.263448 -0.861571
v 0.551937 0.140650 -1.087790
v 0.548442 0.265560 -0.817565
v 0.174784 0.262181 -0.684455
v 0.174474 0.140650 -1.087790
v 0.578150 0.267672 -0.720578
v 0.174474 0.263448 0.665396
v 0.174474 0.152655 0.875735
v 0.174474 0.246298 0.790870
v -0.830440 0.262614 -0.343126
v 0.551937 0.152655 0.875735
v 0.551937 0.263448 0.651357
v 0.551937 0.246298 0.790870
v -1.134839 0.263448 -0.589267
v -1.354011 0.263448 -0.632152
v -1.603015 0.263448 -0.559065
v -1.805255 0.263448 -0.355048
v -1.877955 0.263448 -0.091168
v -0.988767 0.263448 -0.469814
v -0.829458 0.262614 0.146612
v -1.128748 0.263448 0.399714
v -1.346794 0.263448 0.446064
v -1.596676 0.263448 0.376749
v -0.985112 0.263448 0.277367
v -1.801575 0.263448 0.174618
v -0.328150 0.250176 0.639799
v -0.328701 0.140650 0.889505
v -0.430252 0.260914 0.231804
v -0.434460 0.260914 -0.396288
v -0.329159 0.262181 -0.681767
v -0.328701 0.140650 -1.088015
v -0.706164 0.140650 -1.088015
v -0.702669 0.265560 -0.819255
v -0.874502 0.265560 -0.723276
v -1.148581 0.263448 -0.910973
v -1.411093 0.263448 -0.956770
v -1.776208 0.263448 -0.856770
v -2.088649 0.263448 -0.521877
v -2.202297 0.263448 -0.102316
v -0.985856 0.263448 -0.804375
v -0.874502 0.265560 0.526588
v -1.148581 0.263448 0.714286
v -1.411093 0.263448 0.760083
v -1.776208 0.263448 0.660083
v -2.088649 0.263448 0.323204
v -0.985856 0.263448 0.607688
v -0.702669 0.253555 0.699362
v -0.706164 0.140650 0.889505
v -0.732377 0.267672 0.543279
v -0.732377 0.267672 -0.724069
v 0.699257 0.127078 0.007971
v 0.016607 0.127735 0.357881
v 0.348997 0.159754 0.030683
v 0.130125 0.152655 0.158878
v 0.551105 0.152655 -0.007690
v 0.709213 0.151344 0.311754
v 0.551771 0.246298 0.315846
v 0.360364 0.281797 0.340033
v 0.165604 0.246298 0.402505
v 0.015022 0.151344 0.518743
v 1.331491 0.152294 0.578906
v 2.037011 0.152294 0.578906
v 1.684251 0.289072 0.578906
v 1.491837 0.251443 0.578906
v 1.876665 0.251443 0.578906
v 0.017198 0.152294 -0.945388
v 0.709213 0.152294 -0.950121
v 0.363205 0.289072 -0.924087
v 0.551937 0.251443 -0.938288
v 0.174474 0.251443 -0.919354
v -0.171425 0.152294 -0.949126
v -0.863440 0.152294 -0.954146
v -0.517432 0.289072 -0.926535
v -0.328701 0.251443 -0.921515
v -0.706164 0.251443 -0.941596
v -0.847713 0.046427 -1.084257
v -0.187152 0.046427 -1.084257
v -0.892578 0.016482 -0.161225
v -0.171883 0.017591 -0.820685
v -0.873287 -0.002547 -0.881318
v -1.123387 0.016324 -0.452979
v -1.148581 0.016324 -1.042772
v -1.319444 0.016324 -0.508732
v -1.424095 0.016324 -1.103866
v -1.532786 0.016324 -0.453250
v -1.850306 0.016324 -0.999042
v -1.696039 0.016324 -0.295180
v -2.215594 0.016324 -0.601033
v -1.754207 0.016324 -0.081878
v -2.348834 0.016324 -0.102316
v -0.991192 0.016324 -0.327582
v -0.985856 0.016324 -0.940943
v -0.847713 0.046427 0.884835
v -0.187152 0.046427 0.884835
v -0.898436 0.016324 -0.039785
v -0.517432 0.028056 0.889505
v -0.170874 0.019809 0.669951
v -0.873287 -0.001337 0.699136
v -1.112220 0.016324 0.269370
v -1.148581 0.016324 0.846085
v -1.306214 0.016324 0.331478
v -1.424095 0.016324 0.907178
v -1.521164 0.016324 0.282909
v -1.850306 0.016324 0.802354
v -1.689291 0.016324 0.129952
v -2.215594 0.016324 0.402360
v -0.984493 0.016324 0.138668
v -0.985856 0.016324 0.744256
v -0.175547 0.040250 -0.596542
v -0.613587 0.040250 -0.161842
v -0.326153 0.018858 -0.309722
v -0.166470 0.040250 0.413628
v -0.612439 0.040250 -0.038164
v -0.303426 0.018858 0.112331
v -0.517432 -0.118236 0.668503
v -0.517432 0.028056 -1.088015
v -0.517432 -0.135211 -0.729000
v -0.845206 -0.135211 -0.536955
v -1.146291 -0.135211 -0.751916
v -1.391177 -0.135211 -0.784990
v -1.688065 -0.135211 -0.693335
v -1.939861 -0.135211 -0.430748
v -2.031010 -0.135211 -0.100458
v -0.986341 -0.135211 -0.639360
v -0.845097 -0.135211 0.340358
v -1.145276 -0.135211 0.556418
v -1.389974 -0.135211 0.590070
v -1.687008 -0.135211 0.499043
v -1.939247 -0.135211 0.235115
v -0.985732 -0.135211 0.443380
v -0.580396 -0.135211 -0.551965
v -0.580397 -0.135211 0.385357
v 0.693485 0.046427 -1.083918
v 0.032925 0.046427 -1.083918
v 1.684251 0.028056 0.883715
v 0.740668 0.016324 -0.157205
v 1.347526 0.046427 0.878905
v 2.020976 0.046427 0.878905
v 2.037011 0.016324 -0.077402
v 1.331491 0.016324 -0.042705
v 1.331195 0.016324 -0.291580
v 2.028103 0.016324 -0.498696
v 1.938392 0.016324 -0.804752
v 1.322793 0.016324 -0.395253
v 1.283250 0.016324 -0.436255
v 1.662161 0.016324 -1.012878
v 1.370563 0.016324 -1.058697
v 1.222860 0.016324 -0.445267
v 1.121906 0.016324 -0.425223
v 1.142666 0.016324 -1.041356
v 0.911885 0.016324 -0.958978
v 0.909333 0.016324 -0.326220
v 0.726070 -0.002547 -0.879257
v 0.017507 0.017591 -0.814860
v 0.019986 0.040250 -0.583104
v 0.445661 0.040250 -0.160678
v 0.165285 0.018858 -0.303851
v 1.684251 -0.135211 -0.060054
v 1.677461 -0.135211 -0.392950
v 1.618559 -0.135211 -0.587605
v 1.132468 -0.135211 -0.723262
v 0.702691 -0.135211 -0.534485
v 0.909333 -0.135211 -0.633483
v 1.292883 -0.135211 -0.742867
v 1.457209 -0.135211 -0.706882
v 0.363205 0.028056 -1.087790
v 0.363205 -0.135211 -0.730923
v 0.426116 -0.135211 -0.550414
v 0.693486 0.043101 0.885208
v 0.032925 0.043101 0.885208
v 0.709213 0.016324 0.662718
v 0.017198 0.016324 0.697115
v 0.363206 0.011081 0.872690
v 0.363206 -0.135211 0.652657
v 0.017198 0.019492 0.839595
v 0.709213 0.019492 0.839595
v 0.363206 -0.110961 0.778688
v 0.278796 -0.090078 -0.395177
v 1.491837 0.030186 0.883715
v 1.491837 -0.092612 -0.050590
v 1.488589 -0.092612 -0.337657
v 1.457232 -0.092612 -0.482686
v 1.126707 -0.092612 -0.560695
v 0.684053 -0.091778 -0.342002
v 0.909333 -0.092612 -0.465885
v 1.254689 -0.092612 -0.580540
v 1.362322 -0.092612 -0.559267
v 1.876665 -0.092612 -0.069517
v 1.876665 0.030186 0.883715
v 1.867208 -0.092612 -0.449118
v 1.784700 -0.092612 -0.697483
v 1.138157 -0.092612 -0.889840
v 0.732544 -0.094724 -0.720801
v 0.909843 -0.092612 -0.804728
v 1.332609 -0.092612 -0.908840
v 1.558294 -0.092612 -0.861571
v 0.551937 0.030186 -1.087790
v 0.548442 -0.094724 -0.817565
v 0.174784 -0.091345 -0.684455
v 0.174474 0.030186 -1.087790
v 0.578150 -0.096836 -0.720578
v 0.174474 -0.092612 0.665396
v 0.174474 0.018181 0.875735
v 0.174474 -0.075462 0.790870
v -0.830440 -0.091778 -0.343126
v 0.551937 0.018181 0.875735
v 0.551937 -0.092612 0.651357
v 0.551937 -0.075462 0.790870
v -1.134839 -0.092612 -0.589267
v -1.354011 -0.092612 -0.632152
v -1.603015 -0.092612 -0.559065
v -1.805255 -0.092612 -0.355048
v -1.877955 -0.092612 -0.091168
v -0.988767 -0.092612 -0.469814
v -0.829458 -0.091778 0.146612
v -1.128748 -0.092612 0.399714
v -1.346794 -0.092612 0.446064
v -1.596676 -0.092612 0.376749
v -0.985112 -0.092612 0.277367
v -1.801575 -0.092612 0.174618
v -0.328150 -0.079340 0.639799
v -0.328701 0.030186 0.889505
v -0.430252 -0.090078 0.231804
v -0.434460 -0.090078 -0.396288
v -0.329159 -0.091345 -0.681767
v -0.328701 0.030186 -1.088015
v -0.706164 0.030186 -1.088015
v -0.702669 -0.094724 -0.819255
v -0.874502 -0.094724 -0.723276
v -1.148581 -0.092612 -0.910973
v -1.411093 -0.092612 -0.956770
v -1.776208 -0.092612 -0.856770
v -2.088649 -0.092612 -0.521877
v -2.202297 -0.092612 -0.102316
v -0.985856 -0.092612 -0.804375
v -0.874502 -0.094724 0.526588
v -1.148581 -0.092612 0.714286
v -1.411093 -0.092612 0.760083
v -1.776208 -0.092612 0.660082
v -2.088649 -0.092612 0.323204
v -0.985856 -0.092612 0.607688
v -0.702669 -0.082719 0.699362
v -0.706164 0.030186 0.889505
v -0.732377 -0.096836 0.543279
v -0.732377 -0.096836 -0.724069
v 0.699257 0.043758 0.007971
v 0.016607 0.043101 0.357881
v 0.348997 0.011081 0.030683
v 0.130125 0.018181 0.158878
v 0.551105 0.018181 -0.007690
v 0.709213 0.019492 0.311754
v 0.551771 -0.075462 0.315846
v 0.360364 -0.110961 0.340032
v 0.165604 -0.075462 0.402505
v 0.015022 0.019492 0.518743
v 1.331491 0.018542 0.578906
v 2.037011 0.018542 0.578906
v 1.684251 -0.118236 0.578906
v 1.491837 -0.080607 0.578906
v 1.876665 -0.080607 0.578906
v 0.017198 0.018542 -0.945388
v 0.709213 0.018542 -0.950121
v 0.363205 -0.118236 -0.924087
v 0.551937 -0.080607 -0.938288
v 0.174474 -0.080607 -0.919354
v -0.171425 0.018542 -0.949126
v -0.863440 0.018542 -0.954146
v -0.517432 -0.118236 -0.926535
v -0.328701 -0.080607 -0.921515
v -0.706164 -0.080607 -0.941596
v -0.517432 0.213898 0.830353
v -0.863440 0.142474 0.830353
v -0.171425 0.142474 0.830353
v -0.328701 0.198278 0.830353
v -0.706164 0.198278 0.830353
v -0.517432 -0.043062 0.830353
v -0.863440 0.028362 0.830353
v -0.171425 0.028362 0.830353
v -0.328701 -0.027442 0.830353
v -0.706164 -0.027442 0.830353
v -0.171425 0.142474 -1.040408
v -0.517432 0.213898 -1.040408
v -0.328701 0.198278 -1.040408
v -0.706164 0.198278 -1.040408
v -0.863440 0.142474 -1.040408
v -0.171425 0.028362 -1.040408
v -0.517432 -0.043062 -1.040408
v -0.328701 -0.027442 -1.040408
v -0.706164 -0.027442 -1.040408
v -0.863440 0.028362 -1.040408
v 0.017198 0.142474 -1.038753
v 0.363205 0.213898 -1.038753
v 0.551937 0.198278 -1.038753
v 0.174474 0.198278 -1.038753
v 0.709213 0.142474 -1.038753
v 0.017198 0.028362 -1.038753
v 0.363205 -0.043062 -1.038753
v 0.551937 -0.027442 -1.038753
v 0.174474 -0.027442 -1.038753
v 0.709213 0.028362 -1.038753
v 2.037011 0.142474 0.822787
v 1.684251 0.213898 0.822787
v 1.491837 0.198278 0.822787
v 1.876665 0.198278 0.822787
v 1.331491 0.142474 0.822787
v 2.037011 0.028362 0.822787
v 1.684251 -0.043062 0.822787
v 1.491837 -0.027442 0.822787
v 1.876665 -0.027442 0.822787
v 1.331491 0.028362 0.822787
v -0.752600 0.139299 -1.087935
v -0.794559 0.136306 -1.087372
v -0.827777 0.130716 -1.085982
v -0.746462 0.245509 -0.839668
v -0.788262 0.223337 -0.857119
v -0.828110 0.200000 -0.870277
v -0.965882 0.154512 -0.287892
v -0.942390 0.154512 -0.245763
v -0.920110 0.154512 -0.202007
v -1.018311 0.154512 -0.964450
v -1.056172 0.154512 -0.990389
v -1.099556 0.154512 -1.017062
v -1.266238 0.154512 -0.503963
v -1.215170 0.154512 -0.492412
v -1.167225 0.154512 -0.475082
v -1.203688 0.154512 -1.065850
v -1.266606 0.154512 -1.084741
v -1.339391 0.154512 -1.097921
v -1.481552 0.154512 -0.477935
v -1.428187 0.154512 -0.495575
v -1.373787 0.154512 -0.505923
v -1.521634 0.154512 -1.100647
v -1.628368 0.154512 -1.084729
v -1.739518 0.154512 -1.052173
v -1.663394 0.154512 -0.342004
v -1.624670 0.154512 -0.384508
v -1.580817 0.154512 -0.421865
v -1.956286 0.154512 -0.922943
v -2.054346 0.154512 -0.827678
v -2.141708 0.154512 -0.718592
v -1.751107 0.154512 -0.137329
v -1.740209 0.154512 -0.191957
v -1.721767 0.154512 -0.244871
v -2.273662 0.154512 -0.479555
v -2.315325 0.154512 -0.355546
v -2.340432 0.154512 -0.229601
v -1.084368 0.154512 -0.426960
v -1.049773 0.154512 -0.397302
v -1.018937 0.154512 -0.364133
v -0.908815 0.160239 -0.892915
v -0.933620 0.156097 -0.905383
v -0.958305 0.154710 -0.921237
v -0.752600 0.139299 0.889405
v -0.794559 0.136306 0.888705
v -0.827777 0.130716 0.886979
v -0.375652 0.266802 0.645664
v -0.422998 0.279000 0.652654
v -0.470241 0.286511 0.660392
v -0.375884 0.141549 0.889505
v -0.423067 0.142218 0.889505
v -0.470250 0.142636 0.889505
v -0.746462 0.236053 0.705391
v -0.788262 0.216646 0.708127
v -0.828110 0.196048 0.705734
v -0.960699 0.154512 0.097184
v -0.938860 0.154512 0.053018
v -0.918322 0.154512 0.007063
v -1.018311 0.154512 0.767762
v -1.056172 0.154512 0.793701
v -1.099556 0.154512 0.820375
v -1.253221 0.154512 0.324981
v -1.202593 0.154512 0.311773
v -1.155277 0.154512 0.292890
v -1.203688 0.154512 0.869162
v -1.266606 0.154512 0.888054
v -1.339391 0.154512 0.901234
v -1.469180 0.154512 0.305936
v -1.415289 0.154512 0.321848
v -1.360597 0.154512 0.330432
v -1.521634 0.154512 0.903959
v -1.628368 0.154512 0.888041
v -1.739518 0.154512 0.855486
v -1.655190 0.154512 0.175811
v -1.615153 0.154512 0.217111
v -1.570153 0.154512 0.253071
v -1.956285 0.154512 0.726225
v -2.054346 0.154512 0.630743
v -2.141708 0.154512 0.521067
v -2.273662 0.154512 0.279113
v -2.315325 0.154512 0.153149
v -2.340432 0.154512 0.025621
v -1.074104 0.154512 0.242079
v -1.040545 0.154512 0.211195
v -1.010891 0.154512 0.176723
v -0.908815 0.159983 0.700992
v -0.933620 0.156035 0.710047
v -0.958305 0.154702 0.724719
v -1.749343 0.154512 -0.026501
v -1.736712 0.154512 0.027881
v -1.716599 0.154512 0.080341
v -0.807918 0.152216 -0.158164
v -0.725506 0.147545 -0.158838
v -0.658331 0.139127 -0.159743
v -0.564647 0.139087 -0.177827
v -0.491308 0.147228 -0.207459
v -0.406503 0.151146 -0.250484
v -0.264277 0.151146 -0.385795
v -0.220411 0.147228 -0.468253
v -0.191023 0.139087 -0.544023
v -0.173567 0.139107 -0.639166
v -0.172781 0.147386 -0.698006
v -0.172296 0.151681 -0.761910
v -0.178262 0.139087 0.361983
v -0.202718 0.147228 0.284754
v -0.242479 0.151146 0.195837
v -0.375884 0.141549 -1.088015
v -0.423067 0.142218 -1.088015
v -0.470249 0.142636 -1.088015
v -0.376077 0.280906 -0.678589
v -0.423124 0.294666 -0.688256
v -0.470257 0.303150 -0.706487
v -0.867655 0.282332 -0.677928
v -0.860355 0.295088 -0.631544
v -0.852805 0.303203 -0.584445
v -1.148545 0.281441 -0.871419
v -1.148295 0.294824 -0.831781
v -1.147615 0.303170 -0.791975
v -1.407125 0.281441 -0.912715
v -1.402752 0.294824 -0.869104
v -1.397571 0.303170 -0.826382
v -1.753991 0.281441 -0.814202
v -1.731846 0.294824 -0.772318
v -1.709847 0.303170 -0.731801
v -2.050621 0.281441 -0.498191
v -2.012925 0.294824 -0.474866
v -1.975894 0.303170 -0.452264
v -2.158407 0.281441 -0.102287
v -2.114944 0.294824 -0.102084
v -2.072336 0.303170 -0.101532
v -0.985863 0.281441 -0.763387
v -0.985916 0.294824 -0.722292
v -0.986061 0.303170 -0.680986
v -0.867654 0.282332 0.481243
v -0.860342 0.295088 0.434868
v -0.852759 0.303203 0.387795
v -1.148529 0.281441 0.674751
v -1.148168 0.294824 0.635243
v -1.147187 0.303170 0.595789
v -1.407106 0.281441 0.716056
v -1.402602 0.294824 0.672638
v -1.397064 0.303170 0.630440
v -1.753974 0.281441 0.617552
v -1.731714 0.294824 0.575930
v -1.709401 0.303170 0.536124
v -2.050611 0.281441 0.299565
v -2.012849 0.294824 0.276573
v -1.975636 0.303170 0.254874
v -0.985854 0.281441 0.566711
v -0.985840 0.294824 0.525694
v -0.985804 0.303170 0.484597
v -0.957906 0.306047 0.412422
v -0.929165 0.306047 0.383744
v -0.893549 0.306047 0.359128
v -2.025254 0.306047 -0.014980
v -2.008093 0.306047 0.070133
v -1.979450 0.306047 0.153843
v -1.887810 0.306047 0.312661
v -1.827069 0.306047 0.384191
v -1.759357 0.306047 0.447165
v -1.612231 0.306047 0.537991
v -1.536740 0.306047 0.565007
v -1.462124 0.306047 0.581798
v -1.321683 0.306047 0.591283
v -1.257861 0.306047 0.585921
v -1.198921 0.306047 0.574220
v -1.097242 0.306047 0.532978
v -1.054751 0.306047 0.505264
v -1.017636 0.306047 0.474868
v -0.893757 0.306047 -0.555598
v -0.929500 0.306047 -0.580055
v -0.958379 0.306047 -0.608563
v -1.979920 0.306047 -0.351020
v -2.008411 0.306047 -0.269046
v -2.025414 0.306047 -0.185350
v -1.760327 0.306047 -0.641345
v -1.827934 0.306047 -0.578441
v -1.888556 0.306047 -0.507338
v -1.463323 0.306047 -0.776559
v -1.537913 0.306047 -0.759607
v -1.613356 0.306047 -0.732433
v -1.200007 0.306047 -0.769589
v -1.259005 0.306047 -0.781149
v -1.322867 0.306047 -0.786361
v -1.018368 0.306047 -0.670712
v -1.055590 0.306047 -0.700990
v -1.098175 0.306047 -0.728592
v -0.637660 0.306047 -0.531925
v -0.707944 0.306047 -0.523681
v -0.780656 0.306047 -0.525827
v -0.518416 0.306047 -0.676165
v -0.525303 0.306047 -0.626909
v -0.543995 0.306047 -0.584439
v -0.467299 0.280372 -0.427756
v -0.503256 0.294508 -0.465610
v -0.541300 0.303130 -0.507723
v -0.766946 0.249517 -0.762904
v -0.800543 0.229534 -0.800146
v -0.834325 0.207464 -0.837135
v -0.564561 0.286564 0.676646
v -0.611361 0.279423 0.684616
v -0.657507 0.268228 0.692245
v -0.780610 0.306047 0.329620
v -0.707930 0.306047 0.330728
v -0.637658 0.306047 0.347901
v -0.387610 0.151146 0.049177
v -0.479020 0.147228 0.005401
v -0.559020 0.139087 -0.023330
v 1.828562 0.281441 -0.067151
v 1.780458 0.294824 -0.064785
v 1.732354 0.303170 -0.062419
v 1.444494 0.139299 0.883612
v 1.401716 0.136306 0.882891
v 1.367851 0.130716 0.881113
v 1.444234 0.241285 -0.048249
v 1.399638 0.215422 -0.046056
v 1.361055 0.186338 -0.044159
v 2.033252 0.154512 -0.415106
v 2.035897 0.154512 -0.322370
v 2.036872 0.154512 -0.212474
v 1.977729 0.154512 -0.733758
v 2.003527 0.154512 -0.658356
v 2.019185 0.154512 -0.579637
v 1.441862 0.241285 -0.323978
v 1.398087 0.215422 -0.311163
v 1.360214 0.186338 -0.300075
v 0.598373 0.139299 -1.087707
v 0.640332 0.136306 -1.087127
v 0.673550 0.130716 -1.085695
v 1.417321 0.241285 -0.456729
v 1.379930 0.215422 -0.432412
v 1.347580 0.186338 -0.411373
v 1.205619 0.154512 -0.444724
v 1.184990 0.154512 -0.442040
v 1.158057 0.154512 -0.435959
v 1.074911 0.154512 -0.408822
v 1.020603 0.154512 -0.386718
v 0.963803 0.154512 -0.359115
v 1.125282 0.241285 -0.520477
v 1.123947 0.215422 -0.482799
v 1.122791 0.186338 -0.450201
v 1.331487 0.154512 -0.145806
v 1.331454 0.154512 -0.214073
v 1.331366 0.154512 -0.258875
v 0.128344 0.238989 -0.701925
v 0.084737 0.212571 -0.733548
v 0.046757 0.184042 -0.775331
v 0.713502 0.240892 -0.281946
v 0.732330 0.215304 -0.229400
v 0.739626 0.186324 -0.187513
v 1.828562 0.141549 0.883715
v 1.780458 0.142218 0.883715
v 1.732354 0.142636 0.883715
v 1.436997 0.154512 -1.056613
v 1.508644 0.154512 -1.050380
v 1.584149 0.154512 -1.036851
v 0.909333 0.241285 -0.424422
v 0.909333 0.215422 -0.385578
v 0.909333 0.186338 -0.351971
v 0.777284 0.160239 -0.896857
v 0.819353 0.156097 -0.915317
v 0.863366 0.154710 -0.936241
v 0.860910 0.154512 -0.288417
v 0.817851 0.154512 -0.246799
v 0.778366 0.154512 -0.202638
v 0.966127 0.154512 -0.982530
v 1.024338 0.154512 -1.005287
v 1.084016 0.154512 -1.025483
v 1.198624 0.154512 -1.051645
v 1.253577 0.154512 -1.057117
v 1.310049 0.154512 -1.059044
v 1.245240 0.241285 -0.540381
v 1.236388 0.215422 -0.502758
v 1.228729 0.186338 -0.470208
v 1.338848 0.241285 -0.522748
v 1.316856 0.215422 -0.488535
v 1.297829 0.186338 -0.458935
v 1.269487 0.154512 -0.440325
v 1.254715 0.154512 -0.443091
v 1.239114 0.154512 -0.444692
v 1.330813 0.154512 -0.321469
v 1.329700 0.154512 -0.349478
v 1.327233 0.154512 -0.374456
v 1.740797 0.154512 -0.976176
v 1.816063 0.154512 -0.927907
v 1.883435 0.154512 -0.870091
v 1.315920 0.154512 -0.411072
v 1.306804 0.154512 -0.422530
v 1.295797 0.154512 -0.430601
v 0.018387 0.139107 -0.626786
v 0.017998 0.147386 -0.687632
v 0.017772 0.151681 -0.753957
v 0.397484 0.139087 -0.176148
v 0.325806 0.147228 -0.204829
v 0.243259 0.151146 -0.246457
v 0.105454 0.151146 -0.377697
v 0.063171 0.147228 -0.457857
v 0.034870 0.139087 -0.531666
v 1.819484 0.281441 -0.434789
v 1.772006 0.294824 -0.420706
v 1.724692 0.303170 -0.406787
v 1.741585 0.281441 -0.668387
v 1.699824 0.294824 -0.640685
v 1.658966 0.303170 -0.613912
v 1.136758 0.281441 -0.846879
v 1.135340 0.294824 -0.805047
v 1.133907 0.303170 -0.763966
v 0.725607 0.282332 -0.675165
v 0.718218 0.295088 -0.628721
v 0.710530 0.303203 -0.581738
v 0.909548 0.281441 -0.760720
v 0.909397 0.294824 -0.717738
v 0.909341 0.303170 -0.675440
v 1.322175 0.281441 -0.866150
v 1.312172 0.294824 -0.824486
v 1.302456 0.303170 -0.783505
v 1.530989 0.281441 -0.820577
v 1.505427 0.294824 -0.781574
v 1.481027 0.303170 -0.743896
v 1.681386 0.306047 -0.336068
v 1.683402 0.306047 -0.267948
v 1.684145 0.306047 -0.179106
v 1.331224 0.306047 -0.739608
v 1.371470 0.306047 -0.733130
v 1.413504 0.306047 -0.722524
v 0.963968 0.306047 -0.660667
v 1.021923 0.306047 -0.685405
v 1.079367 0.306047 -0.706627
v 0.762344 0.306047 -0.553356
v 0.813103 0.306047 -0.577659
v 0.860317 0.306047 -0.605124
v 1.178460 0.306047 -0.734558
v 1.218827 0.306047 -0.741033
v 1.256119 0.306047 -0.743523
v 1.502033 0.306047 -0.685479
v 1.545686 0.306047 -0.658332
v 1.585437 0.306047 -0.625640
v 1.643063 0.306047 -0.544535
v 1.659913 0.306047 -0.497171
v 1.670812 0.306047 -0.446360
v 0.221657 0.141549 -1.087790
v 0.268840 0.142218 -1.087790
v 0.316023 0.142636 -1.087790
v 0.503280 0.282332 -0.796754
v 0.457134 0.295088 -0.775215
v 0.410334 0.303203 -0.753191
v 0.483518 0.306047 -0.529655
v 0.555053 0.306047 -0.521076
v 0.631264 0.306047 -0.523184
v 0.364188 0.306047 -0.677842
v 0.371069 0.306047 -0.627671
v 0.389746 0.306047 -0.584000
v 0.248387 0.236692 -0.370011
v 0.219171 0.209720 -0.347505
v 0.189997 0.181745 -0.324200
v 0.541861 0.283223 -0.680069
v 0.504099 0.295352 -0.637819
v 0.465353 0.303236 -0.594407
v 0.504754 0.155653 0.873975
v 0.457571 0.157884 0.873071
v 0.410389 0.159275 0.872738
v 0.127783 0.241285 0.672956
v 0.084040 0.215422 0.681654
v 0.046196 0.186338 0.690153
v -0.517432 0.233487 0.804183
v -0.517432 0.254213 0.770428
v -0.517432 0.273575 0.726173
v -0.863578 0.145241 0.804817
v -0.864545 0.149402 0.775503
v -0.867186 0.156286 0.742750
v 0.128038 0.148777 0.878451
v 0.086079 0.143181 0.881475
v 0.052861 0.135348 0.883979
v 0.504754 0.281441 0.650357
v 0.457571 0.294824 0.650466
v 0.410389 0.303170 0.651346
v -0.171761 0.140068 0.851341
v -0.174119 0.136534 0.867496
v -0.179933 0.130744 0.878722
v 1.331491 0.153576 0.434667
v 1.331492 0.154235 0.267659
v 1.331491 0.154477 0.100872
v 2.036668 0.140068 0.844405
v 2.034264 0.136534 0.861045
v 2.028336 0.130744 0.872607
v 1.684251 0.197100 0.844483
v 1.684251 0.181364 0.861669
v 1.684251 0.164116 0.874646
v 0.017198 0.153175 0.811836
v 0.017198 0.154116 0.777748
v 0.017198 0.154462 0.738964
v 0.708877 0.148224 0.859874
v 0.706519 0.143017 0.873448
v 0.700705 0.135327 0.881551
v 0.363206 0.259430 0.804001
v 0.363206 0.230167 0.829972
v 0.363206 0.196209 0.853802
v 0.017534 0.140068 -1.056152
v 0.019892 0.136534 -1.069544
v 0.025706 0.130744 -1.078850
v 0.709445 0.153775 -0.931697
v 0.711067 0.155819 -0.915760
v 0.715540 0.160204 -0.900773
v 0.363205 0.197100 -1.056214
v 0.363205 0.181364 -1.070046
v 0.363205 0.164116 -1.080491
v -0.171761 0.140068 -1.057299
v -0.174119 0.136534 -1.070302
v -0.179933 0.130744 -1.079336
v -0.863578 0.153775 -0.936024
v -0.864546 0.155819 -0.920024
v -0.867186 0.160204 -0.904413
v -0.517432 0.197100 -1.057360
v -0.517432 0.181364 -1.070789
v -0.517432 0.164116 -1.080929
v 0.025706 0.135327 0.881551
v 0.019892 0.143017 0.873448
v 0.017535 0.148224 0.859874
v 0.709213 0.154462 0.724453
v 0.709213 0.154116 0.773449
v 0.709213 0.153175 0.811299
v 0.363206 0.305668 0.697844
v 0.363206 0.303016 0.730317
v 0.363206 0.295817 0.755469
v 0.504754 0.261292 0.783827
v 0.457571 0.272445 0.780211
v 0.410389 0.279400 0.778878
v 0.127783 0.227764 0.801909
v 0.084040 0.205755 0.815233
v 0.046196 0.180279 0.828556
v -0.858477 0.240642 -0.285366
v -0.879346 0.214957 -0.233454
v -0.889198 0.186038 -0.191660
v -1.131439 0.241285 -0.548807
v -1.128254 0.215422 -0.510901
v -1.125499 0.186338 -0.478107
v -1.343749 0.241285 -0.595512
v -1.334135 0.215422 -0.561186
v -1.325818 0.186338 -0.531488
v -1.582166 0.241285 -0.527651
v -1.562633 0.215422 -0.498222
v -1.545734 0.186338 -0.472760
v -1.772831 0.241285 -0.337275
v -1.742456 0.215422 -0.320624
v -1.716175 0.186338 -0.306218
v -1.841218 0.241285 -0.088410
v -1.806800 0.215422 -0.085827
v -1.777023 0.186338 -0.083591
v -0.989487 0.241285 -0.427589
v -0.990162 0.215422 -0.388030
v -0.990745 0.186338 -0.353806
v -0.865092 0.240892 0.086048
v -0.887876 0.215304 0.033041
v -0.896905 0.186324 -0.009214
v -1.123841 0.241285 0.361018
v -1.119244 0.215422 0.324766
v -1.115267 0.186338 0.293402
v -1.334747 0.241285 0.412046
v -1.323461 0.215422 0.380177
v -1.313696 0.186338 0.352605
v -1.574258 0.241285 0.348890
v -1.553257 0.215422 0.322791
v -1.535086 0.186338 0.300210
v -0.658998 0.139127 -0.039406
v -0.727247 0.147545 -0.039423
v -0.809231 0.152216 -0.039489
v -0.170278 0.150745 0.599832
v -0.168992 0.147109 0.526145
v -0.167083 0.139072 0.460172
v -0.397092 0.236692 0.199838
v -0.364368 0.209720 0.169054
v -0.331412 0.181745 0.138335
v -0.984928 0.241285 0.236191
v -0.984756 0.215422 0.197615
v -0.984607 0.186338 0.164241
v -1.768241 0.241285 0.161358
v -1.737012 0.215422 0.148935
v -1.709993 0.186338 0.138187
v 0.386952 0.303130 -0.506655
v 0.348722 0.294508 -0.464875
v 0.312359 0.280372 -0.427056
v 1.636147 0.142636 0.883715
v 1.588044 0.142218 0.883715
v 1.539940 0.141549 0.883715
v 1.636147 0.303170 -0.057688
v 1.588044 0.294824 -0.055322
v 1.539940 0.281441 -0.052956
v 1.630243 0.303170 -0.379127
v 1.583025 0.294824 -0.365304
v 1.535807 0.281441 -0.351481
v 1.578228 0.303170 -0.561375
v 1.537896 0.294824 -0.535145
v 1.497564 0.281441 -0.508916
v 1.131028 0.303170 -0.682620
v 1.129588 0.294824 -0.641979
v 1.128147 0.281441 -0.601337
v 0.694884 0.303150 -0.487193
v 0.687417 0.294666 -0.439938
v 0.681404 0.280946 -0.392444
v 0.909333 0.303170 -0.591584
v 0.909333 0.294824 -0.549684
v 0.909333 0.281441 -0.507785
v 1.283335 0.303170 -0.702285
v 1.273786 0.294824 -0.661703
v 1.264238 0.281441 -0.621121
v 1.433487 0.303170 -0.669978
v 1.409765 0.294824 -0.633074
v 1.386044 0.281441 -0.596171
v 1.470793 0.263448 -0.451765
v 1.479797 0.263448 -0.416611
v 1.485358 0.263448 -0.378237
v 1.389541 0.263448 -0.546454
v 1.415387 0.263448 -0.529713
v 1.438428 0.263448 -0.508603
v 1.167331 0.263448 -0.571685
v 1.200371 0.263448 -0.577946
v 1.228574 0.263448 -0.580542
v 0.755614 0.263164 -0.367213
v 0.811173 0.263369 -0.398692
v 0.860076 0.263438 -0.432563
v 0.963878 0.263448 -0.496184
v 1.021203 0.263448 -0.522485
v 1.076937 0.263448 -0.544188
v 1.280982 0.263448 -0.578745
v 1.307786 0.263448 -0.574927
v 1.334949 0.263448 -0.568598
v 1.490466 0.263448 -0.293963
v 1.491431 0.263448 -0.238562
v 1.491786 0.263448 -0.160942
v 1.491837 0.186284 0.844483
v 1.491837 0.174353 0.861669
v 1.491837 0.159978 0.874646
v 2.007447 0.186338 -0.075948
v 1.968864 0.215422 -0.074051
v 1.924268 0.241285 -0.071858
v 2.000651 0.130716 0.881113
v 1.966785 0.136306 0.882891
v 1.924008 0.139299 0.883612
v 1.998290 0.186338 -0.489407
v 1.959460 0.215422 -0.477363
v 1.914728 0.241285 -0.463590
v 1.909242 0.186338 -0.784138
v 1.871629 0.215422 -0.757675
v 1.828973 0.241285 -0.727934
v 1.141847 0.186338 -1.012743
v 1.140771 0.215422 -0.975758
v 1.139516 0.241285 -0.933693
v 0.737191 0.200000 -0.843348
v 0.740748 0.223337 -0.806392
v 0.738417 0.245509 -0.765087
v 0.911422 0.186338 -0.929923
v 0.910864 0.215422 -0.892328
v 0.910306 0.241285 -0.849495
v 1.363307 0.186338 -1.030452
v 1.353973 0.215422 -0.993914
v 1.343446 0.241285 -0.952303
v 1.641965 0.186338 -0.983787
v 1.616158 0.215422 -0.946450
v 1.587386 0.241285 -0.904500
v 1.876665 0.186284 0.844483
v 1.876665 0.174353 0.861669
v 1.876665 0.159978 0.874646
v 1.872676 0.263448 -0.378542
v 1.875483 0.263448 -0.297444
v 1.876518 0.263448 -0.197283
v 1.384199 0.263448 -0.904889
v 1.439238 0.263448 -0.896775
v 1.497384 0.263448 -0.882877
v 0.964457 0.263448 -0.829212
v 1.022862 0.263448 -0.852564
v 1.081836 0.263448 -0.873276
v 0.775152 0.264339 -0.737525
v 0.817227 0.263712 -0.757791
v 0.861286 0.263481 -0.780544
v 1.189541 0.263448 -0.901127
v 1.237467 0.263448 -0.907538
v 1.284350 0.263448 -0.909849
v 1.621032 0.263448 -0.831667
v 1.682284 0.263448 -0.793705
v 1.738142 0.263448 -0.748654
v 1.819101 0.263448 -0.641135
v 1.842710 0.263448 -0.580429
v 1.857940 0.263448 -0.516159
v 0.410388 0.142636 -1.087790
v 0.457571 0.142218 -1.087790
v 0.504754 0.141549 -1.087790
v 0.675686 0.200000 -0.866854
v 0.634512 0.223337 -0.853938
v 0.592294 0.245509 -0.837143
v 0.551937 0.186284 -1.056214
v 0.551937 0.174353 -1.070046
v 0.551937 0.159978 -1.080491
v 0.316027 0.303150 -0.709283
v 0.268878 0.294666 -0.691652
v 0.221787 0.280906 -0.682040
v 0.052861 0.130716 -1.085695
v 0.086079 0.136306 -1.087126
v 0.128037 0.139299 -1.087707
v 0.174474 0.186284 -1.056214
v 0.174474 0.174353 -1.070046
v 0.174474 0.159978 -1.080491
v 0.682654 0.207464 -0.833541
v 0.647055 0.229534 -0.796149
v 0.612812 0.249517 -0.759026
v 0.546066 0.267309 -0.787054
v 0.547786 0.268464 -0.759512
v 0.558135 0.268167 -0.737398
v 0.688065 0.267309 -0.708946
v 0.645069 0.268464 -0.704371
v 0.607648 0.268167 -0.708856
v 0.365975 0.260627 -0.354102
v 0.471944 0.260518 -0.333077
v 0.583082 0.261382 -0.330272
v 0.176755 0.261132 -0.607721
v 0.188925 0.260439 -0.529429
v 0.220702 0.260617 -0.455902
v 0.316023 0.303170 0.654215
v 0.268840 0.294824 0.656460
v 0.221657 0.281441 0.659988
v 0.316023 0.159275 0.872738
v 0.268840 0.157884 0.873071
v 0.221657 0.155653 0.873975
v 0.316023 0.279400 0.778878
v 0.268840 0.272445 0.780211
v 0.221657 0.261292 0.783827
v 0.174474 0.230365 0.815183
v 0.174474 0.208868 0.838728
v 0.174474 0.182675 0.859560
v 0.174474 0.263180 0.707691
v 0.174474 0.261305 0.740285
v 0.174474 0.256213 0.766802
v 0.673550 0.135348 0.883979
v 0.640332 0.143181 0.881475
v 0.598374 0.148777 0.878451
v 0.680215 0.186338 0.659971
v 0.642371 0.215422 0.656730
v 0.598628 0.241285 0.653643
v 0.680215 0.180279 0.828556
v 0.642371 0.205755 0.815232
v 0.598628 0.227764 0.801909
v 0.551937 0.263180 0.701768
v 0.551937 0.261305 0.738530
v 0.551937 0.256213 0.766583
v 0.551937 0.230365 0.815183
v 0.551937 0.208868 0.838728
v 0.551937 0.182675 0.859560
v -0.837787 0.303150 -0.489354
v -0.830880 0.294666 -0.441748
v -0.825715 0.280946 -0.393892
v -1.144179 0.303170 -0.711549
v -1.141424 0.294824 -0.670928
v -1.138239 0.281441 -0.630140
v -1.383301 0.303170 -0.745227
v -1.374211 0.294824 -0.706796
v -1.364313 0.281441 -0.669252
v -1.666549 0.303170 -0.657375
v -1.645250 0.294824 -0.623466
v -1.624096 0.281441 -0.590924
v -1.905046 0.303170 -0.410557
v -1.871228 0.294824 -0.391451
v -1.838076 0.281441 -0.373069
v -1.991251 0.303170 -0.098745
v -1.952774 0.294824 -0.096510
v -1.915151 0.281441 -0.093926
v -0.986788 0.303170 -0.597346
v -0.987372 0.294824 -0.555012
v -0.988047 0.281441 -0.512466
v -0.837567 0.303150 0.292835
v -0.830455 0.294666 0.245301
v -0.824969 0.280946 0.197470
v -1.142228 0.303170 0.517146
v -1.138251 0.294824 0.477957
v -1.133654 0.281441 0.438822
v -1.380989 0.303170 0.551935
v -1.370453 0.294824 0.515629
v -1.358882 0.281441 0.480542
v -1.664518 0.303170 0.465291
v -1.641948 0.294824 0.434263
v -1.619325 0.281441 0.405052
v -0.985618 0.303170 0.402017
v -0.985469 0.294824 0.360533
v -0.985296 0.281441 0.318970
v -1.903867 0.303170 0.217727
v -1.869312 0.294824 0.202280
v -1.835306 0.281441 0.188125
v -1.759851 0.263448 0.234401
v -1.710702 0.263448 0.289043
v -1.655765 0.263448 0.337005
v -0.958700 0.263438 0.240797
v -0.929188 0.263369 0.204971
v -0.889406 0.263164 0.172419
v -1.873736 0.263448 -0.159347
v -1.860164 0.263448 -0.226522
v -1.837312 0.263448 -0.291990
v -1.018652 0.263448 -0.504135
v -1.052682 0.263448 -0.536063
v -1.091271 0.263448 -0.564730
v -1.183595 0.263448 -0.608860
v -1.236925 0.263448 -0.622906
v -1.294004 0.263448 -0.630853
v -1.416062 0.263448 -0.626240
v -1.479036 0.263448 -0.612504
v -1.541748 0.263448 -0.590321
v -1.661581 0.263448 -0.518491
v -1.715894 0.263448 -0.469866
v -1.764327 0.263448 -0.414837
v -1.872774 0.263448 -0.022733
v -1.858256 0.263448 0.045027
v -1.834493 0.263448 0.111136
v -0.890744 0.263164 -0.367961
v -0.931217 0.263369 -0.399450
v -0.961540 0.263438 -0.434216
v -1.085673 0.263448 0.374483
v -1.047648 0.263448 0.345147
v -1.014264 0.263448 0.312509
v -1.286904 0.263448 0.443823
v -1.230065 0.263448 0.434972
v -1.177078 0.263448 0.420080
v -1.535000 0.263448 0.407100
v -1.472000 0.263448 0.428341
v -1.408868 0.263448 0.441114
v -0.199425 0.179800 0.653559
v -0.237028 0.205804 0.639890
v -0.281012 0.229524 0.636302
v -0.207088 0.130716 0.886979
v -0.240306 0.136306 0.888705
v -0.282264 0.139299 0.889405
v -0.328692 0.212112 0.803734
v -0.328632 0.226632 0.766840
v -0.328469 0.239949 0.714063
v -0.541234 0.303130 0.344644
v -0.502730 0.294508 0.304855
v -0.465523 0.280372 0.266929
v -0.734219 0.261382 0.134955
v -0.625079 0.260518 0.141023
v -0.518605 0.260627 0.171636
v -0.564615 0.142636 0.889505
v -0.611798 0.142218 0.889505
v -0.658981 0.141549 0.889505
v -0.349601 0.181745 -0.328903
v -0.377309 0.209720 -0.350840
v -0.405153 0.236692 -0.372063
v -0.201253 0.184042 -0.779111
v -0.239298 0.212571 -0.734905
v -0.282840 0.238989 -0.700963
v -0.522074 0.260627 -0.355607
v -0.627380 0.260518 -0.334652
v -0.735619 0.261382 -0.331702
v -0.375851 0.260617 -0.456215
v -0.343693 0.260439 -0.528612
v -0.331276 0.261132 -0.605672
v -0.207088 0.130716 -1.085982
v -0.240306 0.136306 -1.087371
v -0.282264 0.139299 -1.087935
v -0.328701 0.186284 -1.057360
v -0.328701 0.174353 -1.070789
v -0.328701 0.159978 -1.080929
v -0.564615 0.142636 -1.088015
v -0.611798 0.142218 -1.088015
v -0.658981 0.141549 -1.088015
v -0.564561 0.303203 -0.752185
v -0.611361 0.295088 -0.775122
v -0.657507 0.282332 -0.797561
v -0.706164 0.186284 -1.057360
v -0.706164 0.174353 -1.070789
v -0.706164 0.159978 -1.080929
v -0.880769 0.200000 -0.844652
v -0.883011 0.223337 -0.807858
v -0.880317 0.245509 -0.767049
v -1.148581 0.186338 -1.018472
v -1.148581 0.215422 -0.986757
v -1.148581 0.241285 -0.950101
v -1.421698 0.186338 -1.076745
v -1.418569 0.215422 -1.041350
v -1.414953 0.241285 -1.000439
v -1.836644 0.186338 -0.972810
v -1.818814 0.215422 -0.938576
v -1.798206 0.241285 -0.899007
v -2.192188 0.186338 -0.586439
v -2.161642 0.215422 -0.567392
v -2.126336 0.241285 -0.545376
v -2.321816 0.186338 -0.102316
v -2.286556 0.215422 -0.102316
v -2.245800 0.241285 -0.102316
v -0.985856 0.186338 -0.915763
v -0.985856 0.215422 -0.882902
v -0.985856 0.241285 -0.844919
v -0.880769 0.199743 0.652403
v -0.883011 0.223275 0.612404
v -0.880317 0.245501 0.570516
v -1.148581 0.186338 0.821784
v -1.148581 0.215422 0.790070
v -1.148581 0.241285 0.753414
v -1.421698 0.186338 0.880058
v -1.418569 0.215422 0.844663
v -1.414953 0.241285 0.803752
v -1.836644 0.186338 0.776123
v -1.818814 0.215422 0.741889
v -1.798206 0.241285 0.702320
v -2.192188 0.186338 0.387765
v -2.161642 0.215422 0.368718
v -2.126336 0.241285 0.346703
v -0.985856 0.186338 0.719076
v -0.985856 0.215422 0.686214
v -0.985856 0.241285 0.648231
v -0.543995 0.305782 0.444910
v -0.525303 0.303925 0.518758
v -0.518416 0.298886 0.596691
v -0.371925 0.260429 0.322521
v -0.340708 0.258938 0.431118
v -0.329359 0.256067 0.541783
v -2.195186 0.263448 -0.209677
v -2.173863 0.263448 -0.315752
v -2.138345 0.263448 -0.420000
v -0.958170 0.263481 0.582756
v -0.932538 0.263712 0.560688
v -0.905727 0.264339 0.541844
v -2.025225 0.263448 0.422723
v -1.950263 0.263448 0.514660
v -1.866382 0.263448 0.595089
v -1.682456 0.263448 0.706855
v -1.588225 0.263448 0.737173
v -1.496706 0.263448 0.753947
v -1.333905 0.263448 0.758143
v -1.264981 0.263448 0.749307
v -1.203484 0.263448 0.734410
v -1.099556 0.263448 0.689916
v -1.056172 0.263448 0.662878
v -1.018311 0.263448 0.634894
v -0.905727 0.264339 -0.738532
v -0.932538 0.263712 -0.757375
v -0.958170 0.263481 -0.779443
v -2.195186 0.263448 0.005697
v -2.173863 0.263448 0.113355
v -2.138345 0.263448 0.219557
v -1.866383 0.263448 -0.791807
v -1.950263 0.263448 -0.711596
v -2.025225 0.263448 -0.620248
v -1.496706 0.263448 -0.950634
v -1.588225 0.263448 -0.933861
v -1.682456 0.263448 -0.903542
v -1.203484 0.263448 -0.931097
v -1.264981 0.263448 -0.945994
v -1.333905 0.263448 -0.954830
v -1.018311 0.263448 -0.831581
v -1.056172 0.263448 -0.859565
v -1.099556 0.263448 -0.886604
v -0.706109 0.212165 0.804665
v -0.705727 0.227054 0.774285
v -0.704690 0.241374 0.739191
v -0.696089 0.283223 0.505594
v -0.658332 0.295352 0.466375
v -0.619603 0.303236 0.426127
v -0.834325 0.206827 0.652730
v -0.800543 0.229334 0.615111
v -0.766946 0.249492 0.579309
v -0.619603 0.303236 -0.596463
v -0.658332 0.295352 -0.640372
v -0.696089 0.283223 -0.683104
v -0.700293 0.267309 -0.788870
v -0.702014 0.268464 -0.761783
v -0.712362 0.268167 -0.740298
v -0.761684 0.268167 -0.712697
v -0.797762 0.268464 -0.708218
v -0.837116 0.267309 -0.712374
v -0.837116 0.267309 0.515935
v -0.797762 0.268464 0.513518
v -0.761684 0.268167 0.522716
v -0.712362 0.267980 0.573846
v -0.702014 0.266964 0.612241
v -0.700293 0.262245 0.655629
v 0.646608 0.152216 -0.157768
v 0.561070 0.147545 -0.158232
v 0.491581 0.139127 -0.158853
v 0.087646 0.148777 0.212970
v 0.053957 0.143181 0.269996
v 0.029896 0.135348 0.321982
v 0.503011 0.155653 -0.002980
v 0.453819 0.157884 0.004414
v 0.402743 0.159275 0.015349
v 0.292398 0.159275 0.051364
v 0.235169 0.157884 0.078694
v 0.180136 0.155653 0.114067
v 0.675876 0.135283 0.000237
v 0.640884 0.143181 -0.007748
v 0.598104 0.148777 -0.009980
v 0.708959 0.148224 0.215830
v 0.707175 0.143017 0.128126
v 0.703044 0.135263 0.056156
v 0.551867 0.256213 0.411616
v 0.551916 0.261305 0.502504
v 0.551935 0.263180 0.583941
v 0.362007 0.295817 0.430394
v 0.362850 0.303016 0.515466
v 0.363161 0.305668 0.590978
v 0.170732 0.256213 0.476032
v 0.173365 0.261305 0.546677
v 0.174336 0.263180 0.610959
v 0.016280 0.153175 0.564032
v 0.016926 0.154116 0.609133
v 0.017164 0.154462 0.653632
v 0.709213 0.154462 0.587516
v 0.709213 0.154116 0.501567
v 0.709213 0.153176 0.408452
v 0.551256 0.182675 0.052103
v 0.551438 0.208868 0.130062
v 0.551620 0.230365 0.220030
v 0.351572 0.196209 0.088178
v 0.354680 0.230167 0.162971
v 0.357789 0.259430 0.248958
v 0.138163 0.182675 0.203527
v 0.147864 0.208868 0.261940
v 0.157566 0.230365 0.329729
v 0.013651 0.135327 0.388555
v 0.012352 0.143017 0.429803
v 0.013260 0.148224 0.473750
v 0.119723 0.227764 0.431589
v 0.077764 0.205755 0.463556
v 0.042079 0.180279 0.494057
v 0.311298 0.279400 0.349908
v 0.262106 0.272445 0.362639
v 0.213353 0.261292 0.379685
v 0.504406 0.261292 0.319677
v 0.456821 0.272445 0.325007
v 0.408859 0.279400 0.331804
v 0.680213 0.180279 0.311818
v 0.642350 0.205755 0.312266
v 0.598558 0.227764 0.313481
v 1.331491 0.145033 0.794626
v 1.331491 0.147741 0.751417
v 1.331491 0.150270 0.682922
v 2.037011 0.154477 0.086233
v 2.037011 0.154235 0.263322
v 2.037011 0.153576 0.434125
v 1.684251 0.305782 0.093553
v 1.684251 0.303925 0.265490
v 1.684251 0.298886 0.434396
v 1.491837 0.263261 0.097545
v 1.491837 0.261948 0.266673
v 1.491837 0.258384 0.434544
v 1.876665 0.263261 0.089560
v 1.876665 0.261948 0.264307
v 1.876665 0.258384 0.434248
v 1.444234 0.231820 0.578906
v 1.399638 0.208655 0.578906
v 1.361055 0.182097 0.578906
v 1.636147 0.286531 0.578906
v 1.588044 0.279159 0.578906
v 1.539940 0.267337 0.578906
v 1.828562 0.267337 0.578906
v 1.780458 0.279159 0.578906
v 1.732354 0.286531 0.578906
v 2.007447 0.182097 0.578906
v 1.968864 0.208655 0.578906
v 1.924268 0.231820 0.578906
v 0.017328 0.153943 -0.861374
v 0.017236 0.154076 -0.895484
v 0.017202 0.153557 -0.921915
v 0.709213 0.145033 -1.017770
v 0.709213 0.147741 -0.994768
v 0.709213 0.150270 -0.971601
v 0.363205 0.305782 -0.783695
v 0.363205 0.303925 -0.834404
v 0.363205 0.298886 -0.881664
v 0.550462 0.264152 -0.848426
v 0.551500 0.262212 -0.878960
v 0.551882 0.258417 -0.908977
v 0.174605 0.262726 -0.754698
v 0.174513 0.261789 -0.817354
v 0.174479 0.258364 -0.872284
v 0.316023 0.286531 -0.920685
v 0.268840 0.279159 -0.918171
v 0.221657 0.267337 -0.917431
v 0.127782 0.231820 -0.924420
v 0.084040 0.208655 -0.931483
v 0.046195 0.182097 -0.938990
v 0.598628 0.231820 -0.941801
v 0.642371 0.208655 -0.945092
v 0.680215 0.182097 -0.947939
v 0.504754 0.267337 -0.934738
v 0.457571 0.279159 -0.931188
v 0.410388 0.286531 -0.927638
v -0.171618 0.153943 -0.865940
v -0.171482 0.154076 -0.899507
v -0.171432 0.153557 -0.925773
v -0.863440 0.145033 -1.020032
v -0.863440 0.147741 -0.997678
v -0.863440 0.150270 -0.975123
v -0.517432 0.305782 -0.782433
v -0.517432 0.303925 -0.834394
v -0.517432 0.298886 -0.883042
v -0.328894 0.262726 -0.752545
v -0.328758 0.261789 -0.816567
v -0.328708 0.258364 -0.873127
v -0.704689 0.264152 -0.850394
v -0.705727 0.262212 -0.881444
v -0.706109 0.258417 -0.911984
v -0.375884 0.267337 -0.919476
v -0.423067 0.279159 -0.920260
v -0.470249 0.286531 -0.922927
v -0.200422 0.182097 -0.942341
v -0.238267 0.208655 -0.934379
v -0.282009 0.231820 -0.926888
v -0.752855 0.231820 -0.945322
v -0.796598 0.208655 -0.948812
v -0.834442 0.182097 -0.951832
v -0.564615 0.286531 -0.930300
v -0.611798 0.279159 -0.934066
v -0.658981 0.267337 -0.937831
v -0.752600 0.031537 -1.087935
v -0.794559 0.034530 -1.087371
v -0.827777 0.040120 -1.085982
v -0.746462 -0.074673 -0.839667
v -0.788262 -0.052501 -0.857119
v -0.828110 -0.029164 -0.870277
v -0.965882 0.016324 -0.287892
v -0.942390 0.016324 -0.245763
v -0.920110 0.016324 -0.202007
v -1.018311 0.016324 -0.964450
v -1.056172 0.016324 -0.990389
v -1.099556 0.016324 -1.017062
v -1.266238 0.016324 -0.503963
v -1.215170 0.016324 -0.492412
v -1.167225 0.016324 -0.475082
v -1.203688 0.016324 -1.065850
v -1.266606 0.016324 -1.084741
v -1.339391 0.016324 -1.097921
v -1.481552 0.016324 -0.477935
v -1.428187 0.016324 -0.495575
v -1.373787 0.016324 -0.505923
v -1.521634 0.016324 -1.100647
v -1.628368 0.016324 -1.084729
v -1.739518 0.016324 -1.052173
v -1.663394 0.016324 -0.342004
v -1.624670 0.016324 -0.384508
v -1.580817 0.016324 -0.421865
v -1.956285 0.016324 -0.922943
v -2.054346 0.016324 -0.827678
v -2.141708 0.016324 -0.718592
v -1.751107 0.016324 -0.137329
v -1.740209 0.016324 -0.191957
v -1.721767 0.016324 -0.244871
v -2.273662 0.016324 -0.479555
v -2.315325 0.016324 -0.355546
v -2.340432 0.016324 -0.229601
v -1.084368 0.016324 -0.426960
v -1.049773 0.016324 -0.397302
v -1.018937 0.016324 -0.364133
v -0.908815 0.010597 -0.892915
v -0.933620 0.014739 -0.905383
v -0.958305 0.016126 -0.921237
v -0.752600 0.031537 0.889405
v -0.794559 0.034530 0.888705
v -0.827777 0.040120 0.886979
v -0.375651 -0.095966 0.645664
v -0.422998 -0.108165 0.652654
v -0.470241 -0.115675 0.660392
v -0.375884 0.029287 0.889505
v -0.423067 0.028618 0.889505
v -0.470249 0.028200 0.889505
v -0.746462 -0.065217 0.705391
v -0.788262 -0.045811 0.708127
v -0.828110 -0.025212 0.705734
v -0.960699 0.016324 0.097184
v -0.938860 0.016324 0.053018
v -0.918322 0.016324 0.007063
v -1.018311 0.016324 0.767762
v -1.056172 0.016324 0.793701
v -1.099556 0.016324 0.820375
v -1.253221 0.016324 0.324981
v -1.202593 0.016324 0.311773
v -1.155277 0.016324 0.292890
v -1.203688 0.016324 0.869162
v -1.266606 0.016324 0.888054
v -1.339391 0.016324 0.901234
v -1.469180 0.016324 0.305936
v -1.415289 0.016324 0.321848
v -1.360597 0.016324 0.330432
v -1.521634 0.016324 0.903959
v -1.628368 0.016324 0.888041
v -1.739518 0.016324 0.855486
v -1.655190 0.016324 0.175811
v -1.615153 0.016324 0.217111
v -1.570153 0.016324 0.253071
v -1.956286 0.016324 0.726225
v -2.054346 0.016324 0.630743
v -2.141708 0.016324 0.521067
v -2.273662 0.016324 0.279113
v -2.315325 0.016324 0.153149
v -2.340432 0.016324 0.025621
v -1.074104 0.016324 0.242079
v -1.040545 0.016324 0.211195
v -1.010891 0.016324 0.176723
v -0.908815 0.010853 0.700992
v -0.933620 0.014801 0.710047
v -0.958305 0.016134 0.724719
v -1.749343 0.016324 -0.026501
v -1.736712 0.016324 0.027881
v -1.716599 0.016324 0.080341
v -0.807918 0.018620 -0.158164
v -0.725506 0.023291 -0.158838
v -0.658331 0.031709 -0.159743
v -0.564647 0.031749 -0.177827
v -0.491308 0.023608 -0.207459
v -0.406503 0.019690 -0.250484
v -0.264277 0.019690 -0.385795
v -0.220411 0.023608 -0.468253
v -0.191023 0.031749 -0.544023
v -0.173567 0.031729 -0.639166
v -0.172781 0.023450 -0.698006
v -0.172296 0.019155 -0.761910
v -0.178262 0.031749 0.361983
v -0.202718 0.023608 0.284754
v -0.242479 0.019690 0.195837
v -0.375884 0.029287 -1.088015
v -0.423067 0.028618 -1.088015
v -0.470250 0.028200 -1.088015
v -0.376077 -0.110070 -0.678589
v -0.423124 -0.123830 -0.688256
v -0.470257 -0.132314 -0.706487
v -0.867655 -0.111496 -0.677928
v -0.860355 -0.124252 -0.631544
v -0.852805 -0.132367 -0.584445
v -1.148545 -0.110605 -0.871419
v -1.148295 -0.123988 -0.831781
v -1.147615 -0.132334 -0.791975
v -1.407125 -0.110605 -0.912715
v -1.402752 -0.123988 -0.869104
v -1.397571 -0.132334 -0.826382
v -1.753991 -0.110605 -0.814202
v -1.731846 -0.123988 -0.772318
v -1.709847 -0.132334 -0.731801
v -2.050621 -0.110605 -0.498191
v -2.012925 -0.123988 -0.474866
v -1.975894 -0.132334 -0.452264
v -2.158407 -0.110605 -0.102287
v -2.114945 -0.123988 -0.102084
v -2.072337 -0.132334 -0.101532
v -0.985863 -0.110605 -0.763387
v -0.985916 -0.123988 -0.722292
v -0.986061 -0.132334 -0.680986
v -0.867654 -0.111496 0.481243
v -0.860342 -0.124252 0.434868
v -0.852759 -0.132367 0.387795
v -1.148529 -0.110605 0.674751
v -1.148168 -0.123988 0.635243
v -1.147187 -0.132334 0.595789
v -1.407106 -0.110605 0.716056
v -1.402602 -0.123988 0.672638
v -1.397064 -0.132334 0.630440
v -1.753975 -0.110605 0.617552
v -1.731714 -0.123988 0.575930
v -1.709401 -0.132334 0.536124
v -2.050611 -0.110605 0.299565
v -2.012849 -0.123988 0.276573
v -1.975636 -0.132334 0.254874
v -0.985854 -0.110605 0.566711
v -0.985840 -0.123988 0.525694
v -0.985804 -0.132334 0.484597
v -0.957906 -0.135211 0.412422
v -0.929165 -0.135211 0.383744
v -0.893549 -0.135211 0.359128
v -2.025254 -0.135211 -0.014980
v -2.008093 -0.135211 0.070133
v -1.979450 -0.135211 0.153843
v -1.887810 -0.135211 0.312661
v -1.827069 -0.135211 0.384191
v -1.759357 -0.135211 0.447165
v -1.612231 -0.135211 0.537991
v -1.536740 -0.135211 0.565007
v -1.462124 -0.135211 0.581798
v -1.321683 -0.135211 0.591283
v -1.257861 -0.135211 0.585921
v -1.198921 -0.135211 0.574220
v -1.097242 -0.135211 0.532978
v -1.054751 -0.135211 0.505264
v -1.017636 -0.135211 0.474868
v -0.893757 -0.135211 -0.555598
v -0.929500 -0.135211 -0.580055
v -0.958379 -0.135211 -0.608563
v -1.979920 -0.135211 -0.351020
v -2.008411 -0.135211 -0.269046
v -2.025414 -0.135211 -0.185350
v -1.760327 -0.135211 -0.641345
v -1.827934 -0.135211 -0.578441
v -1.888556 -0.135211 -0.507338
v -1.463324 -0.135211 -0.776558
v -1.537913 -0.135211 -0.759607
v -1.613356 -0.135211 -0.732433
v -1.200007 -0.135211 -0.769589
v -1.259005 -0.135211 -0.781149
v -1.322867 -0.135211 -0.786361
v -1.018368 -0.135211 -0.670712
v -1.055590 -0.135211 -0.700990
v -1.098175 -0.135211 -0.728592
v -0.637660 -0.135211 -0.531925
v -0.707944 -0.135211 -0.523681
v -0.780656 -0.135211 -0.525827
v -0.518416 -0.135211 -0.676165
v -0.525303 -0.135211 -0.626909
v -0.543995 -0.135211 -0.584439
v -0.467299 -0.109536 -0.427756
v -0.503256 -0.123672 -0.465610
v -0.541300 -0.132294 -0.507723
v -0.766946 -0.078681 -0.762904
v -0.800543 -0.058698 -0.800146
v -0.834325 -0.036628 -0.837135
v -0.564561 -0.115728 0.676646
v -0.611361 -0.108587 0.684616
v -0.657507 -0.097392 0.692244
v -0.780610 -0.135211 0.329620
v -0.707930 -0.135211 0.330728
v -0.637658 -0.135211 0.347901
v -0.387610 0.019690 0.049177
v -0.479020 0.023608 0.005401
v -0.559020 0.031749 -0.023330
v 1.828562 -0.110605 -0.067151
v 1.780458 -0.123988 -0.064785
v 1.732354 -0.132334 -0.062419
v 1.444494 0.031537 0.883612
v 1.401717 0.034530 0.882891
v 1.367850 0.040120 0.881113
v 1.444234 -0.070449 -0.048249
v 1.399638 -0.044587 -0.046056
v 1.361055 -0.015502 -0.044159
v 2.033252 0.016324 -0.415106
v 2.035897 0.016324 -0.322370
v 2.036872 0.016324 -0.212474
v 1.977729 0.016324 -0.733758
v 2.003527 0.016324 -0.658355
v 2.019185 0.016324 -0.579637
v 1.441862 -0.070449 -0.323978
v 1.398087 -0.044587 -0.311163
v 1.360214 -0.015502 -0.300075
v 0.598373 0.031537 -1.087707
v 0.640332 0.034530 -1.087126
v 0.673550 0.040120 -1.085695
v 1.417321 -0.070449 -0.456729
v 1.379930 -0.044587 -0.432412
v 1.347580 -0.015502 -0.411373
v 1.205619 0.016324 -0.444724
v 1.184989 0.016324 -0.442040
v 1.158057 0.016324 -0.435959
v 1.074911 0.016324 -0.408822
v 1.020603 0.016324 -0.386718
v 0.963803 0.016324 -0.359115
v 1.125282 -0.070449 -0.520477
v 1.123946 -0.044587 -0.482799
v 1.122791 -0.015502 -0.450201
v 1.331487 0.016324 -0.145806
v 1.331454 0.016324 -0.214073
v 1.331366 0.016324 -0.258875
v 0.128344 -0.068153 -0.701925
v 0.084737 -0.041735 -0.733548
v 0.046757 -0.013206 -0.775331
v 0.713502 -0.070056 -0.281946
v 0.732330 -0.044468 -0.229400
v 0.739626 -0.015488 -0.187513
v 1.828562 0.029287 0.883715
v 1.780458 0.028618 0.883715
v 1.732354 0.028200 0.883715
v 1.436997 0.016324 -1.056613
v 1.508644 0.016324 -1.050380
v 1.584149 0.016324 -1.036851
v 0.909333 -0.070449 -0.424422
v 0.909333 -0.044586 -0.385578
v 0.909333 -0.015502 -0.351971
v 0.777284 0.010597 -0.896857
v 0.819353 0.014739 -0.915317
v 0.863366 0.016126 -0.936241
v 0.860910 0.016324 -0.288417
v 0.817851 0.016324 -0.246799
v 0.778366 0.016324 -0.202638
v 0.966127 0.016324 -0.982530
v 1.024338 0.016324 -1.005287
v 1.084016 0.016324 -1.025483
v 1.198624 0.016324 -1.051645
v 1.253577 0.016324 -1.057117
v 1.310049 0.016324 -1.059044
v 1.245240 -0.070449 -0.540381
v 1.236388 -0.044587 -0.502758
v 1.228729 -0.015502 -0.470208
v 1.338848 -0.070449 -0.522748
v 1.316856 -0.044587 -0.488535
v 1.297829 -0.015502 -0.458935
v 1.269487 0.016324 -0.440325
v 1.254715 0.016324 -0.443091
v 1.239114 0.016324 -0.444692
v 1.330814 0.016324 -0.321469
v 1.329700 0.016324 -0.349478
v 1.327233 0.016324 -0.374456
v 1.740797 0.016324 -0.976176
v 1.816063 0.016324 -0.927907
v 1.883435 0.016324 -0.870091
v 1.315920 0.016324 -0.411072
v 1.306804 0.016324 -0.422530
v 1.295796 0.016324 -0.430601
v 0.018387 0.031729 -0.626786
v 0.017998 0.023450 -0.687632
v 0.017772 0.019155 -0.753957
v 0.397484 0.031749 -0.176148
v 0.325806 0.023608 -0.204829
v 0.243259 0.019690 -0.246457
v 0.105454 0.019690 -0.377697
v 0.063171 0.023608 -0.457857
v 0.034870 0.031749 -0.531665
v 1.819484 -0.110605 -0.434789
v 1.772007 -0.123988 -0.420706
v 1.724693 -0.132334 -0.406787
v 1.741585 -0.110605 -0.668387
v 1.699825 -0.123988 -0.640685
v 1.658966 -0.132334 -0.613912
v 1.136758 -0.110605 -0.846879
v 1.135340 -0.123988 -0.805047
v 1.133907 -0.132334 -0.763966
v 0.725607 -0.111496 -0.675165
v 0.718218 -0.124252 -0.628721
v 0.710530 -0.132367 -0.581738
v 0.909548 -0.110605 -0.760720
v 0.909397 -0.123988 -0.717738
v 0.909341 -0.132334 -0.675440
v 1.322175 -0.110605 -0.866150
v 1.312172 -0.123988 -0.824486
v 1.302456 -0.132334 -0.783505
v 1.530989 -0.110605 -0.820577
v 1.505427 -0.123988 -0.781573
v 1.481027 -0.132334 -0.743896
v 1.681387 -0.135211 -0.336068
v 1.683402 -0.135211 -0.267948
v 1.684145 -0.135211 -0.179106
v 1.331224 -0.135211 -0.739608
v 1.371470 -0.135211 -0.733130
v 1.413503 -0.135211 -0.722524
v 0.963968 -0.135211 -0.660667
v 1.021923 -0.135211 -0.685405
v 1.079367 -0.135211 -0.706627
v 0.762344 -0.135211 -0.553356
v 0.813103 -0.135211 -0.577659
v 0.860317 -0.135211 -0.605124
v 1.178460 -0.135211 -0.734558
v 1.218827 -0.135211 -0.741032
v 1.256119 -0.135211 -0.743523
v 1.502034 -0.135211 -0.685479
v 1.545686 -0.135211 -0.658332
v 1.585437 -0.135211 -0.625640
v 1.643063 -0.135211 -0.544535
v 1.659913 -0.135211 -0.497171
v 1.670812 -0.135211 -0.446360
v 0.221657 0.029287 -1.087790
v 0.268840 0.028618 -1.087790
v 0.316023 0.028200 -1.087790
v 0.503280 -0.111496 -0.796754
v 0.457134 -0.124252 -0.775215
v 0.410334 -0.132367 -0.753191
v 0.483518 -0.135211 -0.529655
v 0.555054 -0.135211 -0.521076
v 0.631264 -0.135211 -0.523184
v 0.364188 -0.135211 -0.677842
v 0.371069 -0.135211 -0.627672
v 0.389746 -0.135211 -0.584000
v 0.248387 -0.065856 -0.370011
v 0.219171 -0.038884 -0.347505
v 0.189997 -0.010909 -0.324200
v 0.541861 -0.112387 -0.680069
v 0.504099 -0.124516 -0.637819
v 0.465353 -0.132400 -0.594407
v 0.504754 0.015183 0.873975
v 0.457571 0.012952 0.873071
v 0.410389 0.011561 0.872738
v 0.127783 -0.070449 0.672956
v 0.084040 -0.044587 0.681654
v 0.046196 -0.015502 0.690153
v -0.517432 -0.062651 0.804183
v -0.517432 -0.083377 0.770428
v -0.517432 -0.102739 0.726173
v -0.863578 0.025595 0.804817
v -0.864546 0.021434 0.775503
v -0.867186 0.014550 0.742750
v 0.128038 0.022059 0.878451
v 0.086079 0.027655 0.881475
v 0.052861 0.035488 0.883979
v 0.504754 -0.110605 0.650357
v 0.457571 -0.123988 0.650466
v 0.410389 -0.132334 0.651346
v -0.171761 0.030768 0.851341
v -0.174119 0.034302 0.867496
v -0.179933 0.040092 0.878722
v 1.331491 0.017260 0.434667
v 1.331491 0.016601 0.267659
v 1.331491 0.016359 0.100872
v 2.036668 0.030768 0.844405
v 2.034264 0.034302 0.861045
v 2.028336 0.040092 0.872607
v 1.684251 -0.026264 0.844483
v 1.684251 -0.010528 0.861669
v 1.684251 0.006720 0.874646
v 0.017198 0.017660 0.811836
v 0.017198 0.016720 0.777748
v 0.017198 0.016374 0.738964
v 0.708877 0.022612 0.859874
v 0.706519 0.027819 0.873448
v 0.700705 0.035509 0.881551
v 0.363206 -0.088594 0.804001
v 0.363206 -0.059331 0.829973
v 0.363206 -0.025373 0.853802
v 0.017534 0.030768 -1.056152
v 0.019892 0.034302 -1.069544
v 0.025706 0.040092 -1.078850
v 0.709445 0.017061 -0.931697
v 0.711067 0.015016 -0.915760
v 0.715540 0.010632 -0.900773
v 0.363205 -0.026264 -1.056214
v 0.363205 -0.010528 -1.070046
v 0.363205 0.006720 -1.080491
v -0.171761 0.030768 -1.057299
v -0.174119 0.034302 -1.070302
v -0.179933 0.040092 -1.079336
v -0.863578 0.017061 -0.936024
v -0.864546 0.015016 -0.920024
v -0.867186 0.010632 -0.904413
v -0.517432 -0.026264 -1.057360
v -0.517432 -0.010528 -1.070789
v -0.517432 0.006720 -1.080929
v 0.025706 0.035509 0.881551
v 0.019892 0.027819 0.873448
v 0.017535 0.022612 0.859874
v 0.709213 0.016374 0.724453
v 0.709213 0.016720 0.773449
v 0.709213 0.017660 0.811299
v 0.363206 -0.134832 0.697844
v 0.363206 -0.132180 0.730317
v 0.363206 -0.124981 0.755469
v 0.504754 -0.090456 0.783827
v 0.457571 -0.101609 0.780211
v 0.410389 -0.108564 0.778878
v 0.127783 -0.056928 0.801909
v 0.084040 -0.034919 0.815233
v 0.046196 -0.009443 0.828556
v -0.858477 -0.069806 -0.285366
v -0.879346 -0.044121 -0.233454
v -0.889198 -0.015202 -0.191660
v -1.131439 -0.070449 -0.548807
v -1.128254 -0.044587 -0.510901
v -1.125499 -0.015502 -0.478107
v -1.343749 -0.070449 -0.595512
v -1.334135 -0.044587 -0.561186
v -1.325818 -0.015502 -0.531488
v -1.582166 -0.070449 -0.527651
v -1.562633 -0.044587 -0.498222
v -1.545734 -0.015502 -0.472760
v -1.772832 -0.070449 -0.337275
v -1.742456 -0.044587 -0.320624
v -1.716176 -0.015502 -0.306218
v -1.841218 -0.070449 -0.088410
v -1.806800 -0.044587 -0.085827
v -1.777023 -0.015502 -0.083591
v -0.989487 -0.070449 -0.427589
v -0.990161 -0.044587 -0.388030
v -0.990745 -0.015502 -0.353806
v -0.865092 -0.070056 0.086048
v -0.887876 -0.044468 0.033041
v -0.896905 -0.015488 -0.009214
v -1.123841 -0.070449 0.361018
v -1.119244 -0.044587 0.324766
v -1.115267 -0.015502 0.293402
v -1.334747 -0.070449 0.412046
v -1.323461 -0.044587 0.380177
v -1.313696 -0.015502 0.352604
v -1.574258 -0.070449 0.348890
v -1.553257 -0.044587 0.322791
v -1.535086 -0.015502 0.300210
v -0.658998 0.031709 -0.039406
v -0.727247 0.023291 -0.039423
v -0.809231 0.018620 -0.039489
v -0.170278 0.020091 0.599832
v -0.168992 0.023727 0.526145
v -0.167083 0.031764 0.460172
v -0.397092 -0.065856 0.199838
v -0.364368 -0.038884 0.169054
v -0.331412 -0.010909 0.138335
v -0.984928 -0.070449 0.236191
v -0.984756 -0.044587 0.197615
v -0.984607 -0.015502 0.164241
v -1.768241 -0.070449 0.161358
v -1.737012 -0.044587 0.148935
v -1.709993 -0.015502 0.138187
v 0.386952 -0.132294 -0.506655
v 0.348722 -0.123672 -0.464875
v 0.312359 -0.109536 -0.427056
v 1.636147 0.028200 0.883715
v 1.588044 0.028618 0.883715
v 1.539940 0.029287 0.883715
v 1.636147 -0.132334 -0.057688
v 1.588044 -0.123989 -0.055322
v 1.539940 -0.110605 -0.052956
v 1.630243 -0.132334 -0.379127
v 1.583025 -0.123989 -0.365304
v 1.535807 -0.110605 -0.351481
v 1.578228 -0.132334 -0.561375
v 1.537896 -0.123989 -0.535145
v 1.497564 -0.110605 -0.508916
v 1.131028 -0.132334 -0.682620
v 1.129588 -0.123989 -0.641979
v 1.128147 -0.110605 -0.601337
v 0.694884 -0.132314 -0.487193
v 0.687417 -0.123830 -0.439938
v 0.681404 -0.110110 -0.392444
v 0.909333 -0.132334 -0.591584
v 0.909333 -0.123989 -0.549684
v 0.909333 -0.110605 -0.507785
v 1.283335 -0.132334 -0.702285
v 1.273786 -0.123989 -0.661703
v 1.264237 -0.110605 -0.621121
v 1.433487 -0.132334 -0.669978
v 1.409765 -0.123989 -0.633075
v 1.386044 -0.110605 -0.596171
v 1.470793 -0.092612 -0.451765
v 1.479797 -0.092612 -0.416611
v 1.485358 -0.092612 -0.378237
v 1.389541 -0.092612 -0.546454
v 1.415387 -0.092612 -0.529713
v 1.438428 -0.092612 -0.508603
v 1.167331 -0.092612 -0.571685
v 1.200370 -0.092612 -0.577946
v 1.228574 -0.092612 -0.580542
v 0.755614 -0.092328 -0.367213
v 0.811172 -0.092533 -0.398692
v 0.860076 -0.092602 -0.432563
v 0.963878 -0.092612 -0.496184
v 1.021203 -0.092612 -0.522485
v 1.076936 -0.092612 -0.544188
v 1.280982 -0.092612 -0.578745
v 1.307786 -0.092612 -0.574927
v 1.334949 -0.092612 -0.568598
v 1.490466 -0.092612 -0.293963
v 1.491431 -0.092612 -0.238562
v 1.491786 -0.092612 -0.160942
v 1.491837 -0.015448 0.844483
v 1.491837 -0.003517 0.861669
v 1.491837 0.010858 0.874646
v 2.007447 -0.015502 -0.075948
v 1.968864 -0.044586 -0.074051
v 1.924268 -0.070449 -0.071858
v 2.000651 0.040120 0.881113
v 1.966785 0.034530 0.882891
v 1.924008 0.031537 0.883612
v 1.998290 -0.015502 -0.489407
v 1.959460 -0.044586 -0.477363
v 1.914728 -0.070449 -0.463590
v 1.909242 -0.015502 -0.784138
v 1.871629 -0.044586 -0.757675
v 1.828973 -0.070449 -0.727934
v 1.141847 -0.015502 -1.012743
v 1.140771 -0.044586 -0.975758
v 1.139516 -0.070449 -0.933693
v 0.737191 -0.029164 -0.843348
v 0.740748 -0.052501 -0.806393
v 0.738417 -0.074673 -0.765087
v 0.911422 -0.015502 -0.929923
v 0.910864 -0.044587 -0.892328
v 0.910306 -0.070449 -0.849495
v 1.363307 -0.015502 -1.030452
v 1.353973 -0.044586 -0.993914
v 1.343446 -0.070449 -0.952303
v 1.641965 -0.015502 -0.983787
v 1.616158 -0.044586 -0.946450
v 1.587386 -0.070449 -0.904500
v 1.876665 -0.015448 0.844483
v 1.876665 -0.003517 0.861669
v 1.876665 0.010858 0.874646
v 1.872676 -0.092612 -0.378542
v 1.875483 -0.092612 -0.297444
v 1.876518 -0.092612 -0.197283
v 1.384199 -0.092612 -0.904889
v 1.439238 -0.092612 -0.896775
v 1.497384 -0.092612 -0.882877
v 0.964457 -0.092612 -0.829212
v 1.022862 -0.092612 -0.852564
v 1.081836 -0.092612 -0.873276
v 0.775151 -0.093503 -0.737525
v 0.817227 -0.092876 -0.757791
v 0.861286 -0.092645 -0.780544
v 1.189541 -0.092612 -0.901127
v 1.237467 -0.092612 -0.907538
v 1.284350 -0.092612 -0.909849
v 1.621032 -0.092612 -0.831667
v 1.682284 -0.092612 -0.793705
v 1.738143 -0.092612 -0.748654
v 1.819101 -0.092612 -0.641135
v 1.842710 -0.092612 -0.580429
v 1.857940 -0.092612 -0.516159
v 0.410388 0.028200 -1.087790
v 0.457571 0.028618 -1.087790
v 0.504754 0.029287 -1.087790
v 0.675686 -0.029164 -0.866854
v 0.634512 -0.052501 -0.853938
v 0.592294 -0.074673 -0.837143
v 0.551937 -0.015448 -1.056214
v 0.551937 -0.003517 -1.070046
v 0.551937 0.010858 -1.080491
v 0.316027 -0.132314 -0.709283
v 0.268878 -0.123830 -0.691652
v 0.221787 -0.110070 -0.682040
v 0.052861 0.040120 -1.085695
v 0.086079 0.034530 -1.087127
v 0.128037 0.031537 -1.087707
v 0.174474 -0.015448 -1.056214
v 0.174474 -0.003517 -1.070046
v 0.174474 0.010858 -1.080491
v 0.682654 -0.036628 -0.833541
v 0.647055 -0.058698 -0.796149
v 0.612812 -0.078681 -0.759026
v 0.546066 -0.096473 -0.787054
v 0.547787 -0.097628 -0.759512
v 0.558135 -0.097331 -0.737398
v 0.688065 -0.096473 -0.708946
v 0.645069 -0.097628 -0.704371
v 0.607648 -0.097331 -0.708856
v 0.365975 -0.089791 -0.354102
v 0.471944 -0.089682 -0.333077
v 0.583082 -0.090546 -0.330272
v 0.176755 -0.090296 -0.607721
v 0.188925 -0.089603 -0.529429
v 0.220702 -0.089781 -0.455902
v 0.316023 -0.132334 0.654215
v 0.268840 -0.123988 0.656460
v 0.221657 -0.110605 0.659988
v 0.316023 0.011561 0.872738
v 0.268840 0.012952 0.873071
v 0.221657 0.015183 0.873975
v 0.316023 -0.108564 0.778878
v 0.268840 -0.101609 0.780211
v 0.221657 -0.090456 0.783827
v 0.174474 -0.059529 0.815183
v 0.174474 -0.038032 0.838728
v 0.174474 -0.011839 0.859560
v 0.174474 -0.092344 0.707691
v 0.174474 -0.090469 0.740284
v 0.174474 -0.085377 0.766802
v 0.673550 0.035488 0.883979
v 0.640332 0.027655 0.881475
v 0.598374 0.022059 0.878451
v 0.680216 -0.015502 0.659971
v 0.642371 -0.044587 0.656730
v 0.598628 -0.070449 0.653643
v 0.680216 -0.009443 0.828556
v 0.642371 -0.034919 0.815232
v 0.598628 -0.056928 0.801909
v 0.551937 -0.092344 0.701768
v 0.551937 -0.090469 0.738530
v 0.551937 -0.085377 0.766583
v 0.551937 -0.059529 0.815183
v 0.551937 -0.038032 0.838728
v 0.551937 -0.011839 0.859560
v -0.837787 -0.132314 -0.489354
v -0.830880 -0.123830 -0.441748
v -0.825715 -0.110110 -0.393892
v -1.144179 -0.132334 -0.711549
v -1.141424 -0.123989 -0.670928
v -1.138239 -0.110605 -0.630140
v -1.383301 -0.132334 -0.745227
v -1.374211 -0.123989 -0.706796
v -1.364313 -0.110605 -0.669252
v -1.666548 -0.132334 -0.657375
v -1.645250 -0.123989 -0.623466
v -1.624096 -0.110605 -0.590924
v -1.905046 -0.132334 -0.410557
v -1.871229 -0.123989 -0.391451
v -1.838076 -0.110605 -0.373069
v -1.991251 -0.132334 -0.098745
v -1.952774 -0.123988 -0.096510
v -1.915151 -0.110605 -0.093926
v -0.986788 -0.132334 -0.597346
v -0.987372 -0.123988 -0.555012
v -0.988047 -0.110605 -0.512466
v -0.837567 -0.132314 0.292835
v -0.830455 -0.123830 0.245301
v -0.824969 -0.110110 0.197470
v -1.142228 -0.132334 0.517146
v -1.138251 -0.123988 0.477957
v -1.133654 -0.110605 0.438822
v -1.380989 -0.132334 0.551935
v -1.370453 -0.123988 0.515629
v -1.358882 -0.110605 0.480542
v -1.664518 -0.132334 0.465291
v -1.641948 -0.123988 0.434263
v -1.619325 -0.110605 0.405052
v -0.985618 -0.132334 0.402017
v -0.985469 -0.123988 0.360533
v -0.985296 -0.110605 0.318970
v -1.903867 -0.132334 0.217727
v -1.869312 -0.123988 0.202279
v -1.835306 -0.110605 0.188125
v -1.759851 -0.092612 0.234401
v -1.710702 -0.092612 0.289043
v -1.655765 -0.092612 0.337005
v -0.958700 -0.092602 0.240797
v -0.929188 -0.092533 0.204971
v -0.889406 -0.092328 0.172418
v -1.873736 -0.092612 -0.159347
v -1.860164 -0.092612 -0.226522
v -1.837312 -0.092612 -0.291990
v -1.018652 -0.092612 -0.504135
v -1.052682 -0.092612 -0.536063
v -1.091271 -0.092612 -0.564730
v -1.183595 -0.092612 -0.608860
v -1.236925 -0.092612 -0.622906
v -1.294004 -0.092612 -0.630853
v -1.416062 -0.092612 -0.626240
v -1.479036 -0.092612 -0.612504
v -1.541748 -0.092612 -0.590321
v -1.661581 -0.092612 -0.518491
v -1.715894 -0.092612 -0.469866
v -1.764327 -0.092612 -0.414837
v -1.872774 -0.092612 -0.022733
v -1.858256 -0.092612 0.045027
v -1.834493 -0.092612 0.111136
v -0.890744 -0.092328 -0.367961
v -0.931217 -0.092533 -0.399450
v -0.961540 -0.092602 -0.434216
v -1.085673 -0.092612 0.374483
v -1.047648 -0.092612 0.345147
v -1.014264 -0.092612 0.312509
v -1.286904 -0.092612 0.443823
v -1.230065 -0.092612 0.434972
v -1.177078 -0.092612 0.420080
v -1.534999 -0.092612 0.407100
v -1.472000 -0.092612 0.428341
v -1.408868 -0.092612 0.441114
v -0.199425 -0.008964 0.653559
v -0.237028 -0.034968 0.639890
v -0.281012 -0.058688 0.636303
v -0.207088 0.040120 0.886979
v -0.240306 0.034530 0.888705
v -0.282264 0.031537 0.889405
v -0.328692 -0.041276 0.803734
v -0.328632 -0.055796 0.766840
v -0.328469 -0.069113 0.714063
v -0.541234 -0.132294 0.344644
v -0.502730 -0.123672 0.304855
v -0.465523 -0.109536 0.266929
v -0.734219 -0.090546 0.134955
v -0.625079 -0.089682 0.141023
v -0.518605 -0.089791 0.171636
v -0.564615 0.028200 0.889505
v -0.611798 0.028618 0.889505
v -0.658981 0.029287 0.889505
v -0.349601 -0.010909 -0.328903
v -0.377309 -0.038884 -0.350840
v -0.405153 -0.065856 -0.372063
v -0.201253 -0.013206 -0.779111
v -0.239298 -0.041735 -0.734905
v -0.282840 -0.068153 -0.700963
v -0.522074 -0.089791 -0.355607
v -0.627380 -0.089682 -0.334652
v -0.735619 -0.090546 -0.331702
v -0.375851 -0.089781 -0.456215
v -0.343693 -0.089603 -0.528612
v -0.331276 -0.090296 -0.605672
v -0.207088 0.040120 -1.085982
v -0.240306 0.034530 -1.087372
v -0.282264 0.031537 -1.087935
v -0.328701 -0.015448 -1.057360
v -0.328701 -0.003517 -1.070789
v -0.328701 0.010858 -1.080929
v -0.564615 0.028200 -1.088015
v -0.611798 0.028618 -1.088015
v -0.658981 0.029287 -1.088015
v -0.564561 -0.132367 -0.752185
v -0.611361 -0.124252 -0.775122
v -0.657507 -0.111496 -0.797561
v -0.706164 -0.015448 -1.057360
v -0.706164 -0.003517 -1.070789
v -0.706164 0.010858 -1.080929
v -0.880769 -0.029164 -0.844652
v -0.883011 -0.052501 -0.807858
v -0.880317 -0.074673 -0.767049
v -1.148581 -0.015502 -1.018471
v -1.148581 -0.044586 -0.986757
v -1.148581 -0.070449 -0.950101
v -1.421698 -0.015502 -1.076745
v -1.418569 -0.044586 -1.041350
v -1.414953 -0.070449 -1.000439
v -1.836644 -0.015502 -0.972810
v -1.818814 -0.044586 -0.938576
v -1.798206 -0.070449 -0.899007
v -2.192188 -0.015502 -0.586439
v -2.161642 -0.044586 -0.567392
v -2.126336 -0.070449 -0.545376
v -2.321816 -0.015502 -0.102316
v -2.286556 -0.044586 -0.102316
v -2.245800 -0.070449 -0.102316
v -0.985856 -0.015502 -0.915763
v -0.985856 -0.044586 -0.882901
v -0.985856 -0.070449 -0.844919
v -0.880769 -0.028907 0.652403
v -0.883011 -0.052439 0.612404
v -0.880317 -0.074665 0.570515
v -1.148581 -0.015502 0.821784
v -1.148581 -0.044587 0.790070
v -1.148581 -0.070449 0.753414
v -1.421698 -0.015502 0.880058
v -1.418569 -0.044587 0.844663
v -1.414953 -0.070449 0.803752
v -1.836644 -0.015502 0.776123
v -1.818814 -0.044587 0.741889
v -1.798206 -0.070449 0.702320
v -2.192188 -0.015502 0.387765
v -2.161642 -0.044586 0.368718
v -2.126336 -0.070449 0.346703
v -0.985856 -0.015502 0.719076
v -0.985856 -0.044587 0.686214
v -0.985856 -0.070449 0.648231
v -0.543995 -0.134946 0.444910
v -0.525303 -0.133089 0.518758
v -0.518416 -0.128050 0.596691
v -0.371925 -0.089594 0.322521
v -0.340708 -0.088102 0.431118
v -0.329359 -0.085231 0.541783
v -2.195186 -0.092612 -0.209677
v -2.173863 -0.092612 -0.315752
v -2.138345 -0.092612 -0.420000
v -0.958170 -0.092645 0.582756
v -0.932538 -0.092876 0.560688
v -0.905727 -0.093503 0.541845
v -2.025225 -0.092612 0.422723
v -1.950263 -0.092612 0.514660
v -1.866383 -0.092612 0.595089
v -1.682456 -0.092612 0.706855
v -1.588225 -0.092612 0.737174
v -1.496706 -0.092612 0.753947
v -1.333905 -0.092612 0.758143
v -1.264981 -0.092612 0.749307
v -1.203484 -0.092612 0.734410
v -1.099556 -0.092612 0.689917
v -1.056172 -0.092612 0.662878
v -1.018311 -0.092612 0.634894
v -0.905727 -0.093503 -0.738532
v -0.932538 -0.092876 -0.757375
v -0.958170 -0.092645 -0.779443
v -2.195186 -0.092612 0.005697
v -2.173863 -0.092612 0.113355
v -2.138345 -0.092612 0.219557
v -1.866382 -0.092612 -0.791807
v -1.950263 -0.092612 -0.711596
v -2.025225 -0.092612 -0.620248
v -1.496706 -0.092612 -0.950634
v -1.588225 -0.092612 -0.933861
v -1.682456 -0.092612 -0.903542
v -1.203484 -0.092612 -0.931097
v -1.264981 -0.092612 -0.945994
v -1.333905 -0.092612 -0.954830
v -1.018311 -0.092612 -0.831581
v -1.056172 -0.092612 -0.859565
v -1.099556 -0.092612 -0.886604
v -0.706109 -0.041329 0.804665
v -0.705727 -0.056218 0.774285
v -0.704690 -0.070538 0.739191
v -0.696089 -0.112387 0.505594
v -0.658332 -0.124516 0.466375
v -0.619603 -0.132400 0.426127
v -0.834325 -0.035991 0.652730
v -0.800543 -0.058498 0.615111
v -0.766946 -0.078656 0.579309
v -0.619603 -0.132400 -0.596463
v -0.658332 -0.124516 -0.640372
v -0.696089 -0.112387 -0.683104
v -0.700293 -0.096473 -0.788870
v -0.702014 -0.097628 -0.761783
v -0.712362 -0.097331 -0.740298
v -0.761684 -0.097331 -0.712697
v -0.797762 -0.097628 -0.708218
v -0.837116 -0.096473 -0.712374
v -0.837116 -0.096473 0.515935
v -0.797762 -0.097628 0.513518
v -0.761684 -0.097331 0.522716
v -0.712362 -0.097144 0.573846
v -0.702014 -0.096128 0.612241
v -0.700293 -0.091409 0.655629
v 0.646608 0.018620 -0.157768
v 0.561070 0.023291 -0.158232
v 0.491581 0.031709 -0.158853
v 0.087646 0.022059 0.212970
v 0.053957 0.027655 0.269996
v 0.029896 0.035488 0.321982
v 0.503011 0.015183 -0.002980
v 0.453819 0.012952 0.004414
v 0.402743 0.011561 0.015349
v 0.292398 0.011561 0.051364
v 0.235169 0.012952 0.078694
v 0.180136 0.015183 0.114067
v 0.675876 0.035553 0.000237
v 0.640884 0.027655 -0.007748
v 0.598104 0.022059 -0.009980
v 0.708959 0.022612 0.215830
v 0.707175 0.027819 0.128126
v 0.703044 0.035573 0.056156
v 0.551867 -0.085377 0.411616
v 0.551916 -0.090469 0.502504
v 0.551935 -0.092344 0.583941
v 0.362007 -0.124981 0.430394
v 0.362850 -0.132180 0.515466
v 0.363161 -0.134832 0.590978
v 0.170732 -0.085377 0.476032
v 0.173365 -0.090469 0.546677
v 0.174336 -0.092344 0.610959
v 0.016280 0.017660 0.564032
v 0.016926 0.016720 0.609133
v 0.017164 0.016374 0.653632
v 0.709213 0.016374 0.587516
v 0.709213 0.016720 0.501567
v 0.709213 0.017660 0.408452
v 0.551256 -0.011839 0.052103
v 0.551438 -0.038032 0.130062
v 0.551620 -0.059529 0.220030
v 0.351572 -0.025373 0.088178
v 0.354680 -0.059331 0.162971
v 0.357789 -0.088594 0.248958
v 0.138163 -0.011839 0.203527
v 0.147864 -0.038032 0.261940
v 0.157566 -0.059529 0.329729
v 0.013651 0.035509 0.388555
v 0.012352 0.027819 0.429803
v 0.013260 0.022612 0.473750
v 0.119723 -0.056928 0.431589
v 0.077764 -0.034919 0.463556
v 0.042079 -0.009443 0.494057
v 0.311298 -0.108564 0.349908
v 0.262106 -0.101609 0.362639
v 0.213353 -0.090456 0.379685
v 0.504406 -0.090456 0.319677
v 0.456821 -0.101609 0.325007
v 0.408859 -0.108564 0.331804
v 0.680213 -0.009443 0.311818
v 0.642350 -0.034919 0.312266
v 0.598558 -0.056928 0.313481
v 1.331491 0.025803 0.794626
v 1.331492 0.023095 0.751417
v 1.331491 0.020566 0.682922
v 2.037011 0.016359 0.086233
v 2.037010 0.016601 0.263322
v 2.037011 0.017260 0.434125
v 1.684251 -0.134946 0.093553
v 1.684251 -0.133089 0.265490
v 1.684251 -0.128050 0.434396
v 1.491837 -0.092425 0.097545
v 1.491837 -0.091112 0.266673
v 1.491837 -0.087548 0.434544
v 1.876665 -0.092425 0.089560
v 1.876665 -0.091112 0.264307
v 1.876665 -0.087548 0.434248
v 1.444234 -0.060984 0.578906
v 1.399638 -0.037819 0.578906
v 1.361055 -0.011261 0.578906
v 1.636147 -0.115695 0.578906
v 1.588044 -0.108323 0.578906
v 1.539940 -0.096501 0.578906
v 1.828562 -0.096501 0.578906
v 1.780458 -0.108323 0.578906
v 1.732354 -0.115695 0.578906
v 2.007447 -0.011261 0.578906
v 1.968864 -0.037819 0.578906
v 1.924268 -0.060984 0.578906
v 0.017328 0.016893 -0.861374
v 0.017236 0.016760 -0.895484
v 0.017202 0.017279 -0.921915
v 0.709213 0.025803 -1.017770
v 0.709213 0.023095 -0.994768
v 0.709213 0.020566 -0.971601
v 0.363205 -0.134946 -0.783695
v 0.363205 -0.133089 -0.834404
v 0.363205 -0.128050 -0.881664
v 0.550462 -0.093316 -0.848426
v 0.551500 -0.091376 -0.878960
v 0.551882 -0.087581 -0.908977
v 0.174605 -0.091890 -0.754698
v 0.174513 -0.090953 -0.817354
v 0.174479 -0.087528 -0.872284
v 0.316023 -0.115695 -0.920685
v 0.268840 -0.108323 -0.918171
v 0.221657 -0.096501 -0.917431
v 0.127782 -0.060984 -0.924420
v 0.084040 -0.037819 -0.931483
v 0.046195 -0.011261 -0.938990
v 0.598628 -0.060984 -0.941801
v 0.642371 -0.037819 -0.945092
v 0.680215 -0.011261 -0.947939
v 0.504754 -0.096501 -0.934738
v 0.457571 -0.108323 -0.931188
v 0.410388 -0.115695 -0.927638
v -0.171618 0.016893 -0.865940
v -0.171482 0.016760 -0.899507
v -0.171432 0.017279 -0.925773
v -0.863440 0.025803 -1.020032
v -0.863440 0.023095 -0.997678
v -0.863440 0.020566 -0.975123
v -0.517432 -0.134946 -0.782433
v -0.517432 -0.133089 -0.834394
v -0.517432 -0.128050 -0.883042
v -0.328894 -0.091890 -0.752545
v -0.328758 -0.090953 -0.816567
v -0.328708 -0.087528 -0.873127
v -0.704690 -0.093316 -0.850394
v -0.705727 -0.091376 -0.881444
v -0.706109 -0.087581 -0.911984
v -0.375884 -0.096501 -0.919476
v -0.423067 -0.108323 -0.920260
v -0.470250 -0.115695 -0.922927
v -0.200422 -0.011261 -0.942341
v -0.238267 -0.037819 -0.934379
v -0.282009 -0.060984 -0.926888
v -0.752855 -0.060984 -0.945322
v -0.796598 -0.037819 -0.948812
v -0.834442 -0.011261 -0.951832
v -0.564615 -0.115695 -0.930300
v -0.611798 -0.108323 -0.934066
v -0.658981 -0.096501 -0.937831
v -0.854595 0.108405 -1.085901
v -0.858052 0.085418 -1.086728
v -0.854595 0.062431 -1.085901
v -0.881134 0.051206 -0.955558
v -0.887032 0.085418 -0.956028
v -0.881134 0.119630 -0.955558
v -0.895758 0.045230 -0.908366
v -0.901131 0.085418 -0.914849
v -0.895758 0.125606 -0.908366
v -0.985856 0.050305 -0.956307
v -0.985856 0.085418 -0.961428
v -0.985856 0.120531 -0.956307
v -1.148581 0.050305 -1.057599
v -1.148581 0.085418 -1.062542
v -1.148581 0.120531 -1.057599
v -1.425558 0.050305 -1.120414
v -1.426045 0.085418 -1.125930
v -1.425558 0.120531 -1.120414
v -1.858641 0.050305 -1.015047
v -1.861420 0.085418 -1.020382
v -1.858642 0.120531 -1.015047
v -2.229875 0.050305 -0.609938
v -2.234636 0.085418 -0.612906
v -2.229875 0.120531 -0.609938
v -2.365319 0.050305 -0.102316
v -2.370815 0.085418 -0.102316
v -2.365320 0.120531 -0.102316
v -2.229875 0.050305 0.411265
v -2.234636 0.085418 0.414233
v -2.229875 0.120531 0.411265
v -1.858642 0.050305 0.818360
v -1.861420 0.085418 0.823695
v -1.858642 0.120531 0.818360
v -1.425558 0.050305 0.923726
v -1.426045 0.085418 0.929243
v -1.425558 0.120531 0.923726
v -1.148581 0.050305 0.860912
v -1.148581 0.085418 0.865855
v -1.148581 0.120531 0.860912
v -0.985856 0.050305 0.759620
v -0.985856 0.085418 0.764741
v -0.985856 0.120531 0.759620
v -0.895758 0.045842 0.726946
v -0.901131 0.085418 0.733620
v -0.895758 0.124994 0.726946
v -0.854595 0.062431 0.886879
v -0.858052 0.085418 0.887905
v -0.854595 0.108405 0.886879
v -0.706164 0.055937 0.894759
v -0.706164 0.085418 0.896510
v -0.706164 0.114899 0.894759
v -0.517432 0.055071 0.894759
v -0.517432 0.085418 0.896510
v -0.517432 0.115765 0.894759
v -0.328701 0.055937 0.894759
v -0.328701 0.085418 0.896510
v -0.328701 0.114899 0.894759
v -0.180270 0.062431 0.886879
v -0.176813 0.085418 0.887905
v -0.180270 0.108405 0.886879
v -0.153490 0.051721 0.680781
v -0.147696 0.085418 0.684391
v -0.153490 0.119115 0.680781
v -0.159657 0.059398 0.416324
v -0.156421 0.085418 0.417790
v -0.159657 0.111438 0.416324
v -0.285967 0.051335 0.096120
v -0.280148 0.085418 0.090716
v -0.285968 0.119501 0.096120
v -0.616443 0.059398 -0.045635
v -0.618604 0.085418 -0.049228
v -0.616443 0.111438 -0.045635
v -0.898617 0.050305 -0.058187
v -0.898678 0.085418 -0.064321
v -0.898617 0.120531 -0.058187
v -0.984423 0.050305 0.123064
v -0.984400 0.085418 0.117863
v -0.984423 0.120531 0.123064
v -1.110361 0.050305 0.254707
v -1.109741 0.085418 0.249819
v -1.110361 0.120531 0.254707
v -1.301649 0.050305 0.318587
v -1.300127 0.085418 0.314290
v -1.301649 0.120531 0.318587
v -1.512669 0.050305 0.272352
v -1.509837 0.085418 0.268833
v -1.512669 0.120531 0.272352
v -1.676659 0.050305 0.124927
v -1.672449 0.085418 0.123252
v -1.676659 0.120531 0.124927
v -1.740286 0.050305 -0.080833
v -1.735645 0.085418 -0.080485
v -1.740286 0.120531 -0.080833
v -1.683752 0.050305 -0.288445
v -1.679656 0.085418 -0.286200
v -1.683752 0.120531 -0.288445
v -1.524885 0.050305 -0.441346
v -1.522251 0.085418 -0.437378
v -1.524885 0.120531 -0.441346
v -1.315556 0.050305 -0.494848
v -1.314260 0.085418 -0.490220
v -1.315556 0.120531 -0.494848
v -1.122099 0.050305 -0.437646
v -1.121670 0.085418 -0.432535
v -1.122099 0.120531 -0.437646
v -0.991465 0.050305 -0.311580
v -0.991556 0.085418 -0.306247
v -0.991465 0.120531 -0.311580
v -0.894058 0.050369 -0.142877
v -0.894551 0.085418 -0.136761
v -0.894058 0.120466 -0.142877
v -0.616151 0.059398 -0.154147
v -0.617531 0.085418 -0.150426
v -0.616151 0.111438 -0.154147
v -0.311536 0.051335 -0.297687
v -0.306664 0.085418 -0.293675
v -0.311536 0.119501 -0.297687
v -0.168145 0.059398 -0.602420
v -0.164566 0.085418 -0.605273
v -0.168145 0.111438 -0.602420
v -0.153931 0.050820 -0.847129
v -0.147948 0.085418 -0.855944
v -0.153931 0.120016 -0.847129
v -0.153731 0.051206 -0.953361
v -0.147833 0.085418 -0.954773
v -0.153731 0.119630 -0.953361
v -0.180270 0.062431 -1.085901
v -0.176813 0.085418 -1.086728
v -0.180270 0.108405 -1.085901
v -0.328701 0.055937 -1.092244
v -0.328701 0.085418 -1.093653
v -0.328701 0.114899 -1.092244
v -0.517432 0.055071 -1.092244
v -0.517432 0.085418 -1.093653
v -0.517432 0.115765 -1.092244
v -0.706164 0.055937 -1.092244
v -0.706164 0.085418 -1.093653
v -0.706164 0.114899 -1.092244
v 0.551937 0.119776 0.885635
v 0.551937 0.085418 0.888935
v 0.551937 0.051060 0.885635
v 0.700368 0.060798 0.887873
v 0.703825 0.085418 0.889118
v 0.700368 0.110038 0.887873
v 0.726907 0.051592 0.846447
v 0.732805 0.085418 0.848731
v 0.726907 0.119244 0.846447
v 0.726907 0.050305 0.664431
v 0.732805 0.085418 0.665002
v 0.726907 0.120531 0.664431
v 0.726907 0.051592 0.311754
v 0.732805 0.085418 0.311754
v 0.726907 0.119244 0.311754
v 0.717878 0.063324 -0.030428
v 0.726689 0.085418 -0.048596
v 0.717878 0.107512 -0.030428
v 0.551011 0.051060 -0.044181
v 0.550980 0.085418 -0.056345
v 0.551011 0.119776 -0.044181
v 0.347398 0.048175 -0.004424
v 0.346866 0.085418 -0.016126
v 0.347398 0.122661 -0.004424
v 0.125135 0.051060 0.131649
v 0.123472 0.085418 0.122573
v 0.125135 0.119776 0.131649
v 0.011048 0.060798 0.360729
v 0.008322 0.085418 0.362283
v 0.011048 0.110038 0.360729
v -0.001448 0.051592 0.533990
v -0.006938 0.085418 0.539072
v -0.001448 0.119244 0.533990
v -0.000496 0.050305 0.701426
v -0.006394 0.085418 0.702863
v -0.000496 0.120531 0.701426
v -0.000496 0.051592 0.846447
v -0.006394 0.085418 0.848732
v -0.000496 0.119244 0.846447
v 0.026043 0.060798 0.887873
v 0.022586 0.085418 0.889118
v 0.026043 0.110038 0.887873
v 0.174474 0.051060 0.885635
v 0.174474 0.085418 0.888935
v 0.174474 0.119776 0.885635
v 0.363206 0.048175 0.884303
v 0.363206 0.085418 0.888174
v 0.363206 0.122661 0.884303
v 0.026043 0.108405 -1.085612
v 0.022586 0.085418 -1.086463
v 0.026043 0.062431 -1.085612
v 0.174474 0.055937 -1.092145
v 0.174474 0.085418 -1.093597
v 0.174474 0.114899 -1.092145
v 0.363205 0.055071 -1.092145
v 0.363205 0.085418 -1.093597
v 0.363205 0.115765 -1.092145
v 0.551937 0.055937 -1.092145
v 0.551937 0.085418 -1.093597
v 0.551937 0.114899 -1.092145
v 0.700368 0.062431 -1.085613
v 0.703825 0.085418 -1.086463
v 0.700368 0.108405 -1.085612
v 0.726907 0.051206 -0.951453
v 0.732805 0.085418 -0.951896
v 0.726907 0.119630 -0.951453
v 0.752320 0.045230 -0.907994
v 0.758672 0.085418 -0.914961
v 0.752320 0.125606 -0.907994
v 0.912172 0.050305 -0.976742
v 0.912268 0.085418 -0.982662
v 0.912172 0.120531 -0.976741
v 1.143165 0.050305 -1.058852
v 1.143331 0.085418 -1.064685
v 1.143165 0.120531 -1.058852
v 1.375005 0.050305 -1.075966
v 1.376486 0.085418 -1.081723
v 1.375005 0.120531 -1.075966
v 1.674543 0.050305 -1.030696
v 1.678671 0.085418 -1.036636
v 1.674543 0.120531 -1.030696
v 1.956223 0.050305 -0.817378
v 1.962167 0.085418 -0.821586
v 1.956223 0.120531 -0.817378
v 2.046301 0.050305 -0.504372
v 2.052368 0.085418 -0.506264
v 2.046302 0.120531 -0.504372
v 2.055049 0.050305 -0.078290
v 2.061063 0.085418 -0.078585
v 2.055049 0.120531 -0.078290
v 2.055049 0.051206 0.578906
v 2.061063 0.085418 0.578906
v 2.055049 0.119630 0.578906
v 2.027993 0.062431 0.881010
v 2.031517 0.085418 0.882067
v 2.027993 0.108405 0.881010
v 1.876665 0.055937 0.889126
v 1.876665 0.085418 0.890930
v 1.876665 0.114899 0.889126
v 1.684251 0.055071 0.889126
v 1.684251 0.085418 0.890930
v 1.684251 0.115765 0.889126
v 1.491837 0.055937 0.889126
v 1.491837 0.085418 0.890930
v 1.491837 0.114899 0.889126
v 1.340509 0.062431 0.881010
v 1.336985 0.085418 0.882067
v 1.340509 0.108405 0.881010
v 1.313452 0.051206 0.578906
v 1.307440 0.085418 0.578906
v 1.313452 0.119630 0.578906
v 1.313452 0.050305 -0.041817
v 1.307440 0.085418 -0.041522
v 1.313452 0.120531 -0.041817
v 1.313488 0.050305 -0.286396
v 1.307586 0.085418 -0.284668
v 1.313488 0.120531 -0.286396
v 1.307669 0.050305 -0.385417
v 1.302627 0.085418 -0.382138
v 1.307669 0.120531 -0.385417
v 1.274354 0.050305 -0.422416
v 1.271389 0.085418 -0.417803
v 1.274355 0.120531 -0.422416
v 1.219280 0.050305 -0.430049
v 1.218086 0.085418 -0.424976
v 1.219280 0.120531 -0.430049
v 1.121366 0.050305 -0.409983
v 1.121186 0.085418 -0.404903
v 1.121366 0.120531 -0.409983
v 0.909333 0.050305 -0.310508
v 0.909333 0.085418 -0.305270
v 0.909333 0.120531 -0.310508
v 0.740668 0.050305 -0.138963
v 0.740668 0.085418 -0.132882
v 0.740668 0.120531 -0.138963
v 0.447153 0.059398 -0.153097
v 0.447990 0.085418 -0.149436
v 0.447153 0.111438 -0.153097
v 0.149876 0.051335 -0.291085
v 0.144740 0.085418 -0.286830
v 0.149876 0.119501 -0.291085
v 0.012671 0.059398 -0.587754
v 0.009142 0.085418 -0.589992
v 0.012670 0.111438 -0.587754
v -0.000360 0.050820 -0.840029
v -0.006316 0.085418 -0.848418
v -0.000360 0.120016 -0.840029
v -0.000496 0.051206 -0.949382
v -0.006394 0.085418 -0.950713
v -0.000496 0.119630 -0.949382
v -0.517432 0.164116 0.880701
v -0.517432 0.181364 0.868102
v -0.517432 0.197100 0.851416
v -0.854932 0.130744 0.878721
v -0.860746 0.136534 0.867496
v -0.863103 0.140068 0.851341
v -0.171192 0.149735 0.726784
v -0.171356 0.147582 0.770608
v -0.171416 0.145013 0.804205
v -0.328701 0.159978 0.880701
v -0.328701 0.174353 0.868102
v -0.328701 0.186284 0.851416
v -0.706164 0.159978 0.880701
v -0.706164 0.174353 0.868102
v -0.706164 0.186284 0.851416
v -0.517432 0.006720 0.880701
v -0.517432 -0.010528 0.868102
v -0.517432 -0.026264 0.851416
v -0.854932 0.040092 0.878722
v -0.860746 0.034302 0.867496
v -0.863103 0.030768 0.851341
v -0.171192 0.021101 0.726783
v -0.171356 0.023254 0.770609
v -0.171416 0.025823 0.804205
v -0.328701 0.010858 0.880701
v -0.328701 -0.003517 0.868102
v -0.328701 -0.015448 0.851416
v -0.706164 0.010858 0.880701
v -0.706164 -0.003517 0.868102
v -0.706164 -0.015448 0.851416
v -0.153731 0.055196 0.830353
v -0.147833 0.085418 0.830353
v -0.153731 0.115640 0.830353
v -0.881134 0.055196 0.830353
v -0.887032 0.085418 0.830353
v -0.881134 0.115640 0.830353
v -0.375884 -0.034039 0.830353
v -0.423067 -0.038947 0.830353
v -0.470249 -0.042007 0.830353
v -0.200422 0.007523 0.830353
v -0.238267 -0.007850 0.830353
v -0.282009 -0.019068 0.830353
v -0.752855 -0.019068 0.830353
v -0.796598 -0.007850 0.830353
v -0.834442 0.007523 0.830353
v -0.564615 -0.042007 0.830353
v -0.611798 -0.038947 0.830353
v -0.658981 -0.034039 0.830353
v -0.470250 0.212843 0.830353
v -0.423067 0.209783 0.830353
v -0.375884 0.204875 0.830353
v -0.282009 0.189904 0.830353
v -0.238267 0.178686 0.830353
v -0.200422 0.163313 0.830353
v -0.834442 0.163313 0.830353
v -0.796598 0.178686 0.830353
v -0.752855 0.189904 0.830353
v -0.658981 0.204875 0.830353
v -0.611798 0.209783 0.830353
v -0.564615 0.212843 0.830353
v -0.171425 0.150270 -0.973005
v -0.171425 0.147741 -0.997050
v -0.171425 0.145033 -1.019954
v -0.517432 0.273575 -0.963474
v -0.517432 0.254213 -0.994226
v -0.517432 0.233487 -1.019601
v -0.328701 0.240483 -0.961356
v -0.328701 0.226790 -0.993599
v -0.328701 0.212132 -1.019523
v -0.706164 0.240483 -0.969828
v -0.706164 0.226790 -0.996109
v -0.706164 0.212132 -1.019836
v -0.854932 0.130744 -1.079336
v -0.860746 0.136534 -1.070302
v -0.863103 0.140068 -1.057299
v -0.171425 0.020566 -0.973005
v -0.171425 0.023095 -0.997050
v -0.171425 0.025803 -1.019954
v -0.517432 -0.102739 -0.963474
v -0.517432 -0.083377 -0.994226
v -0.517432 -0.062651 -1.019601
v -0.328701 -0.069647 -0.961356
v -0.328701 -0.055954 -0.993599
v -0.328701 -0.041296 -1.019523
v -0.706164 -0.069647 -0.969828
v -0.706164 -0.055954 -0.996109
v -0.706164 -0.041296 -1.019836
v -0.854932 0.040092 -1.079336
v -0.860746 0.034302 -1.070302
v -0.863103 0.030768 -1.057299
v -0.153731 0.055196 -1.040408
v -0.147833 0.085418 -1.040408
v -0.153731 0.115640 -1.040408
v -0.881134 0.055196 -1.040408
v -0.887032 0.085418 -1.040408
v -0.881134 0.115640 -1.040408
v -0.470250 -0.042007 -1.040408
v -0.423067 -0.038947 -1.040408
v -0.375884 -0.034039 -1.040408
v -0.282009 -0.019068 -1.040408
v -0.238267 -0.007850 -1.040408
v -0.200422 0.007523 -1.040408
v -0.834442 0.007523 -1.040408
v -0.796598 -0.007850 -1.040408
v -0.752855 -0.019068 -1.040408
v -0.658981 -0.034039 -1.040408
v -0.611798 -0.038947 -1.040408
v -0.564615 -0.042007 -1.040408
v -0.375884 0.204875 -1.040408
v -0.423067 0.209783 -1.040408
v -0.470249 0.212843 -1.040408
v -0.200422 0.163313 -1.040408
v -0.238267 0.178686 -1.040408
v -0.282009 0.189904 -1.040408
v -0.752855 0.189904 -1.040408
v -0.796598 0.178686 -1.040408
v -0.834442 0.163313 -1.040408
v -0.564615 0.212843 -1.040408
v -0.611798 0.209783 -1.040408
v -0.658981 0.204875 -1.040408
v 0.017198 0.150270 -0.969604
v 0.017198 0.147741 -0.994177
v 0.017198 0.145033 -1.017696
v 0.363205 0.273575 -0.960618
v 0.363205 0.254213 -0.991514
v 0.363205 0.233487 -1.017363
v 0.551937 0.240483 -0.966609
v 0.551937 0.226790 -0.993289
v 0.551937 0.212132 -1.017585
v 0.174474 0.240483 -0.958621
v 0.174474 0.226790 -0.990922
v 0.174474 0.212132 -1.017289
v 0.700705 0.130744 -1.078850
v 0.706519 0.136534 -1.069544
v 0.708876 0.140068 -1.056152
v 0.017198 0.020566 -0.969604
v 0.017198 0.023095 -0.994177
v 0.017198 0.025803 -1.017696
v 0.363205 -0.102739 -0.960618
v 0.363205 -0.083377 -0.991514
v 0.363205 -0.062651 -1.017363
v 0.551937 -0.069647 -0.966609
v 0.551937 -0.055954 -0.993289
v 0.551937 -0.041296 -1.017585
v 0.174474 -0.069647 -0.958621
v 0.174474 -0.055954 -0.990922
v 0.174474 -0.041296 -1.017289
v 0.700705 0.040092 -1.078850
v 0.706519 0.034302 -1.069544
v 0.708876 0.030768 -1.056152
v -0.000496 0.115640 -1.038753
v -0.006394 0.085418 -1.038753
v -0.000496 0.055196 -1.038753
v 0.726907 0.055196 -1.038753
v 0.732805 0.085418 -1.038753
v 0.726907 0.115640 -1.038753
v 0.410388 -0.042007 -1.038753
v 0.457571 -0.038947 -1.038753
v 0.504754 -0.034039 -1.038753
v 0.046195 0.007523 -1.038753
v 0.084040 -0.007850 -1.038753
v 0.127782 -0.019068 -1.038753
v 0.221657 -0.034039 -1.038753
v 0.268840 -0.038947 -1.038753
v 0.316023 -0.042007 -1.038753
v 0.680215 0.007523 -1.038753
v 0.642371 -0.007850 -1.038753
v 0.598628 -0.019068 -1.038753
v 0.504754 0.204875 -1.038753
v 0.457571 0.209783 -1.038753
v 0.410388 0.212843 -1.038753
v 0.127782 0.189904 -1.038753
v 0.084040 0.178686 -1.038753
v 0.046195 0.163313 -1.038753
v 0.316023 0.212843 -1.038753
v 0.268840 0.209783 -1.038753
v 0.221657 0.204875 -1.038753
v 0.598628 0.189904 -1.038753
v 0.642371 0.178686 -1.038753
v 0.680215 0.163313 -1.038753
v 2.037010 0.150270 0.682922
v 2.037011 0.147741 0.751417
v 2.037011 0.145033 0.794626
v 1.684251 0.273575 0.682922
v 1.684251 0.254213 0.751417
v 1.684251 0.233487 0.794626
v 1.491837 0.240483 0.682922
v 1.491837 0.226790 0.751417
v 1.491837 0.212132 0.794626
v 1.876665 0.240483 0.682922
v 1.876665 0.226790 0.751417
v 1.876665 0.212132 0.794626
v 1.340166 0.130744 0.872607
v 1.334238 0.136534 0.861045
v 1.331835 0.140068 0.844405
v 2.037011 0.020566 0.682922
v 2.037010 0.023095 0.751417
v 2.037011 0.025803 0.794626
v 1.684251 -0.102739 0.682922
v 1.684251 -0.083377 0.751417
v 1.684251 -0.062651 0.794626
v 1.491837 -0.069647 0.682922
v 1.491837 -0.055954 0.751417
v 1.491837 -0.041296 0.794626
v 1.876665 -0.069647 0.682922
v 1.876665 -0.055954 0.751417
v 1.876665 -0.041296 0.794626
v 1.340166 0.040092 0.872607
v 1.334238 0.034302 0.861045
v 1.331835 0.030768 0.844405
v 1.313452 0.055196 0.822787
v 1.307440 0.085418 0.822787
v 1.313452 0.115640 0.822787
v 2.055050 0.055196 0.822787
v 2.061063 0.085418 0.822787
v 2.055049 0.115640 0.822787
v 1.361055 0.007523 0.822787
v 1.399638 -0.007850 0.822787
v 1.444234 -0.019068 0.822787
v 1.539940 -0.034039 0.822787
v 1.588044 -0.038947 0.822787
v 1.636147 -0.042007 0.822787
v 1.732354 -0.042007 0.822787
v 1.780458 -0.038947 0.822787
v 1.828562 -0.034039 0.822787
v 1.924268 -0.019068 0.822787
v 1.968864 -0.007850 0.822787
v 2.007447 0.007523 0.822787
v 1.444234 0.189904 0.822787
v 1.399638 0.178686 0.822787
v 1.361055 0.163313 0.822787
v 1.636147 0.212843 0.822787
v 1.588044 0.209783 0.822787
v 1.539940 0.204875 0.822787
v 1.828562 0.204875 0.822787
v 1.780458 0.209783 0.822787
v 1.732354 0.212843 0.822787
v 2.007447 0.163313 0.822787
v 1.968864 0.178686 0.822787
v 1.924268 0.189904 0.822787
v -0.658981 0.190852 -1.057360
v -0.611798 0.194250 -1.057360
v -0.564615 0.196369 -1.057360
v -0.658981 0.177314 -1.070789
v -0.611798 0.179517 -1.070789
v -0.564615 0.180891 -1.070789
v -0.658981 0.161726 -1.080929
v -0.611798 0.163026 -1.080929
v -0.564615 0.163836 -1.080929
v -1.018311 0.241285 -0.871026
v -1.018311 0.215422 -0.907981
v -1.018311 0.186338 -0.939952
v -1.056172 0.241285 -0.898403
v -1.056172 0.215422 -0.934789
v -1.056172 0.186338 -0.966268
v -1.099556 0.241285 -0.925334
v -1.099556 0.215422 -0.961617
v -1.099556 0.186338 -0.993009
v -1.203545 0.241285 -0.971102
v -1.203601 0.215422 -1.008580
v -1.203650 0.186338 -1.041005
v -1.265463 0.241285 -0.987185
v -1.265916 0.215422 -1.025774
v -1.266306 0.186338 -1.059160
v -1.335534 0.241285 -0.997310
v -1.337059 0.215422 -1.037108
v -1.338379 0.186338 -1.071539
v -1.504107 0.241285 -0.995169
v -1.511040 0.215422 -1.036891
v -1.517038 0.186338 -1.072988
v -1.600142 0.241285 -0.978650
v -1.611307 0.215422 -1.020610
v -1.620967 0.186338 -1.056912
v -1.699397 0.241285 -0.947667
v -1.715267 0.215422 -0.989005
v -1.728997 0.186338 -1.024769
v -1.893073 0.241285 -0.830738
v -1.918077 0.215422 -0.867210
v -1.939710 0.186338 -0.898765
v -1.981162 0.241285 -0.746058
v -2.010111 0.215422 -0.778343
v -2.035156 0.186338 -0.806275
v -2.059806 0.241285 -0.649444
v -2.092203 0.215422 -0.676796
v -2.120232 0.186338 -0.700460
v -2.238306 0.241285 0.011612
v -2.278702 0.215422 0.017154
v -2.313652 0.186338 0.021948
v -2.215859 0.241285 0.125169
v -2.255203 0.215422 0.136237
v -2.289243 0.186338 0.145812
v -2.178517 0.241285 0.237238
v -2.216152 0.215422 0.253802
v -2.248713 0.186338 0.268132
v -0.908180 0.243048 -0.782825
v -0.909313 0.218607 -0.824740
v -0.908654 0.191405 -0.862374
v -0.933265 0.241805 -0.800852
v -0.933600 0.216347 -0.841771
v -0.933456 0.187766 -0.877618
v -0.958261 0.241350 -0.821480
v -0.958303 0.215538 -0.860886
v -0.958284 0.186517 -0.895034
v -0.658981 0.190852 0.851416
v -0.658981 0.177314 0.868102
v -0.658981 0.161726 0.880701
v -0.611798 0.194250 0.851416
v -0.611798 0.179517 0.868102
v -0.611798 0.163026 0.880701
v -0.564615 0.196369 0.851416
v -0.564615 0.180891 0.868102
v -0.564615 0.163836 0.880700
v 0.504731 0.275504 -0.902162
v 0.504570 0.279789 -0.867927
v 0.504132 0.281596 -0.832602
v 0.457564 0.288220 -0.895336
v 0.457517 0.292899 -0.856803
v 0.457387 0.294691 -0.816470
v 0.410388 0.296151 -0.888501
v 0.410381 0.301094 -0.845619
v 0.410365 0.302924 -0.800134
v -1.018311 0.241285 0.674339
v -1.056172 0.241285 0.701716
v -1.099556 0.241285 0.728646
v -1.018311 0.215422 0.711293
v -1.056171 0.215422 0.738101
v -1.099556 0.215422 0.764930
v -1.018311 0.186338 0.743265
v -1.056172 0.186338 0.769581
v -1.099556 0.186338 0.796322
v -1.203545 0.241285 0.774415
v -1.265463 0.241285 0.790498
v -1.335534 0.241285 0.800623
v -1.203601 0.215422 0.811893
v -1.265916 0.215422 0.829086
v -1.337059 0.215422 0.840420
v -1.203650 0.186338 0.844317
v -1.266306 0.186338 0.862472
v -1.338379 0.186338 0.874852
v -1.504107 0.241285 0.798482
v -1.600142 0.241285 0.781962
v -1.699396 0.241285 0.750979
v -1.511040 0.215422 0.840204
v -1.611307 0.215422 0.823923
v -1.715267 0.215422 0.792318
v -1.517038 0.186338 0.876301
v -1.620966 0.186338 0.860225
v -1.728997 0.186338 0.828082
v -1.893072 0.241285 0.634020
v -1.981162 0.241285 0.549122
v -2.059806 0.241285 0.451919
v -1.918077 0.215422 0.670492
v -2.010111 0.215422 0.581407
v -2.092203 0.215422 0.479271
v -1.939710 0.186338 0.702047
v -2.035156 0.186338 0.609340
v -2.120232 0.186338 0.502935
v -0.908180 0.243042 0.586233
v -0.933265 0.241803 0.604197
v -0.958261 0.241350 0.624797
v -0.909313 0.218562 0.628815
v -0.933600 0.216331 0.645340
v -0.958303 0.215536 0.664231
v -0.908654 0.191260 0.668149
v -0.933456 0.187722 0.681707
v -0.958284 0.186511 0.698444
v -0.766645 0.238160 -0.810339
v -0.749282 0.250678 -0.774897
v -0.739708 0.251664 -0.790316
v -0.741024 0.249142 -0.813055
v -0.777377 0.230936 -0.831329
v -0.808646 0.215338 -0.839893
v -0.781747 0.232666 -0.807535
v -0.834249 0.158876 0.851362
v -0.832895 0.153268 0.867666
v -0.829875 0.144503 0.879344
v -0.796534 0.171770 0.851398
v -0.796088 0.163961 0.867950
v -0.795132 0.152918 0.880241
v -0.752847 0.180366 0.851414
v -0.752792 0.170395 0.868083
v -0.752672 0.157526 0.880643
v -2.097812 0.281441 -0.402172
v -2.131492 0.281441 -0.303831
v -2.151683 0.281441 -0.203694
v -2.057649 0.294824 -0.384577
v -2.089524 0.294824 -0.292007
v -2.108604 0.294824 -0.197671
v -2.018229 0.303170 -0.367449
v -2.048362 0.303170 -0.280380
v -2.066373 0.303170 -0.191569
v -0.500202 0.302866 0.411629
v -0.479112 0.301043 0.494400
v -0.471344 0.296114 0.581226
v -0.456722 0.294226 0.379416
v -0.432939 0.292490 0.471018
v -0.424195 0.287926 0.566454
v -0.413862 0.280026 0.349353
v -0.386799 0.278408 0.449596
v -0.376893 0.274513 0.553073
v -1.423276 0.281441 0.474441
v -1.488962 0.281441 0.460427
v -1.554718 0.281441 0.437598
v -1.437247 0.294824 0.508506
v -1.505613 0.294824 0.493346
v -1.574272 0.294824 0.468985
v -1.450342 0.303170 0.544046
v -1.521642 0.303170 0.527928
v -1.593498 0.303170 0.502153
v -1.183552 0.281441 0.458260
v -1.238225 0.281441 0.471981
v -1.296920 0.281441 0.479552
v -1.189619 0.294824 0.496583
v -1.245901 0.294824 0.509281
v -1.306408 0.294824 0.515734
v -1.194878 0.303170 0.535189
v -1.252608 0.303170 0.547163
v -1.314839 0.303170 0.552827
v -1.015265 0.281441 0.353235
v -1.049756 0.281441 0.385323
v -1.089108 0.281441 0.414198
v -1.016203 0.294824 0.393907
v -1.051732 0.294824 0.425441
v -1.092325 0.294824 0.453876
v -1.017015 0.303170 0.434470
v -1.053441 0.303170 0.465441
v -1.095109 0.303170 0.493482
v -0.887164 0.281244 -0.416156
v -0.888541 0.294758 -0.462828
v -0.890987 0.303162 -0.509252
v -0.929365 0.281384 -0.445099
v -0.929034 0.294805 -0.490251
v -0.929147 0.303167 -0.535230
v -0.960434 0.281434 -0.478044
v -0.959573 0.294822 -0.521738
v -0.958878 0.303170 -0.565268
v -1.869915 0.281441 0.120465
v -1.894782 0.281441 0.050242
v -1.909871 0.281441 -0.021552
v -1.905665 0.294824 0.130333
v -1.931681 0.294824 0.055881
v -1.947378 0.294824 -0.020068
v -1.942067 0.303170 0.141279
v -1.969327 0.303170 0.062370
v -1.985702 0.303170 -0.017978
v -1.685839 0.281441 -0.547587
v -1.710268 0.294824 -0.577330
v -1.735040 0.303170 -0.608367
v -1.743301 0.281441 -0.495570
v -1.770949 0.294824 -0.521850
v -1.799080 0.303170 -0.549281
v -1.794655 0.281441 -0.436766
v -1.825275 0.294824 -0.459174
v -1.856478 0.303170 -0.482538
v -1.428691 0.281441 -0.662427
v -1.440994 0.294824 -0.699172
v -1.452647 0.303170 -0.737030
v -1.494257 0.281441 -0.647689
v -1.509277 0.294824 -0.683510
v -1.523896 0.303170 -0.720604
v -1.559797 0.281441 -0.624150
v -1.577787 0.294824 -0.658659
v -1.595659 0.303170 -0.694527
v -1.188456 0.281441 -0.648997
v -1.193014 0.294824 -0.689152
v -1.196965 0.303170 -0.729343
v -1.243388 0.281441 -0.662080
v -1.249474 0.294824 -0.701408
v -1.254806 0.303170 -0.741047
v -1.302264 0.281441 -0.668971
v -1.310106 0.294824 -0.707392
v -1.317113 0.303170 -0.746421
v -0.250308 0.202237 -0.550600
v -0.338795 0.236025 -0.445732
v -0.305844 0.208391 -0.435140
v -0.281491 0.180403 -0.410795
v -0.232462 0.174016 -0.500916
v -0.197013 0.159362 -0.580773
v -0.201627 0.174265 -0.637185
v -0.201967 0.181364 -0.709439
v -0.241160 0.209555 -0.654587
v -0.285382 0.236958 -0.620426
v -0.299827 0.235316 -0.532873
v -0.740615 0.280492 -0.381084
v -0.642725 0.280181 -0.380753
v -0.546727 0.280247 -0.395719
v -0.752254 0.294535 -0.429287
v -0.662536 0.294448 -0.427716
v -0.575053 0.294471 -0.439215
v -0.766047 0.303134 -0.477505
v -0.684692 0.303123 -0.475481
v -0.605758 0.303126 -0.484997
v -0.829959 0.238160 -0.775486
v -0.848392 0.249142 -0.753915
v -0.816734 0.251664 -0.747518
v -0.789729 0.250678 -0.752325
v -0.817866 0.232666 -0.787619
v -0.849011 0.215338 -0.818378
v -0.853871 0.230936 -0.789938
v -0.766645 0.236920 0.646181
v -0.749282 0.250475 0.603092
v -0.781747 0.232112 0.633164
v -0.808646 0.213711 0.667880
v -0.777377 0.228083 0.673046
v -0.741024 0.245143 0.667349
v -0.739708 0.250420 0.632029
v -1.018568 0.281441 -0.546114
v -1.018489 0.294824 -0.587959
v -1.018420 0.303170 -0.629536
v -1.053545 0.281441 -0.577667
v -1.054354 0.294824 -0.619122
v -1.055054 0.303170 -0.660279
v -1.093321 0.281441 -0.606038
v -1.095241 0.294824 -0.647209
v -1.096902 0.303170 -0.688106
v -0.605034 0.202479 0.039793
v -0.605459 0.159394 -0.016177
v -0.680323 0.174538 -0.010265
v -0.783147 0.182323 -0.009011
v -0.754890 0.210685 0.032891
v -0.739900 0.237738 0.082790
v -0.613583 0.235535 0.093460
v -0.494459 0.236051 0.131708
v -0.465931 0.208415 0.095715
v -0.424792 0.180408 0.068590
v -0.525556 0.174042 0.019209
v -0.752847 0.180366 -1.057358
v -0.752792 0.170395 -1.070774
v -0.752672 0.157526 -1.080883
v -0.796534 0.171770 -1.057345
v -0.796088 0.163961 -1.070667
v -0.795132 0.152918 -1.080559
v -0.834249 0.158876 -1.057316
v -0.832895 0.153268 -1.070439
v -0.829875 0.144503 -1.079837
v 1.865134 0.241285 -0.667555
v 1.909182 0.215422 -0.693244
v 1.947847 0.186338 -0.716034
v 1.889698 0.241285 -0.602805
v 1.934375 0.215422 -0.624427
v 1.973424 0.186338 -0.643532
v 1.905338 0.241285 -0.534533
v 1.950153 0.215422 -0.552156
v 1.989172 0.186338 -0.567651
v 1.654757 0.241285 -0.872554
v 1.687945 0.215422 -0.912611
v 1.717618 0.186338 -0.948324
v 1.720228 0.241285 -0.831646
v 1.757317 0.215422 -0.868844
v 1.790334 0.186338 -0.902023
v 1.779674 0.241285 -0.783024
v 1.819977 0.215422 -0.816687
v 1.855686 0.186338 -0.846692
v 1.192251 0.241285 -0.944772
v 1.194778 0.215422 -0.986566
v 1.196957 0.186338 -1.023269
v 1.242198 0.241285 -0.950982
v 1.246675 0.215422 -0.992520
v 1.250576 0.186338 -1.028961
v 1.291787 0.241285 -0.953200
v 1.298921 0.215422 -0.994632
v 1.305195 0.186338 -1.030971
v 0.777799 0.243048 -0.783112
v 0.778858 0.218607 -0.826452
v 0.777611 0.191405 -0.865304
v 0.818307 0.241805 -0.803541
v 0.818961 0.216347 -0.847080
v 0.818985 0.187766 -0.885449
v 0.861832 0.241350 -0.825877
v 0.862410 0.215538 -0.869095
v 0.862909 0.186517 -0.906974
v 0.964841 0.241285 -0.873586
v 0.965298 0.215422 -0.916152
v 0.965752 0.186338 -0.953577
v 1.023239 0.241285 -0.896712
v 1.023645 0.215422 -0.939108
v 1.024029 0.186338 -0.976413
v 1.082472 0.241285 -0.917279
v 1.083078 0.215422 -0.959532
v 1.083608 0.186338 -0.996710
v 1.399105 0.241285 -0.948690
v 1.413738 0.215422 -0.990805
v 1.426801 0.186338 -1.027893
v 1.458694 0.241285 -0.940846
v 1.477921 0.215422 -0.983465
v 1.495158 0.186338 -1.021141
v 1.521644 0.241285 -0.926781
v 1.545676 0.215422 -0.969484
v 1.567253 0.186338 -1.007378
v 1.920243 0.241285 -0.389293
v 1.964897 0.215422 -0.399455
v 2.003584 0.186338 -0.408302
v 1.923075 0.241285 -0.304813
v 1.967688 0.215422 -0.311744
v 2.006302 0.186338 -0.317756
v 1.924119 0.241285 -0.201789
v 1.968717 0.215422 -0.206014
v 2.007304 0.186338 -0.209671
v 0.680022 0.158876 -1.056169
v 0.642307 0.171770 -1.056199
v 0.598620 0.180366 -1.056212
v 0.678668 0.153268 -1.069686
v 0.641861 0.163961 -1.069921
v 0.598565 0.170395 -1.070031
v 0.675648 0.144503 -1.079366
v 0.640905 0.152918 -1.080110
v 0.598445 0.157526 -1.080443
v 1.924260 0.180366 0.844480
v 1.968799 0.171770 0.844463
v 2.007250 0.158876 0.844427
v 1.924203 0.170395 0.861649
v 1.968344 0.163961 0.861513
v 2.005870 0.153268 0.861220
v 1.924081 0.157526 0.874587
v 1.967370 0.152918 0.874173
v 2.002790 0.144503 0.873249
v 0.674902 0.283069 -0.664561
v 0.660850 0.295307 -0.618414
v 0.646205 0.303230 -0.571093
v 0.623992 0.283557 -0.661284
v 0.601693 0.295451 -0.615851
v 0.578577 0.303248 -0.568855
v 0.578138 0.283431 -0.666554
v 0.547323 0.295414 -0.622110
v 0.515638 0.303244 -0.576240
v 1.538196 0.281441 -0.304489
v 1.585927 0.294824 -0.315015
v 1.633656 0.303170 -0.325541
v 1.539424 0.281441 -0.245908
v 1.587417 0.294824 -0.253255
v 1.635409 0.303170 -0.260602
v 1.539876 0.281441 -0.165483
v 1.587965 0.294824 -0.170024
v 1.636055 0.303170 -0.174565
v 1.293543 0.281441 -0.618961
v 1.306103 0.294824 -0.659176
v 1.318664 0.303170 -0.699392
v 1.323707 0.281441 -0.614478
v 1.339628 0.294824 -0.654029
v 1.355549 0.303170 -0.693579
v 1.354588 0.281441 -0.607079
v 1.374226 0.294824 -0.645561
v 1.393865 0.303170 -0.684043
v 0.963901 0.281441 -0.537305
v 0.963923 0.294824 -0.578426
v 0.963946 0.303170 -0.619546
v 1.021383 0.281441 -0.563215
v 1.021563 0.294824 -0.603945
v 1.021743 0.303170 -0.644675
v 1.077544 0.281441 -0.584798
v 1.078152 0.294824 -0.625408
v 1.078759 0.303170 -0.666017
v 0.753593 0.281244 -0.414978
v 0.755900 0.294758 -0.461227
v 0.759050 0.303162 -0.507284
v 0.810539 0.281384 -0.443806
v 0.811194 0.294805 -0.488468
v 0.812128 0.303167 -0.533061
v 0.859997 0.281434 -0.475750
v 0.860078 0.294822 -0.518880
v 0.860195 0.303170 -0.562002
v 1.170113 0.281441 -0.612403
v 1.172896 0.294824 -0.653122
v 1.175678 0.303170 -0.693840
v 1.204985 0.281441 -0.618717
v 1.209599 0.294824 -0.659489
v 1.214213 0.303170 -0.700261
v 1.235460 0.281441 -0.621287
v 1.242346 0.294824 -0.662033
v 1.249233 0.303170 -0.702778
v 1.417664 0.281441 -0.581211
v 1.445787 0.294824 -0.615967
v 1.473910 0.303170 -0.650723
v 1.447961 0.281441 -0.561867
v 1.480536 0.294824 -0.594022
v 1.513111 0.303170 -0.626177
v 1.475180 0.281441 -0.537862
v 1.511932 0.294824 -0.567121
v 1.548685 0.303170 -0.596381
v 1.513860 0.281441 -0.474957
v 1.556928 0.294824 -0.498150
v 1.599996 0.303170 -0.521343
v 1.524826 0.281441 -0.436751
v 1.569855 0.294824 -0.456891
v 1.614884 0.303170 -0.477031
v 1.531721 0.281441 -0.395268
v 1.578085 0.294824 -0.412299
v 1.624448 0.303170 -0.429329
v 0.127791 0.237256 -0.881819
v 0.127853 0.239815 -0.831570
v 0.128019 0.240169 -0.772122
v 0.084051 0.212523 -0.895225
v 0.084127 0.214220 -0.852297
v 0.084334 0.214114 -0.799479
v 0.046204 0.184513 -0.909602
v 0.046266 0.185521 -0.875349
v 0.046432 0.185303 -0.832003
v 0.391620 0.280247 -0.394319
v 0.420512 0.294471 -0.437666
v 0.451498 0.303126 -0.483129
v 0.488569 0.280181 -0.379068
v 0.509084 0.294448 -0.425791
v 0.531614 0.303123 -0.473234
v 0.589705 0.280492 -0.379415
v 0.602129 0.294535 -0.427311
v 0.616379 0.303134 -0.475195
v 0.223349 0.280463 -0.610865
v 0.270169 0.294535 -0.626340
v 0.317141 0.303134 -0.650036
v 0.233590 0.280171 -0.540905
v 0.279001 0.294448 -0.563596
v 0.324911 0.303123 -0.593764
v 0.260857 0.280246 -0.477585
v 0.302817 0.294471 -0.508132
v 0.345981 0.303126 -0.544589
v 0.612597 0.238160 -0.807044
v 0.586841 0.249142 -0.810464
v 0.623499 0.230936 -0.828124
v 0.655576 0.215338 -0.836325
v 0.627901 0.232666 -0.803872
v 0.595103 0.250678 -0.771496
v 0.585509 0.251664 -0.787413
v 0.127783 0.235581 0.777011
v 0.127783 0.239595 0.748819
v 0.127783 0.241074 0.714934
v 0.084040 0.211344 0.789326
v 0.084040 0.214214 0.759066
v 0.084040 0.215271 0.723495
v 0.046196 0.183782 0.801637
v 0.046196 0.185581 0.769288
v 0.046196 0.186244 0.731973
v -1.803010 0.241285 -0.278002
v -1.824552 0.241285 -0.216261
v -1.837331 0.241285 -0.152811
v -1.770874 0.215422 -0.264897
v -1.791190 0.215422 -0.206647
v -1.803225 0.215422 -0.146687
v -1.743071 0.186338 -0.253559
v -1.762325 0.186338 -0.198330
v -1.773717 0.186338 -0.141389
v 0.504754 0.188391 0.856231
v 0.504754 0.217864 0.833666
v 0.504754 0.242641 0.808718
v 0.457571 0.192644 0.854522
v 0.457571 0.224556 0.831067
v 0.457571 0.251772 0.805399
v 0.410389 0.195295 0.853892
v 0.410389 0.228729 0.830109
v 0.410389 0.257466 0.804176
v 0.504754 0.272940 0.760130
v 0.504754 0.278922 0.733563
v 0.504754 0.281126 0.698760
v 0.457571 0.285383 0.756826
v 0.457571 0.292027 0.731090
v 0.457571 0.294475 0.697478
v 0.410389 0.293142 0.755622
v 0.410389 0.300199 0.730284
v 0.410389 0.302798 0.697360
v 0.127966 0.175430 0.864750
v 0.127847 0.197610 0.846653
v 0.127791 0.215121 0.825316
v 0.085506 0.165790 0.870852
v 0.084550 0.183444 0.856163
v 0.084104 0.196622 0.837538
v 0.050763 0.152762 0.876697
v 0.047743 0.165539 0.865598
v 0.046389 0.174460 0.849751
v -0.886124 0.281244 0.220389
v -0.927826 0.281384 0.250091
v -0.958295 0.281434 0.283819
v -0.887854 0.294758 0.266802
v -0.927978 0.294805 0.294733
v -0.958094 0.294822 0.326756
v -0.890581 0.303162 0.312980
v -0.928503 0.303167 0.339264
v -0.957969 0.303170 0.369629
v -1.681462 0.281441 0.362332
v -1.739394 0.281441 0.310760
v -1.791287 0.281441 0.252103
v -1.707239 0.294824 0.388545
v -1.768246 0.294824 0.333306
v -1.822944 0.294824 0.270550
v -1.733177 0.303170 0.416528
v -1.797417 0.303170 0.357507
v -1.855045 0.303170 0.290487
v 1.828562 0.190852 0.844483
v 1.828562 0.177314 0.861669
v 1.828562 0.161726 0.874646
v 1.780458 0.194250 0.844483
v 1.780458 0.179517 0.861669
v 1.780458 0.163026 0.874646
v 1.732355 0.196369 0.844483
v 1.732354 0.180891 0.861669
v 1.732355 0.163836 0.874646
v 1.353702 0.186338 -0.388710
v 1.388246 0.215422 -0.407312
v 1.428173 0.241285 -0.428814
v 1.357374 0.186338 -0.361855
v 1.393491 0.215422 -0.378009
v 1.435237 0.241285 -0.396681
v 1.359308 0.186338 -0.331936
v 1.396495 0.215422 -0.345595
v 1.439478 0.241285 -0.361384
v 1.313081 0.186338 -0.451961
v 1.335638 0.215422 -0.479839
v 1.361710 0.241285 -0.512060
v 1.326824 0.186338 -0.442292
v 1.352952 0.215422 -0.468083
v 1.383151 0.241285 -0.497893
v 1.338507 0.186338 -0.429054
v 1.367986 0.215422 -0.452522
v 1.402058 0.241285 -0.479648
v 1.159767 0.186338 -0.460983
v 1.161999 0.215422 -0.493642
v 1.164578 0.241285 -0.531392
v 1.187825 0.186338 -0.467098
v 1.191526 0.215422 -0.499800
v 1.195804 0.241285 -0.537599
v 1.209851 0.186338 -0.469766
v 1.215375 0.215422 -0.502447
v 1.221759 0.241285 -0.540221
v 0.777823 0.186331 -0.231518
v 0.774023 0.215361 -0.270424
v 0.765050 0.241099 -0.317213
v 0.817677 0.186336 -0.274381
v 0.816461 0.215403 -0.310766
v 0.813715 0.241228 -0.353353
v 0.860889 0.186338 -0.314941
v 0.860737 0.215420 -0.349605
v 0.860393 0.241278 -0.389739
v 0.963817 0.186338 -0.384387
v 0.963835 0.215422 -0.417369
v 0.963856 0.241285 -0.455492
v 1.020714 0.186338 -0.411750
v 1.020858 0.215422 -0.444419
v 1.021025 0.241285 -0.482179
v 1.075284 0.186338 -0.433780
v 1.075772 0.215422 -0.466353
v 1.076335 0.241285 -0.504001
v 1.246833 0.186338 -0.469408
v 1.256908 0.215422 -0.501664
v 1.268552 0.241285 -0.538948
v 1.264500 0.186338 -0.467398
v 1.277270 0.215422 -0.499121
v 1.292030 0.241285 -0.535788
v 1.281557 0.186338 -0.463975
v 1.297308 0.215422 -0.494841
v 1.315515 0.241285 -0.530517
v 1.360700 0.186338 -0.265344
v 1.398984 0.215422 -0.273787
v 1.443234 0.241285 -0.283546
v 1.360950 0.186338 -0.218588
v 1.399444 0.215422 -0.224481
v 1.443938 0.241285 -0.231292
v 1.361042 0.186338 -0.148596
v 1.399614 0.215422 -0.152239
v 1.444197 0.241285 -0.156448
v -0.282017 0.180366 0.851414
v -0.282073 0.170395 0.868083
v -0.282193 0.157526 0.880643
v -0.238331 0.171770 0.851397
v -0.238777 0.163961 0.867950
v -0.239732 0.152918 0.880241
v -0.200616 0.158876 0.851362
v -0.201970 0.153268 0.867666
v -0.204990 0.144503 0.879344
v 1.729122 0.303170 -0.346600
v 1.776893 0.294824 -0.357166
v 1.824732 0.281441 -0.367802
v 1.731397 0.303170 -0.275296
v 1.779402 0.294824 -0.282655
v 1.827427 0.281441 -0.290034
v 1.732235 0.303170 -0.183647
v 1.780326 0.294824 -0.188189
v 1.828420 0.281441 -0.192734
v 1.343827 0.303170 -0.779893
v 1.356687 0.294824 -0.820592
v 1.370059 0.281441 -0.862119
v 1.387455 0.303170 -0.772766
v 1.403822 0.294824 -0.812912
v 1.420956 0.281441 -0.854079
v 1.433225 0.303170 -0.761106
v 1.453447 0.294824 -0.800291
v 1.474666 0.281441 -0.840680
v 0.963997 0.303170 -0.701851
v 0.964063 0.294824 -0.743416
v 0.964204 0.281441 -0.785743
v 1.022107 0.303170 -0.726201
v 1.022311 0.294824 -0.767395
v 1.022556 0.281441 -0.809384
v 1.079975 0.303170 -0.747302
v 1.080587 0.294824 -0.788373
v 1.081206 0.281441 -0.830233
v 0.765654 0.303184 -0.599429
v 0.768921 0.294936 -0.645489
v 0.772101 0.281817 -0.691526
v 0.814089 0.303174 -0.622285
v 0.815093 0.294857 -0.667074
v 0.816133 0.281552 -0.712188
v 0.860447 0.303170 -0.648293
v 0.860622 0.294829 -0.691736
v 0.860887 0.281455 -0.735728
v 1.181242 0.303170 -0.775334
v 1.184018 0.294824 -0.816456
v 1.186786 0.281441 -0.858272
v 1.223445 0.303170 -0.781857
v 1.228079 0.294824 -0.823003
v 1.232747 0.281441 -0.864790
v 1.263016 0.303170 -0.784321
v 1.269977 0.294824 -0.825432
v 1.277068 0.281441 -0.867170
v 1.530258 0.303170 -0.720347
v 1.559093 0.294824 -0.755887
v 1.589148 0.281441 -0.792770
v 1.578359 0.303170 -0.690592
v 1.611623 0.294824 -0.723485
v 1.646068 0.281441 -0.757645
v 1.622278 0.303170 -0.654993
v 1.659654 0.294824 -0.684906
v 1.698097 0.281441 -0.715939
v 1.686190 0.303170 -0.567788
v 1.729670 0.294824 -0.591399
v 1.773856 0.281441 -0.615728
v 1.704984 0.303170 -0.517353
v 1.750306 0.294824 -0.537788
v 1.796131 0.281441 -0.558729
v 1.717201 0.303170 -0.463417
v 1.763747 0.294824 -0.480631
v 1.810608 0.281441 -0.498159
v 0.316023 0.296150 -0.875106
v 0.316023 0.301087 -0.823619
v 0.316025 0.302902 -0.767814
v 0.268840 0.288213 -0.870233
v 0.268844 0.292846 -0.815443
v 0.268856 0.294513 -0.755386
v 0.221659 0.275482 -0.868731
v 0.221673 0.279611 -0.812485
v 0.221712 0.280995 -0.749864
v -0.470249 0.196369 0.851416
v -0.470250 0.180891 0.868101
v -0.470250 0.163836 0.880701
v -0.423067 0.194250 0.851416
v -0.423067 0.179517 0.868102
v -0.423067 0.163026 0.880701
v -0.375884 0.190852 0.851416
v -0.375884 0.177314 0.868102
v -0.375884 0.161726 0.880700
v 0.411149 0.303230 -0.706258
v 0.457513 0.295307 -0.734230
v 0.502685 0.283069 -0.761310
v 0.417143 0.303248 -0.662103
v 0.462459 0.295451 -0.695947
v 0.506259 0.283557 -0.728613
v 0.433501 0.303244 -0.623806
v 0.476592 0.295414 -0.663030
v 0.518358 0.283431 -0.701088
v 0.677864 0.238160 -0.771516
v 0.698784 0.215338 -0.814949
v 0.704609 0.230936 -0.786616
v 0.699367 0.249142 -0.750538
v 0.664156 0.251664 -0.743509
v 0.635827 0.250678 -0.748197
v 0.664893 0.232666 -0.783513
v 0.450161 0.202479 -0.236232
v 0.278264 0.180408 -0.262836
v 0.316961 0.208415 -0.286080
v 0.343455 0.236051 -0.317741
v 0.460250 0.235535 -0.287286
v 0.586561 0.237738 -0.278944
v 0.598683 0.210685 -0.229843
v 0.623507 0.182323 -0.188270
v 0.519221 0.174538 -0.187600
v 0.444028 0.159394 -0.182525
v 0.371532 0.174042 -0.217153
v 0.094627 0.202237 -0.545745
v 0.047209 0.181364 -0.703834
v 0.086256 0.209555 -0.651809
v 0.130619 0.236958 -0.620420
v 0.144609 0.235316 -0.531568
v 0.182894 0.236025 -0.443813
v 0.148995 0.208391 -0.431050
v 0.123582 0.180403 -0.404496
v 0.075878 0.174016 -0.492757
v 0.041304 0.159362 -0.570399
v 0.046451 0.174265 -0.629213
v 0.316023 0.195295 0.853892
v 0.316023 0.228728 0.830109
v 0.316023 0.257466 0.804176
v 0.268840 0.192644 0.854522
v 0.268840 0.224556 0.831067
v 0.268840 0.251772 0.805399
v 0.221657 0.188391 0.856231
v 0.221657 0.217864 0.833666
v 0.221657 0.242641 0.808719
v 0.316023 0.293142 0.755667
v 0.316023 0.300199 0.730643
v 0.316023 0.302798 0.698571
v 0.268840 0.285383 0.756920
v 0.268840 0.292027 0.731839
v 0.268840 0.294475 0.700007
v 0.221657 0.272940 0.760281
v 0.221657 0.278922 0.734767
v 0.221657 0.281126 0.702823
v 0.680216 0.183782 0.801165
v 0.680216 0.185581 0.765516
v 0.680216 0.186244 0.719240
v 0.642371 0.211344 0.788936
v 0.642371 0.214214 0.755951
v 0.642371 0.215271 0.712980
v 0.598629 0.235581 0.776709
v 0.598629 0.239595 0.746405
v 0.598629 0.241074 0.706786
v 0.675648 0.152762 0.876697
v 0.678668 0.165539 0.865598
v 0.680022 0.174460 0.849751
v 0.640906 0.165790 0.870852
v 0.641861 0.183444 0.856163
v 0.642307 0.196622 0.837538
v 0.598445 0.175430 0.864750
v 0.598565 0.197610 0.846653
v 0.598621 0.215121 0.825316
v -1.585938 0.186338 0.268547
v -1.632769 0.186338 0.230374
v -1.674487 0.186338 0.186613
v -1.606538 0.215422 0.288743
v -1.655761 0.215422 0.247682
v -1.699671 0.215422 0.200712
v -1.630349 0.241285 0.312087
v -1.682336 0.241285 0.267688
v -1.728780 0.241285 0.217007
v -0.917345 0.186331 0.036075
v -0.938338 0.186336 0.080607
v -0.960488 0.186338 0.123610
v -0.912407 0.215361 0.075164
v -0.936485 0.215403 0.117005
v -0.960067 0.215420 0.158146
v -0.901257 0.241099 0.122180
v -0.932750 0.241228 0.159613
v -0.959380 0.241278 0.198131
v -1.942970 0.303170 -0.335447
v -1.969938 0.303170 -0.258072
v -1.986011 0.303170 -0.178987
v -1.907133 0.294824 -0.320573
v -1.932674 0.294824 -0.247392
v -1.947879 0.294824 -0.172506
v -1.872037 0.281441 -0.306165
v -1.896217 0.281441 -0.236908
v -1.910595 0.281441 -0.165946
v -1.018885 0.186338 -0.389946
v -1.018816 0.215422 -0.423634
v -1.018737 0.241285 -0.462572
v -1.050309 0.186338 -0.422886
v -1.051009 0.215422 -0.456276
v -1.051818 0.241285 -0.494869
v -1.085641 0.186338 -0.452362
v -1.087302 0.215422 -0.485512
v -1.089222 0.241285 -0.523830
v -1.170243 0.186338 -0.499747
v -1.174182 0.215422 -0.531938
v -1.178735 0.241285 -0.569145
v -1.219181 0.186338 -0.516471
v -1.224415 0.215422 -0.547872
v -1.230466 0.241285 -0.584165
v -1.271357 0.186338 -0.527359
v -1.278038 0.215422 -0.557891
v -1.285761 0.241285 -0.593183
v -1.381581 0.186338 -0.528107
v -1.391754 0.215422 -0.557058
v -1.403512 0.241285 -0.590521
v -1.437563 0.186338 -0.517134
v -1.449798 0.215422 -0.545270
v -1.463940 0.241285 -0.577791
v -1.492651 0.186338 -0.498656
v -1.507135 0.215422 -0.525699
v -1.523877 0.241285 -0.556956
v -1.595708 0.186338 -0.439680
v -1.615142 0.215422 -0.462931
v -1.637604 0.241285 -0.489805
v -1.641489 0.186338 -0.400246
v -1.663440 0.215422 -0.420785
v -1.688811 0.241285 -0.444525
v -1.682004 0.186338 -0.355433
v -1.706291 0.215422 -0.372958
v -1.734363 0.241285 -0.393214
v -1.738335 0.186338 0.086019
v -1.759122 0.186338 0.031042
v -1.772101 0.186338 -0.025807
v -1.766704 0.215422 0.093429
v -1.788368 0.215422 0.035168
v -1.801801 0.215422 -0.024900
v -1.799493 0.241285 0.101994
v -1.822173 0.241285 0.039937
v -1.836131 0.241285 -0.023852
v -0.918992 0.186331 -0.231160
v -0.913925 0.215361 -0.270406
v -0.902702 0.241099 -0.317565
v -0.941575 0.186336 -0.273680
v -0.939357 0.215403 -0.310499
v -0.935222 0.241228 -0.353581
v -0.965237 0.186338 -0.314818
v -0.964251 0.215420 -0.350007
v -0.962915 0.241278 -0.390746
v -1.011513 0.186338 0.201758
v -1.041854 0.186338 0.235893
v -1.076237 0.186338 0.266491
v -1.012324 0.215422 0.234432
v -1.043563 0.215422 0.268125
v -1.079021 0.215422 0.298351
v -1.013262 0.241285 0.272197
v -1.045539 0.241285 0.305380
v -1.082238 0.241285 0.335176
v -1.159296 0.186338 0.316341
v -1.207658 0.186338 0.334488
v -1.259431 0.186338 0.346893
v -1.164542 0.215422 0.346946
v -1.214268 0.215422 0.364133
v -1.267536 0.215422 0.375489
v -1.170606 0.241285 0.382320
v -1.221909 0.241285 0.398397
v -1.276904 0.241285 0.408542
v -1.369497 0.186338 0.350839
v -1.425745 0.186338 0.341483
v -1.481316 0.186338 0.324589
v -1.381112 0.215422 0.377472
v -1.439391 0.215422 0.367107
v -1.497154 0.215422 0.348931
v -1.394538 0.241285 0.408255
v -1.455164 0.241285 0.396726
v -1.515460 0.241285 0.377067
v -0.282017 0.180366 -1.057358
v -0.238331 0.171770 -1.057345
v -0.200616 0.158876 -1.057316
v -0.282073 0.170395 -1.070774
v -0.238777 0.163961 -1.070667
v -0.201970 0.153268 -1.070439
v -0.282193 0.157526 -1.080883
v -0.239732 0.152918 -1.080559
v -0.204990 0.144503 -1.079837
v -0.739872 0.280492 0.184747
v -0.751945 0.294535 0.233118
v -0.765938 0.303134 0.281354
v -0.641709 0.280181 0.188092
v -0.662208 0.294448 0.235340
v -0.684630 0.303123 0.282933
v -0.545258 0.280247 0.213742
v -0.574614 0.294471 0.257516
v -0.605701 0.303126 0.302427
v -0.610785 0.202479 -0.237910
v -0.783717 0.182323 -0.189005
v -0.682144 0.174538 -0.188666
v -0.609335 0.159394 -0.183939
v -0.535044 0.174042 -0.219371
v -0.439822 0.180408 -0.266167
v -0.476505 0.208415 -0.288632
v -0.501070 0.236051 -0.319655
v -0.617751 0.235535 -0.288899
v -0.741986 0.237738 -0.280215
v -0.756984 0.210685 -0.230921
v -0.500263 0.303126 -0.544421
v -0.457213 0.294471 -0.507587
v -0.415518 0.280246 -0.477124
v -0.479159 0.303123 -0.592257
v -0.433312 0.294448 -0.561636
v -0.388058 0.280171 -0.539078
v -0.471374 0.303134 -0.647509
v -0.424435 0.294535 -0.623266
v -0.377701 0.280463 -0.607849
v 1.539940 0.190852 0.844483
v 1.588044 0.194250 0.844483
v 1.636147 0.196369 0.844483
v 1.539940 0.177314 0.861669
v 1.588044 0.179517 0.861669
v 1.636147 0.180891 0.861669
v 1.539940 0.161726 0.874646
v 1.588044 0.163026 0.874646
v 1.636147 0.163836 0.874646
v -0.470250 0.196369 -1.057360
v -0.423067 0.194250 -1.057360
v -0.375884 0.190852 -1.057360
v -0.470249 0.180891 -1.070789
v -0.423067 0.179517 -1.070789
v -0.375884 0.177314 -1.070789
v -0.470249 0.163836 -1.080929
v -0.423067 0.163026 -1.080929
v -0.375884 0.161726 -1.080929
v -2.248713 0.186338 -0.468574
v -2.289242 0.186338 -0.348209
v -2.313652 0.186338 -0.225928
v -2.216152 0.215422 -0.454244
v -2.255204 0.215422 -0.338634
v -2.278702 0.215422 -0.221133
v -2.178517 0.241285 -0.437680
v -2.215860 0.241285 -0.327566
v -2.238306 0.241285 -0.215592
v -0.896650 0.303184 0.405209
v -0.929948 0.303174 0.428149
v -0.957913 0.303170 0.455113
v -0.899781 0.294936 0.451109
v -0.930806 0.294857 0.472458
v -0.957973 0.294829 0.497719
v -0.902841 0.281817 0.496698
v -0.931687 0.281552 0.516646
v -0.958066 0.281455 0.540259
v -1.785832 0.303170 0.481049
v -1.857307 0.303170 0.413911
v -1.921388 0.303170 0.337568
v -1.812548 0.294824 0.517587
v -1.888025 0.294824 0.446114
v -1.955631 0.294824 0.364710
v -1.839425 0.281441 0.555895
v -1.919064 0.281441 0.479973
v -1.990317 0.281441 0.393344
v -1.472302 0.303170 0.622254
v -1.550699 0.303170 0.605136
v -1.630362 0.303170 0.577092
v -1.481166 0.294824 0.664923
v -1.563725 0.294824 0.647762
v -1.648001 0.294824 0.618863
v -1.489155 0.281441 0.709066
v -1.576130 0.281441 0.692052
v -1.665311 0.281441 0.662414
v -1.201479 0.303170 0.613771
v -1.261337 0.303170 0.625747
v -1.326589 0.303170 0.631407
v -1.202823 0.294824 0.653748
v -1.263360 0.294824 0.666448
v -1.329909 0.294824 0.672894
v -1.203356 0.281441 0.694008
v -1.264413 0.281441 0.707732
v -1.332172 0.281441 0.715291
v -1.018026 0.303170 0.515066
v -1.055572 0.303170 0.544873
v -1.098580 0.303170 0.572340
v -1.018227 0.294824 0.555100
v -1.055994 0.294824 0.584306
v -1.099267 0.294824 0.611593
v -1.018300 0.281441 0.595024
v -1.056149 0.281441 0.623621
v -1.099520 0.281441 0.650773
v -0.896738 0.303184 -0.601804
v -0.899808 0.294936 -0.647769
v -0.902844 0.281817 -0.693382
v -0.930089 0.303174 -0.624678
v -0.930848 0.294857 -0.669098
v -0.931692 0.281552 -0.713327
v -0.958112 0.303170 -0.651570
v -0.958032 0.294829 -0.694338
v -0.958073 0.281455 -0.736938
v -2.066305 0.303170 -0.010871
v -2.108583 0.294824 -0.005853
v -2.151680 0.281441 -0.000229
v -2.048228 0.303170 0.079452
v -2.089484 0.294824 0.090045
v -2.131487 0.281441 0.101488
v -2.018030 0.303170 0.168384
v -2.057591 0.294824 0.184543
v -2.097805 0.281441 0.201781
v -1.786241 0.303170 -0.676696
v -1.812669 0.294824 -0.713988
v -1.839440 0.281441 -0.752574
v -1.857672 0.303170 -0.609714
v -1.888134 0.294824 -0.642714
v -1.919077 0.281441 -0.676867
v -1.921703 0.303170 -0.533891
v -1.955724 0.294824 -0.561879
v -1.990329 0.281441 -0.590825
v -1.472808 0.303170 -0.818129
v -1.481316 0.294824 -0.861369
v -1.489174 0.281441 -0.905723
v -1.551193 0.303170 -0.800943
v -1.563872 0.294824 -0.844188
v -1.576149 0.281441 -0.888706
v -1.630837 0.303170 -0.772832
v -1.648141 0.294824 -0.815269
v -1.665328 0.281441 -0.859066
v -1.201937 0.303170 -0.809902
v -1.202958 0.294824 -0.850270
v -1.203373 0.281441 -0.890675
v -1.261820 0.303170 -0.821819
v -1.263502 0.294824 -0.862953
v -1.264430 0.281441 -0.904396
v -1.327089 0.303170 -0.827415
v -1.330057 0.294824 -0.869380
v -1.332190 0.281441 -0.911953
v -1.018335 0.303170 -0.711398
v -1.018318 0.294824 -0.751682
v -1.018312 0.281441 -0.791698
v -1.055926 0.303170 -0.741155
v -1.056099 0.294824 -0.780873
v -1.056163 0.281441 -0.820294
v -1.098973 0.303170 -0.768575
v -1.099383 0.294824 -0.808146
v -1.099534 0.281441 -0.847443
v -0.829959 0.238137 0.580928
v -0.848392 0.249137 0.557598
v -0.853871 0.230891 0.594752
v -0.849011 0.215156 0.626519
v -0.817866 0.232603 0.595849
v -0.789729 0.250670 0.561172
v -0.816734 0.251660 0.552581
v -0.587737 0.303244 -0.624889
v -0.571373 0.303248 -0.662132
v -0.565376 0.303230 -0.705481
v -0.630822 0.295414 -0.664745
v -0.616687 0.295451 -0.696753
v -0.611740 0.295307 -0.734341
v -0.672586 0.283431 -0.703413
v -0.660486 0.283557 -0.730170
v -0.656911 0.283069 -0.762289
v -0.795435 0.303230 -0.574040
v -0.731364 0.303248 -0.571814
v -0.669720 0.303244 -0.578922
v -0.809990 0.295307 -0.621611
v -0.754424 0.295451 -0.619145
v -0.701374 0.295414 -0.625198
v -0.823993 0.283069 -0.667927
v -0.776699 0.283557 -0.664877
v -0.732176 0.283431 -0.670030
v -0.795415 0.303230 0.377769
v -0.809984 0.295307 0.425280
v -0.823992 0.283069 0.471540
v -0.731358 0.303248 0.378410
v -0.754423 0.295451 0.425290
v -0.776699 0.283557 0.470587
v -0.669719 0.303244 0.393341
v -0.701373 0.295414 0.438080
v -0.732176 0.283431 0.481433
v -0.587737 0.302984 0.478285
v -0.630822 0.295170 0.511198
v -0.672586 0.283211 0.543202
v -0.571373 0.301168 0.543200
v -0.616687 0.293493 0.567210
v -0.660486 0.281794 0.590364
v -0.565376 0.296211 0.612215
v -0.611740 0.288698 0.627421
v -0.656911 0.277119 0.641996
v -0.241642 0.201628 0.406703
v -0.331276 0.235883 0.298822
v -0.294181 0.234158 0.416524
v -0.281865 0.232971 0.534490
v -0.236665 0.206725 0.540095
v -0.198372 0.179581 0.568541
v -0.195307 0.173760 0.479252
v -0.187198 0.159302 0.408536
v -0.218671 0.173960 0.330932
v -0.264191 0.180392 0.231910
v -0.293723 0.208321 0.271473
v 0.598487 0.215121 0.217412
v 0.642268 0.196622 0.216174
v 0.680027 0.174460 0.215901
v 0.598354 0.197610 0.127425
v 0.641799 0.183444 0.126923
v 0.678742 0.165539 0.128201
v 0.598168 0.175430 0.049666
v 0.640902 0.165790 0.050865
v 0.676095 0.152762 0.055786
v 0.407474 0.257466 0.238642
v 0.456141 0.251772 0.230481
v 0.504089 0.242641 0.224327
v 0.405801 0.228729 0.150681
v 0.455320 0.224556 0.141360
v 0.503708 0.217864 0.134617
v 0.404128 0.195295 0.074167
v 0.454499 0.192644 0.063913
v 0.503327 0.188391 0.056773
v 0.205827 0.242641 0.300645
v 0.256003 0.251772 0.278524
v 0.307016 0.257466 0.261812
v 0.196744 0.217864 0.226757
v 0.248637 0.224556 0.199563
v 0.301848 0.228728 0.178815
v 0.187662 0.188391 0.162930
v 0.241272 0.192644 0.131155
v 0.296680 0.195295 0.106729
v 0.038472 0.174460 0.443475
v 0.072116 0.196622 0.405866
v 0.112424 0.215121 0.366187
v 0.034828 0.165539 0.395453
v 0.065536 0.183444 0.351940
v 0.103644 0.197610 0.305341
v 0.032252 0.152762 0.352857
v 0.059279 0.165790 0.305178
v 0.094905 0.175430 0.252932
v 0.046131 0.186244 0.644400
v 0.083942 0.215271 0.633071
v 0.127657 0.241074 0.621354
v 0.045681 0.185581 0.595722
v 0.083256 0.214214 0.579219
v 0.126775 0.239595 0.562059
v 0.044459 0.183782 0.545235
v 0.081392 0.211344 0.522060
v 0.124383 0.235581 0.497871
v 0.221527 0.281126 0.603193
v 0.268735 0.294475 0.597748
v 0.315949 0.302798 0.593913
v 0.220619 0.278922 0.534944
v 0.267998 0.292027 0.526468
v 0.315432 0.300199 0.520294
v 0.218154 0.272940 0.459141
v 0.265999 0.285383 0.446728
v 0.314030 0.293142 0.437558
v 0.410365 0.302798 0.588386
v 0.457560 0.294475 0.586203
v 0.504749 0.281126 0.584648
v 0.410197 0.300199 0.511218
v 0.457478 0.292027 0.507529
v 0.504711 0.278922 0.504568
v 0.409743 0.293142 0.424228
v 0.457255 0.285383 0.418959
v 0.504607 0.272940 0.414712
v 0.598627 0.241074 0.584201
v 0.642371 0.215271 0.585142
v 0.680216 0.186244 0.586376
v 0.598620 0.239595 0.501427
v 0.642368 0.214214 0.501113
v 0.680215 0.185581 0.501260
v 0.598599 0.235581 0.409720
v 0.642362 0.211344 0.408776
v 0.680214 0.183782 0.408461
v 1.444242 0.180366 0.844480
v 1.444299 0.170395 0.861649
v 1.444421 0.157526 0.874587
v 1.399703 0.171770 0.844463
v 1.400158 0.163961 0.861513
v 1.401132 0.152918 0.874173
v 1.361252 0.158876 0.844427
v 1.362633 0.153268 0.861220
v 1.365712 0.144503 0.873249
v 1.444234 0.241138 0.098532
v 1.444234 0.240102 0.266966
v 1.444234 0.237292 0.434580
v 1.399638 0.215317 0.099458
v 1.399638 0.214577 0.267240
v 1.399638 0.212568 0.434615
v 1.361055 0.186272 0.100258
v 1.361055 0.185808 0.267477
v 1.361055 0.184549 0.434644
v 1.539940 0.281220 0.096547
v 1.588044 0.294580 0.095549
v 1.636147 0.302910 0.094551
v 1.539940 0.279678 0.266378
v 1.588044 0.292866 0.266082
v 1.636147 0.301090 0.265786
v 1.539940 0.275490 0.434507
v 1.588044 0.288216 0.434470
v 1.636147 0.296150 0.434433
v 1.828562 0.281220 0.090558
v 1.828562 0.279678 0.264603
v 1.828562 0.275490 0.434285
v 1.780458 0.294580 0.091556
v 1.780458 0.292866 0.264899
v 1.780458 0.288216 0.434322
v 1.732355 0.302910 0.092554
v 1.732354 0.301090 0.265195
v 1.732355 0.296150 0.434359
v 1.924268 0.241138 0.088573
v 1.968864 0.215317 0.087647
v 2.007447 0.186272 0.086847
v 1.924268 0.240102 0.264015
v 1.968864 0.214577 0.263741
v 2.007447 0.185808 0.263503
v 1.924268 0.237292 0.434212
v 1.968864 0.212568 0.434177
v 2.007447 0.184549 0.434148
v 0.316022 0.232045 -1.017310
v 0.316023 0.252361 -0.991089
v 0.316022 0.271340 -0.959183
v 0.268840 0.227861 -1.017271
v 0.268840 0.246988 -0.990774
v 0.268840 0.264857 -0.958122
v 0.221657 0.221152 -1.017259
v 0.221657 0.238373 -0.990682
v 0.221657 0.254460 -0.957810
v 0.127782 0.200827 -1.017368
v 0.127782 0.212383 -0.991556
v 0.127782 0.223179 -0.960758
v 0.084040 0.186496 -1.017479
v 0.084040 0.194758 -0.992438
v 0.084040 0.202477 -0.963738
v 0.046195 0.168208 -1.017596
v 0.046195 0.173387 -0.993377
v 0.046195 0.178225 -0.966905
v 0.681145 0.191338 -0.889741
v 0.640095 0.218501 -0.877676
v 0.596086 0.242900 -0.863707
v 0.680750 0.187236 -0.908595
v 0.641826 0.215501 -0.899836
v 0.597891 0.240622 -0.889772
v 0.680282 0.184727 -0.927461
v 0.642303 0.212683 -0.922006
v 0.598536 0.237357 -0.915708
v 0.504754 0.221152 -1.017530
v 0.504754 0.238373 -0.992845
v 0.504754 0.254460 -0.965111
v 0.457571 0.227861 -1.017474
v 0.457571 0.246988 -0.992401
v 0.457571 0.264857 -0.963613
v 0.410388 0.232045 -1.017419
v 0.410388 0.252361 -0.991958
v 0.410388 0.271340 -0.962116
v -0.470252 0.302902 -0.765775
v -0.423091 0.294513 -0.752792
v -0.375965 0.280995 -0.747157
v -0.470250 0.301087 -0.823011
v -0.423074 0.292846 -0.814398
v -0.375908 0.279611 -0.811326
v -0.470250 0.296150 -0.876094
v -0.423067 0.288213 -0.870934
v -0.375887 0.275482 -0.869349
v -0.282360 0.240169 -0.771305
v -0.238702 0.214114 -0.800489
v -0.200773 0.185303 -0.834937
v -0.282113 0.239815 -0.831728
v -0.238396 0.214220 -0.853761
v -0.200526 0.185521 -0.878196
v -0.282022 0.237256 -0.883249
v -0.238283 0.212523 -0.897474
v -0.200435 0.184513 -0.912719
v -0.750270 0.242900 -0.866444
v -0.752103 0.240622 -0.892863
v -0.752761 0.237357 -0.919117
v -0.793978 0.218501 -0.881044
v -0.795934 0.215501 -0.903466
v -0.796515 0.212683 -0.925787
v -0.834214 0.191338 -0.893461
v -0.834601 0.187236 -0.912631
v -0.834462 0.184727 -0.931557
v -0.658359 0.281596 -0.833771
v -0.611614 0.294691 -0.816833
v -0.564592 0.302924 -0.799685
v -0.658797 0.279789 -0.869790
v -0.611744 0.292899 -0.858043
v -0.564608 0.301094 -0.846234
v -0.658958 0.275504 -0.904762
v -0.611791 0.288220 -0.897529
v -0.564614 0.296151 -0.890287
v -0.658981 -0.020016 -1.057360
v -0.658981 -0.006479 -1.070789
v -0.658981 0.009110 -1.080929
v -0.611798 -0.023414 -1.057360
v -0.611798 -0.008681 -1.070789
v -0.611798 0.007810 -1.080929
v -0.564615 -0.025533 -1.057360
v -0.564615 -0.010055 -1.070789
v -0.564615 0.007000 -1.080929
v -1.018311 -0.070449 -0.871026
v -1.056172 -0.070449 -0.898404
v -1.099556 -0.070449 -0.925334
v -1.018311 -0.044586 -0.907981
v -1.056171 -0.044586 -0.934789
v -1.099556 -0.044586 -0.961617
v -1.018311 -0.015502 -0.939952
v -1.056172 -0.015502 -0.966268
v -1.099556 -0.015502 -0.993009
v -1.203545 -0.070449 -0.971102
v -1.265463 -0.070449 -0.987185
v -1.335534 -0.070449 -0.997310
v -1.203601 -0.044586 -1.008580
v -1.265916 -0.044586 -1.025774
v -1.337059 -0.044586 -1.037107
v -1.203650 -0.015502 -1.041005
v -1.266306 -0.015502 -1.059160
v -1.338379 -0.015502 -1.071539
v -1.504107 -0.070449 -0.995169
v -1.600142 -0.070449 -0.978650
v -1.699396 -0.070449 -0.947667
v -1.511040 -0.044586 -1.036891
v -1.611307 -0.044586 -1.020610
v -1.715267 -0.044586 -0.989005
v -1.517038 -0.015502 -1.072988
v -1.620966 -0.015502 -1.056912
v -1.728997 -0.015502 -1.024769
v -1.893072 -0.070449 -0.830738
v -1.981162 -0.070449 -0.746058
v -2.059806 -0.070449 -0.649444
v -1.918077 -0.044586 -0.867210
v -2.010111 -0.044586 -0.778343
v -2.092203 -0.044586 -0.676796
v -1.939710 -0.015502 -0.898765
v -2.035156 -0.015502 -0.806275
v -2.120232 -0.015502 -0.700460
v -2.238305 -0.070449 0.011612
v -2.215859 -0.070449 0.125169
v -2.178517 -0.070449 0.237238
v -2.278702 -0.044586 0.017154
v -2.255203 -0.044586 0.136237
v -2.216152 -0.044586 0.253802
v -2.313652 -0.015502 0.021948
v -2.289243 -0.015502 0.145812
v -2.248713 -0.015502 0.268132
v -0.908180 -0.072212 -0.782825
v -0.933265 -0.070969 -0.800852
v -0.958261 -0.070514 -0.821480
v -0.909313 -0.047771 -0.824740
v -0.933600 -0.045511 -0.841771
v -0.958303 -0.044702 -0.860886
v -0.908654 -0.020569 -0.862374
v -0.933456 -0.016930 -0.877618
v -0.958284 -0.015681 -0.895034
v -0.658981 -0.020016 0.851416
v -0.611798 -0.023414 0.851416
v -0.564615 -0.025533 0.851416
v -0.658981 -0.006479 0.868101
v -0.611798 -0.008681 0.868101
v -0.564615 -0.010055 0.868101
v -0.658981 0.009110 0.880701
v -0.611798 0.007810 0.880701
v -0.564615 0.007000 0.880701
v 0.504731 -0.104668 -0.902162
v 0.457564 -0.117384 -0.895336
v 0.410387 -0.125315 -0.888502
v 0.504570 -0.108953 -0.867927
v 0.457517 -0.122063 -0.856803
v 0.410381 -0.130258 -0.845619
v 0.504132 -0.110760 -0.832602
v 0.457387 -0.123855 -0.816470
v 0.410365 -0.132088 -0.800134
v -1.018311 -0.070449 0.674339
v -1.018311 -0.044586 0.711293
v -1.018311 -0.015502 0.743265
v -1.056172 -0.070449 0.701716
v -1.056172 -0.044586 0.738101
v -1.056172 -0.015502 0.769581
v -1.099556 -0.070449 0.728646
v -1.099556 -0.044587 0.764930
v -1.099556 -0.015502 0.796322
v -1.203545 -0.070449 0.774415
v -1.203601 -0.044586 0.811893
v -1.203650 -0.015502 0.844317
v -1.265463 -0.070449 0.790497
v -1.265916 -0.044586 0.829086
v -1.266306 -0.015502 0.862472
v -1.335534 -0.070449 0.800623
v -1.337059 -0.044587 0.840420
v -1.338379 -0.015502 0.874852
v -1.504107 -0.070449 0.798482
v -1.511040 -0.044586 0.840204
v -1.517038 -0.015502 0.876301
v -1.600142 -0.070449 0.781962
v -1.611307 -0.044586 0.823923
v -1.620967 -0.015502 0.860225
v -1.699397 -0.070449 0.750979
v -1.715267 -0.044587 0.792318
v -1.728997 -0.015502 0.828082
v -1.893073 -0.070449 0.634020
v -1.918077 -0.044586 0.670492
v -1.939710 -0.015502 0.702047
v -1.981162 -0.070449 0.549122
v -2.010111 -0.044586 0.581408
v -2.035156 -0.015502 0.609340
v -2.059806 -0.070449 0.451919
v -2.092203 -0.044587 0.479271
v -2.120232 -0.015502 0.502935
v -0.908180 -0.072206 0.586233
v -0.909313 -0.047726 0.628815
v -0.908654 -0.020424 0.668149
v -0.933265 -0.070967 0.604197
v -0.933600 -0.045495 0.645340
v -0.933456 -0.016886 0.681707
v -0.958261 -0.070514 0.624797
v -0.958303 -0.044700 0.664231
v -0.958284 -0.015675 0.698444
v -0.766645 -0.067324 -0.810339
v -0.749282 -0.079842 -0.774897
v -0.781747 -0.061830 -0.807535
v -0.808646 -0.044502 -0.839893
v -0.777377 -0.060100 -0.831329
v -0.741024 -0.078306 -0.813055
v -0.739708 -0.080828 -0.790316
v -0.834249 0.011960 0.851362
v -0.796534 -0.000934 0.851397
v -0.752847 -0.009530 0.851414
v -0.832895 0.017568 0.867666
v -0.796088 0.006875 0.867950
v -0.752792 0.000441 0.868083
v -0.829875 0.026333 0.879344
v -0.795132 0.017917 0.880241
v -0.752672 0.013310 0.880643
v -2.097812 -0.110605 -0.402172
v -2.057649 -0.123988 -0.384577
v -2.018229 -0.132334 -0.367449
v -2.131492 -0.110605 -0.303831
v -2.089524 -0.123988 -0.292007
v -2.048362 -0.132334 -0.280380
v -2.151683 -0.110605 -0.203694
v -2.108604 -0.123988 -0.197671
v -2.066373 -0.132334 -0.191569
v -0.500202 -0.132030 0.411629
v -0.456722 -0.123390 0.379416
v -0.413862 -0.109190 0.349353
v -0.479112 -0.130207 0.494400
v -0.432939 -0.121654 0.471018
v -0.386799 -0.107572 0.449596
v -0.471344 -0.125278 0.581226
v -0.424195 -0.117090 0.566454
v -0.376892 -0.103677 0.553073
v -1.423276 -0.110605 0.474441
v -1.437247 -0.123988 0.508506
v -1.450342 -0.132334 0.544046
v -1.488962 -0.110605 0.460427
v -1.505613 -0.123988 0.493346
v -1.521642 -0.132334 0.527928
v -1.554718 -0.110605 0.437598
v -1.574272 -0.123988 0.468985
v -1.593498 -0.132334 0.502153
v -1.183552 -0.110605 0.458260
v -1.189619 -0.123988 0.496583
v -1.194878 -0.132334 0.535189
v -1.238225 -0.110605 0.471981
v -1.245901 -0.123988 0.509281
v -1.252608 -0.132334 0.547163
v -1.296920 -0.110605 0.479552
v -1.306408 -0.123988 0.515735
v -1.314839 -0.132334 0.552827
v -1.015265 -0.110605 0.353235
v -1.016203 -0.123988 0.393907
v -1.017015 -0.132334 0.434470
v -1.049756 -0.110605 0.385323
v -1.051732 -0.123988 0.425441
v -1.053441 -0.132334 0.465441
v -1.089108 -0.110605 0.414198
v -1.092325 -0.123988 0.453876
v -1.095109 -0.132334 0.493482
v -0.887164 -0.110408 -0.416156
v -0.929365 -0.110548 -0.445099
v -0.960434 -0.110598 -0.478044
v -0.888542 -0.123922 -0.462828
v -0.929034 -0.123969 -0.490251
v -0.959573 -0.123986 -0.521738
v -0.890987 -0.132326 -0.509252
v -0.929147 -0.132331 -0.535230
v -0.958878 -0.132334 -0.565268
v -1.869915 -0.110605 0.120465
v -1.905665 -0.123988 0.130333
v -1.942067 -0.132334 0.141279
v -1.894782 -0.110605 0.050242
v -1.931681 -0.123988 0.055881
v -1.969327 -0.132334 0.062370
v -1.909871 -0.110605 -0.021552
v -1.947378 -0.123988 -0.020068
v -1.985702 -0.132334 -0.017978
v -1.685839 -0.110605 -0.547587
v -1.743301 -0.110605 -0.495570
v -1.794655 -0.110605 -0.436766
v -1.710269 -0.123988 -0.577330
v -1.770949 -0.123988 -0.521849
v -1.825275 -0.123988 -0.459174
v -1.735040 -0.132334 -0.608367
v -1.799080 -0.132334 -0.549281
v -1.856478 -0.132334 -0.482538
v -1.428691 -0.110605 -0.662427
v -1.494257 -0.110605 -0.647689
v -1.559797 -0.110605 -0.624150
v -1.440994 -0.123988 -0.699172
v -1.509277 -0.123988 -0.683510
v -1.577787 -0.123988 -0.658659
v -1.452647 -0.132334 -0.737030
v -1.523896 -0.132334 -0.720604
v -1.595659 -0.132334 -0.694527
v -1.188456 -0.110605 -0.648997
v -1.243388 -0.110605 -0.662080
v -1.302264 -0.110605 -0.668971
v -1.193014 -0.123988 -0.689152
v -1.249474 -0.123988 -0.701409
v -1.310106 -0.123988 -0.707392
v -1.196965 -0.132334 -0.729343
v -1.254806 -0.132334 -0.741047
v -1.317113 -0.132334 -0.746421
v -0.250308 -0.031401 -0.550600
v -0.338795 -0.065189 -0.445732
v -0.299827 -0.064480 -0.532873
v -0.285382 -0.066122 -0.620426
v -0.241160 -0.038719 -0.654587
v -0.201967 -0.010528 -0.709439
v -0.201627 -0.003429 -0.637185
v -0.197013 0.011474 -0.580773
v -0.232462 -0.003180 -0.500916
v -0.281491 -0.009567 -0.410795
v -0.305844 -0.037555 -0.435140
v -0.740615 -0.109656 -0.381084
v -0.752254 -0.123699 -0.429287
v -0.766047 -0.132298 -0.477505
v -0.642725 -0.109345 -0.380753
v -0.662536 -0.123612 -0.427716
v -0.684692 -0.132287 -0.475481
v -0.546727 -0.109411 -0.395719
v -0.575053 -0.123635 -0.439215
v -0.605758 -0.132290 -0.484997
v -0.829959 -0.067324 -0.775486
v -0.848392 -0.078306 -0.753915
v -0.853871 -0.060100 -0.789938
v -0.849011 -0.044502 -0.818378
v -0.817866 -0.061830 -0.787619
v -0.789729 -0.079842 -0.752325
v -0.816734 -0.080828 -0.747518
v -0.766645 -0.066084 0.646181
v -0.749282 -0.079639 0.603092
v -0.739708 -0.079584 0.632029
v -0.741024 -0.074307 0.667349
v -0.777377 -0.057247 0.673046
v -0.808646 -0.042875 0.667880
v -0.781747 -0.061276 0.633164
v -1.018568 -0.110605 -0.546114
v -1.053545 -0.110605 -0.577667
v -1.093321 -0.110605 -0.606038
v -1.018489 -0.123988 -0.587959
v -1.054354 -0.123988 -0.619122
v -1.095241 -0.123988 -0.647209
v -1.018420 -0.132334 -0.629536
v -1.055054 -0.132334 -0.660279
v -1.096902 -0.132334 -0.688106
v -0.605034 -0.031643 0.039793
v -0.605459 0.011442 -0.016177
v -0.525556 -0.003206 0.019209
v -0.424792 -0.009572 0.068590
v -0.465931 -0.037579 0.095715
v -0.494459 -0.065215 0.131708
v -0.613583 -0.064699 0.093460
v -0.739899 -0.066902 0.082790
v -0.754890 -0.039849 0.032891
v -0.783147 -0.011487 -0.009011
v -0.680323 -0.003702 -0.010265
v -0.752847 -0.009530 -1.057358
v -0.796534 -0.000934 -1.057345
v -0.834249 0.011960 -1.057316
v -0.752792 0.000441 -1.070774
v -0.796088 0.006875 -1.070667
v -0.832895 0.017568 -1.070439
v -0.752672 0.013310 -1.080883
v -0.795132 0.017917 -1.080559
v -0.829875 0.026333 -1.079837
v 1.865134 -0.070449 -0.667555
v 1.889698 -0.070449 -0.602805
v 1.905339 -0.070449 -0.534533
v 1.909182 -0.044586 -0.693244
v 1.934375 -0.044586 -0.624427
v 1.950153 -0.044586 -0.552156
v 1.947846 -0.015502 -0.716034
v 1.973424 -0.015502 -0.643532
v 1.989173 -0.015502 -0.567651
v 1.654757 -0.070449 -0.872554
v 1.720228 -0.070449 -0.831646
v 1.779674 -0.070449 -0.783024
v 1.687945 -0.044586 -0.912611
v 1.757317 -0.044586 -0.868844
v 1.819977 -0.044586 -0.816687
v 1.717618 -0.015502 -0.948324
v 1.790334 -0.015502 -0.902023
v 1.855686 -0.015502 -0.846692
v 1.192251 -0.070449 -0.944772
v 1.242198 -0.070449 -0.950982
v 1.291787 -0.070449 -0.953200
v 1.194778 -0.044586 -0.986566
v 1.246675 -0.044586 -0.992520
v 1.298921 -0.044586 -0.994632
v 1.196957 -0.015502 -1.023269
v 1.250576 -0.015502 -1.028961
v 1.305195 -0.015502 -1.030971
v 0.777799 -0.072212 -0.783112
v 0.818307 -0.070969 -0.803541
v 0.861832 -0.070514 -0.825877
v 0.778858 -0.047771 -0.826452
v 0.818961 -0.045511 -0.847080
v 0.862410 -0.044702 -0.869095
v 0.777611 -0.020569 -0.865305
v 0.818985 -0.016930 -0.885449
v 0.862909 -0.015681 -0.906974
v 0.964841 -0.070449 -0.873586
v 1.023239 -0.070449 -0.896712
v 1.082472 -0.070449 -0.917279
v 0.965298 -0.044586 -0.916151
v 1.023645 -0.044586 -0.939108
v 1.083078 -0.044586 -0.959532
v 0.965752 -0.015502 -0.953577
v 1.024029 -0.015502 -0.976413
v 1.083608 -0.015502 -0.996710
v 1.399105 -0.070449 -0.948690
v 1.458694 -0.070449 -0.940846
v 1.521644 -0.070449 -0.926781
v 1.413738 -0.044586 -0.990805
v 1.477921 -0.044586 -0.983465
v 1.545676 -0.044586 -0.969484
v 1.426801 -0.015502 -1.027893
v 1.495158 -0.015502 -1.021141
v 1.567253 -0.015502 -1.007378
v 1.920243 -0.070449 -0.389293
v 1.923075 -0.070449 -0.304813
v 1.924119 -0.070449 -0.201789
v 1.964897 -0.044586 -0.399455
v 1.967688 -0.044586 -0.311744
v 1.968717 -0.044586 -0.206014
v 2.003584 -0.015502 -0.408302
v 2.006302 -0.015502 -0.317756
v 2.007304 -0.015502 -0.209671
v 0.680022 0.011960 -1.056169
v 0.678668 0.017568 -1.069686
v 0.675648 0.026333 -1.079366
v 0.642307 -0.000934 -1.056199
v 0.641861 0.006875 -1.069921
v 0.640905 0.017917 -1.080110
v 0.598620 -0.009530 -1.056212
v 0.598565 0.000441 -1.070031
v 0.598445 0.013310 -1.080443
v 1.924260 -0.009530 0.844480
v 1.924203 0.000441 0.861649
v 1.924081 0.013310 0.874587
v 1.968799 -0.000934 0.844463
v 1.968344 0.006875 0.861513
v 1.967370 0.017917 0.874173
v 2.007250 0.011960 0.844427
v 2.005870 0.017568 0.861220
v 2.002790 0.026333 0.873249
v 0.674902 -0.112234 -0.664561
v 0.623992 -0.112721 -0.661284
v 0.578138 -0.112595 -0.666553
v 0.660850 -0.124471 -0.618414
v 0.601693 -0.124615 -0.615851
v 0.547323 -0.124578 -0.622110
v 0.646205 -0.132394 -0.571093
v 0.578577 -0.132412 -0.568855
v 0.515638 -0.132408 -0.576240
v 1.538196 -0.110605 -0.304489
v 1.539424 -0.110605 -0.245908
v 1.539876 -0.110605 -0.165483
v 1.585926 -0.123988 -0.315015
v 1.587417 -0.123988 -0.253255
v 1.587965 -0.123988 -0.170024
v 1.633656 -0.132334 -0.325541
v 1.635409 -0.132334 -0.260602
v 1.636055 -0.132334 -0.174565
v 1.293543 -0.110605 -0.618960
v 1.323707 -0.110605 -0.614478
v 1.354587 -0.110605 -0.607079
v 1.306103 -0.123988 -0.659176
v 1.339628 -0.123988 -0.654029
v 1.374226 -0.123988 -0.645561
v 1.318664 -0.132334 -0.699392
v 1.355549 -0.132334 -0.693579
v 1.393865 -0.132334 -0.684043
v 0.963901 -0.110605 -0.537305
v 1.021383 -0.110605 -0.563215
v 1.077544 -0.110605 -0.584798
v 0.963923 -0.123988 -0.578426
v 1.021563 -0.123988 -0.603945
v 1.078152 -0.123988 -0.625408
v 0.963946 -0.132334 -0.619546
v 1.021743 -0.132334 -0.644675
v 1.078759 -0.132334 -0.666017
v 0.753593 -0.110408 -0.414978
v 0.810539 -0.110548 -0.443806
v 0.859997 -0.110598 -0.475750
v 0.755900 -0.123922 -0.461227
v 0.811194 -0.123969 -0.488468
v 0.860078 -0.123986 -0.518880
v 0.759050 -0.132326 -0.507284
v 0.812128 -0.132331 -0.533061
v 0.860195 -0.132334 -0.562002
v 1.170113 -0.110605 -0.612403
v 1.204985 -0.110605 -0.618717
v 1.235460 -0.110605 -0.621287
v 1.172896 -0.123988 -0.653122
v 1.209599 -0.123988 -0.659489
v 1.242346 -0.123988 -0.662033
v 1.175678 -0.132334 -0.693840
v 1.214213 -0.132334 -0.700261
v 1.249233 -0.132334 -0.702778
v 1.417664 -0.110605 -0.581211
v 1.447961 -0.110605 -0.561867
v 1.475180 -0.110605 -0.537862
v 1.445787 -0.123988 -0.615967
v 1.480536 -0.123988 -0.594022
v 1.511932 -0.123988 -0.567121
v 1.473910 -0.132334 -0.650723
v 1.513111 -0.132334 -0.626177
v 1.548685 -0.132334 -0.596381
v 1.513860 -0.110605 -0.474957
v 1.524826 -0.110605 -0.436751
v 1.531721 -0.110605 -0.395268
v 1.556928 -0.123988 -0.498150
v 1.569855 -0.123988 -0.456891
v 1.578085 -0.123988 -0.412299
v 1.599996 -0.132334 -0.521343
v 1.614884 -0.132334 -0.477031
v 1.624448 -0.132334 -0.429329
v 0.127791 -0.066421 -0.881819
v 0.084051 -0.041687 -0.895225
v 0.046204 -0.013677 -0.909602
v 0.127853 -0.068979 -0.831570
v 0.084127 -0.043384 -0.852297
v 0.046266 -0.014685 -0.875349
v 0.128019 -0.069333 -0.772122
v 0.084334 -0.043278 -0.799479
v 0.046432 -0.014467 -0.832003
v 0.391620 -0.109412 -0.394319
v 0.488569 -0.109345 -0.379068
v 0.589705 -0.109656 -0.379415
v 0.420512 -0.123635 -0.437666
v 0.509084 -0.123612 -0.425791
v 0.602129 -0.123699 -0.427311
v 0.451498 -0.132290 -0.483129
v 0.531614 -0.132287 -0.473234
v 0.616379 -0.132298 -0.475195
v 0.223348 -0.109627 -0.610865
v 0.233590 -0.109335 -0.540905
v 0.260857 -0.109410 -0.477585
v 0.270169 -0.123699 -0.626340
v 0.279001 -0.123612 -0.563596
v 0.302817 -0.123635 -0.508132
v 0.317141 -0.132298 -0.650036
v 0.324911 -0.132287 -0.593765
v 0.345981 -0.132290 -0.544589
v 0.612597 -0.067324 -0.807044
v 0.586841 -0.078306 -0.810464
v 0.585509 -0.080828 -0.787413
v 0.595103 -0.079842 -0.771496
v 0.627901 -0.061830 -0.803872
v 0.655576 -0.044502 -0.836325
v 0.623499 -0.060100 -0.828124
v 0.127783 -0.064745 0.777011
v 0.084040 -0.040508 0.789326
v 0.046196 -0.012946 0.801637
v 0.127783 -0.068759 0.748819
v 0.084040 -0.043378 0.759066
v 0.046196 -0.014745 0.769288
v 0.127783 -0.070238 0.714934
v 0.084040 -0.044435 0.723495
v 0.046196 -0.015408 0.731973
v -1.803010 -0.070449 -0.278002
v -1.770874 -0.044586 -0.264897
v -1.743071 -0.015502 -0.253559
v -1.824552 -0.070449 -0.216261
v -1.791190 -0.044586 -0.206647
v -1.762325 -0.015502 -0.198330
v -1.837331 -0.070449 -0.152811
v -1.803225 -0.044587 -0.146687
v -1.773717 -0.015502 -0.141389
v 0.504754 -0.017555 0.856231
v 0.457571 -0.021808 0.854522
v 0.410389 -0.024459 0.853892
v 0.504754 -0.047028 0.833666
v 0.457571 -0.053720 0.831067
v 0.410389 -0.057893 0.830109
v 0.504754 -0.071805 0.808718
v 0.457571 -0.080936 0.805399
v 0.410389 -0.086630 0.804176
v 0.504754 -0.102104 0.760130
v 0.457571 -0.114547 0.756826
v 0.410389 -0.122306 0.755622
v 0.504754 -0.108086 0.733563
v 0.457571 -0.121191 0.731090
v 0.410389 -0.129363 0.730284
v 0.504754 -0.110290 0.698760
v 0.457571 -0.123639 0.697478
v 0.410389 -0.131962 0.697361
v 0.127966 -0.004594 0.864750
v 0.085506 0.005046 0.870852
v 0.050763 0.018073 0.876697
v 0.127847 -0.026774 0.846653
v 0.084550 -0.012608 0.856163
v 0.047743 0.005297 0.865598
v 0.127791 -0.044285 0.825316
v 0.084104 -0.025786 0.837538
v 0.046389 -0.003624 0.849751
v -0.886124 -0.110408 0.220389
v -0.887854 -0.123922 0.266802
v -0.890582 -0.132326 0.312980
v -0.927827 -0.110548 0.250091
v -0.927978 -0.123969 0.294733
v -0.928503 -0.132331 0.339264
v -0.958295 -0.110598 0.283819
v -0.958094 -0.123986 0.326756
v -0.957969 -0.132334 0.369629
v -1.681462 -0.110605 0.362332
v -1.707239 -0.123988 0.388545
v -1.733177 -0.132334 0.416528
v -1.739394 -0.110605 0.310761
v -1.768245 -0.123988 0.333306
v -1.797417 -0.132334 0.357507
v -1.791287 -0.110605 0.252103
v -1.822944 -0.123988 0.270550
v -1.855045 -0.132334 0.290487
v 1.828562 -0.020016 0.844483
v 1.780458 -0.023414 0.844483
v 1.732355 -0.025533 0.844483
v 1.828562 -0.006479 0.861669
v 1.780458 -0.008681 0.861669
v 1.732354 -0.010055 0.861669
v 1.828562 0.009110 0.874646
v 1.780458 0.007810 0.874646
v 1.732355 0.007000 0.874646
v 1.353702 -0.015502 -0.388710
v 1.357374 -0.015502 -0.361855
v 1.359308 -0.015502 -0.331936
v 1.388246 -0.044587 -0.407312
v 1.393491 -0.044586 -0.378009
v 1.396495 -0.044586 -0.345595
v 1.428173 -0.070449 -0.428814
v 1.435237 -0.070449 -0.396681
v 1.439478 -0.070449 -0.361384
v 1.313081 -0.015502 -0.451961
v 1.326824 -0.015502 -0.442292
v 1.338507 -0.015502 -0.429054
v 1.335638 -0.044587 -0.479839
v 1.352952 -0.044586 -0.468083
v 1.367986 -0.044586 -0.452522
v 1.361710 -0.070449 -0.512060
v 1.383151 -0.070449 -0.497893
v 1.402058 -0.070449 -0.479648
v 1.159767 -0.015502 -0.460983
v 1.187825 -0.015502 -0.467098
v 1.209851 -0.015502 -0.469766
v 1.161999 -0.044587 -0.493642
v 1.191526 -0.044586 -0.499800
v 1.215375 -0.044586 -0.502447
v 1.164578 -0.070449 -0.531392
v 1.195804 -0.070449 -0.537599
v 1.221759 -0.070449 -0.540221
v 0.777823 -0.015495 -0.231518
v 0.817677 -0.015500 -0.274381
v 0.860889 -0.015502 -0.314941
v 0.774023 -0.044525 -0.270424
v 0.816461 -0.044567 -0.310766
v 0.860737 -0.044584 -0.349605
v 0.765050 -0.070263 -0.317213
v 0.813715 -0.070393 -0.353353
v 0.860393 -0.070442 -0.389739
v 0.963817 -0.015502 -0.384387
v 1.020714 -0.015502 -0.411750
v 1.075284 -0.015502 -0.433780
v 0.963835 -0.044587 -0.417369
v 1.020858 -0.044586 -0.444419
v 1.075772 -0.044586 -0.466353
v 0.963856 -0.070449 -0.455492
v 1.021025 -0.070449 -0.482179
v 1.076335 -0.070449 -0.504001
v 1.246833 -0.015502 -0.469408
v 1.264500 -0.015502 -0.467398
v 1.281557 -0.015502 -0.463975
v 1.256908 -0.044587 -0.501664
v 1.277270 -0.044586 -0.499121
v 1.297308 -0.044586 -0.494841
v 1.268552 -0.070449 -0.538948
v 1.292030 -0.070449 -0.535788
v 1.315515 -0.070449 -0.530517
v 1.360700 -0.015502 -0.265344
v 1.360950 -0.015502 -0.218588
v 1.361042 -0.015502 -0.148596
v 1.398984 -0.044587 -0.273787
v 1.399444 -0.044586 -0.224481
v 1.399614 -0.044586 -0.152239
v 1.443234 -0.070449 -0.283546
v 1.443938 -0.070449 -0.231292
v 1.444197 -0.070449 -0.156448
v -0.282017 -0.009530 0.851414
v -0.238331 -0.000934 0.851397
v -0.200616 0.011960 0.851362
v -0.282073 0.000441 0.868083
v -0.238777 0.006875 0.867950
v -0.201970 0.017568 0.867666
v -0.282193 0.013310 0.880643
v -0.239732 0.017917 0.880241
v -0.204990 0.026333 0.879344
v 1.729122 -0.132334 -0.346600
v 1.731397 -0.132334 -0.275296
v 1.732235 -0.132334 -0.183647
v 1.776892 -0.123988 -0.357166
v 1.779402 -0.123988 -0.282655
v 1.780326 -0.123988 -0.188189
v 1.824732 -0.110605 -0.367802
v 1.827427 -0.110605 -0.290034
v 1.828420 -0.110605 -0.192734
v 1.343827 -0.132334 -0.779893
v 1.387455 -0.132334 -0.772766
v 1.433225 -0.132334 -0.761106
v 1.356687 -0.123988 -0.820592
v 1.403822 -0.123988 -0.812912
v 1.453447 -0.123988 -0.800291
v 1.370059 -0.110605 -0.862119
v 1.420956 -0.110605 -0.854079
v 1.474666 -0.110605 -0.840680
v 0.963997 -0.132334 -0.701851
v 1.022107 -0.132334 -0.726202
v 1.079975 -0.132334 -0.747302
v 0.964063 -0.123988 -0.743416
v 1.022311 -0.123988 -0.767395
v 1.080587 -0.123988 -0.788373
v 0.964204 -0.110605 -0.785743
v 1.022556 -0.110605 -0.809384
v 1.081206 -0.110605 -0.830232
v 0.765654 -0.132348 -0.599429
v 0.814089 -0.132338 -0.622285
v 0.860447 -0.132334 -0.648293
v 0.768921 -0.124100 -0.645490
v 0.815093 -0.124021 -0.667074
v 0.860623 -0.123993 -0.691736
v 0.772102 -0.110981 -0.691526
v 0.816133 -0.110716 -0.712188
v 0.860887 -0.110619 -0.735728
v 1.181241 -0.132334 -0.775333
v 1.223445 -0.132334 -0.781858
v 1.263016 -0.132334 -0.784321
v 1.184018 -0.123988 -0.816456
v 1.228079 -0.123988 -0.823003
v 1.269977 -0.123988 -0.825432
v 1.186786 -0.110605 -0.858272
v 1.232747 -0.110605 -0.864790
v 1.277067 -0.110605 -0.867170
v 1.530258 -0.132334 -0.720347
v 1.578359 -0.132334 -0.690592
v 1.622278 -0.132334 -0.654993
v 1.559093 -0.123988 -0.755887
v 1.611623 -0.123988 -0.723485
v 1.659654 -0.123988 -0.684906
v 1.589148 -0.110605 -0.792770
v 1.646068 -0.110605 -0.757645
v 1.698097 -0.110605 -0.715939
v 1.686190 -0.132334 -0.567788
v 1.704984 -0.132334 -0.517353
v 1.717201 -0.132334 -0.463417
v 1.729670 -0.123988 -0.591399
v 1.750306 -0.123988 -0.537788
v 1.763747 -0.123988 -0.480631
v 1.773856 -0.110605 -0.615728
v 1.796131 -0.110605 -0.558729
v 1.810608 -0.110605 -0.498159
v 0.316023 -0.125314 -0.875106
v 0.268840 -0.117377 -0.870233
v 0.221659 -0.104646 -0.868731
v 0.316023 -0.130251 -0.823619
v 0.268844 -0.122010 -0.815443
v 0.221673 -0.108775 -0.812485
v 0.316025 -0.132065 -0.767814
v 0.268856 -0.123677 -0.755386
v 0.221712 -0.110159 -0.749864
v -0.470250 -0.025533 0.851416
v -0.423067 -0.023414 0.851416
v -0.375884 -0.020016 0.851416
v -0.470249 -0.010055 0.868101
v -0.423067 -0.008681 0.868101
v -0.375884 -0.006479 0.868101
v -0.470249 0.007000 0.880701
v -0.423067 0.007810 0.880701
v -0.375884 0.009110 0.880701
v 0.411149 -0.132394 -0.706258
v 0.417143 -0.132412 -0.662103
v 0.433501 -0.132408 -0.623806
v 0.457513 -0.124471 -0.734230
v 0.462459 -0.124615 -0.695947
v 0.476592 -0.124578 -0.663030
v 0.502685 -0.112233 -0.761310
v 0.506259 -0.112721 -0.728613
v 0.518358 -0.112595 -0.701088
v 0.677864 -0.067324 -0.771516
v 0.698784 -0.044502 -0.814949
v 0.664893 -0.061830 -0.783513
v 0.635827 -0.079842 -0.748197
v 0.664156 -0.080828 -0.743509
v 0.699367 -0.078306 -0.750538
v 0.704609 -0.060100 -0.786616
v 0.450161 -0.031643 -0.236232
v 0.278264 -0.009572 -0.262836
v 0.371532 -0.003206 -0.217153
v 0.444028 0.011442 -0.182525
v 0.519221 -0.003702 -0.187600
v 0.623507 -0.011487 -0.188270
v 0.598683 -0.039849 -0.229843
v 0.586561 -0.066902 -0.278944
v 0.460250 -0.064699 -0.287286
v 0.343455 -0.065215 -0.317741
v 0.316961 -0.037579 -0.286080
v 0.094627 -0.031401 -0.545745
v 0.047209 -0.010528 -0.703834
v 0.046451 -0.003429 -0.629213
v 0.041304 0.011474 -0.570399
v 0.075878 -0.003180 -0.492757
v 0.123582 -0.009567 -0.404496
v 0.148995 -0.037555 -0.431050
v 0.182894 -0.065189 -0.443813
v 0.144609 -0.064480 -0.531568
v 0.130619 -0.066122 -0.620420
v 0.086256 -0.038719 -0.651809
v 0.316023 -0.024459 0.853892
v 0.268840 -0.021808 0.854522
v 0.221657 -0.017555 0.856231
v 0.316023 -0.057893 0.830109
v 0.268840 -0.053720 0.831067
v 0.221657 -0.047028 0.833666
v 0.316023 -0.086630 0.804176
v 0.268840 -0.080936 0.805399
v 0.221657 -0.071805 0.808719
v 0.316023 -0.122306 0.755667
v 0.268840 -0.114547 0.756920
v 0.221657 -0.102104 0.760281
v 0.316023 -0.129363 0.730643
v 0.268840 -0.121191 0.731839
v 0.221657 -0.108086 0.734767
v 0.316023 -0.131962 0.698571
v 0.268840 -0.123639 0.700007
v 0.221657 -0.110290 0.702823
v 0.680216 -0.012946 0.801165
v 0.642371 -0.040508 0.788936
v 0.598629 -0.064745 0.776709
v 0.680216 -0.014745 0.765516
v 0.642371 -0.043378 0.755951
v 0.598629 -0.068759 0.746405
v 0.680216 -0.015408 0.719240
v 0.642371 -0.044435 0.712980
v 0.598628 -0.070238 0.706786
v 0.675648 0.018073 0.876697
v 0.640906 0.005046 0.870852
v 0.598445 -0.004594 0.864750
v 0.678668 0.005297 0.865598
v 0.641861 -0.012608 0.856163
v 0.598565 -0.026774 0.846653
v 0.680022 -0.003624 0.849751
v 0.642307 -0.025786 0.837538
v 0.598621 -0.044285 0.825316
v -1.585938 -0.015502 0.268547
v -1.606538 -0.044587 0.288743
v -1.630349 -0.070449 0.312087
v -1.632770 -0.015502 0.230374
v -1.655761 -0.044587 0.247682
v -1.682336 -0.070449 0.267688
v -1.674487 -0.015502 0.186613
v -1.699671 -0.044587 0.200712
v -1.728780 -0.070449 0.217007
v -0.917345 -0.015495 0.036075
v -0.912407 -0.044525 0.075163
v -0.901257 -0.070263 0.122180
v -0.938338 -0.015500 0.080607
v -0.936485 -0.044567 0.117005
v -0.932750 -0.070393 0.159613
v -0.960488 -0.015502 0.123610
v -0.960067 -0.044584 0.158146
v -0.959380 -0.070442 0.198131
v -1.942970 -0.132334 -0.335447
v -1.907133 -0.123988 -0.320573
v -1.872037 -0.110605 -0.306165
v -1.969938 -0.132334 -0.258072
v -1.932674 -0.123988 -0.247392
v -1.896217 -0.110605 -0.236908
v -1.986010 -0.132334 -0.178987
v -1.947879 -0.123988 -0.172506
v -1.910596 -0.110605 -0.165946
v -1.018885 -0.015502 -0.389946
v -1.050309 -0.015502 -0.422886
v -1.085641 -0.015502 -0.452362
v -1.018816 -0.044587 -0.423634
v -1.051009 -0.044586 -0.456276
v -1.087302 -0.044586 -0.485512
v -1.018737 -0.070449 -0.462572
v -1.051818 -0.070449 -0.494869
v -1.089222 -0.070449 -0.523830
v -1.170243 -0.015502 -0.499747
v -1.219181 -0.015502 -0.516471
v -1.271357 -0.015502 -0.527359
v -1.174182 -0.044587 -0.531938
v -1.224415 -0.044586 -0.547872
v -1.278038 -0.044586 -0.557891
v -1.178735 -0.070449 -0.569145
v -1.230466 -0.070449 -0.584165
v -1.285761 -0.070449 -0.593183
v -1.381581 -0.015502 -0.528107
v -1.437563 -0.015502 -0.517134
v -1.492651 -0.015502 -0.498656
v -1.391754 -0.044587 -0.557058
v -1.449798 -0.044586 -0.545270
v -1.507135 -0.044586 -0.525699
v -1.403512 -0.070449 -0.590521
v -1.463940 -0.070449 -0.577791
v -1.523877 -0.070449 -0.556956
v -1.595708 -0.015502 -0.439680
v -1.641489 -0.015502 -0.400246
v -1.682004 -0.015502 -0.355433
v -1.615142 -0.044587 -0.462931
v -1.663440 -0.044586 -0.420785
v -1.706291 -0.044586 -0.372958
v -1.637604 -0.070449 -0.489805
v -1.688812 -0.070449 -0.444525
v -1.734363 -0.070449 -0.393214
v -1.738335 -0.015502 0.086019
v -1.766704 -0.044587 0.093429
v -1.799493 -0.070449 0.101994
v -1.759122 -0.015502 0.031042
v -1.788368 -0.044587 0.035168
v -1.822173 -0.070449 0.039937
v -1.772101 -0.015502 -0.025807
v -1.801802 -0.044587 -0.024900
v -1.836130 -0.070449 -0.023852
v -0.918992 -0.015495 -0.231160
v -0.941575 -0.015500 -0.273680
v -0.965237 -0.015502 -0.314818
v -0.913925 -0.044525 -0.270406
v -0.939357 -0.044567 -0.310499
v -0.964251 -0.044584 -0.350007
v -0.902702 -0.070263 -0.317565
v -0.935222 -0.070393 -0.353581
v -0.962915 -0.070442 -0.390746
v -1.011513 -0.015502 0.201758
v -1.012324 -0.044587 0.234432
v -1.013262 -0.070449 0.272197
v -1.041854 -0.015502 0.235892
v -1.043563 -0.044587 0.268125
v -1.045539 -0.070449 0.305380
v -1.076237 -0.015502 0.266491
v -1.079021 -0.044587 0.298351
v -1.082238 -0.070449 0.335176
v -1.159296 -0.015502 0.316341
v -1.164542 -0.044587 0.346946
v -1.170606 -0.070449 0.382320
v -1.207658 -0.015502 0.334488
v -1.214268 -0.044587 0.364133
v -1.221909 -0.070449 0.398397
v -1.259431 -0.015502 0.346893
v -1.267536 -0.044587 0.375489
v -1.276904 -0.070449 0.408542
v -1.369497 -0.015502 0.350839
v -1.381112 -0.044587 0.377472
v -1.394538 -0.070449 0.408255
v -1.425745 -0.015502 0.341483
v -1.439391 -0.044587 0.367107
v -1.455164 -0.070449 0.396726
v -1.481316 -0.015502 0.324589
v -1.497154 -0.044587 0.348931
v -1.515460 -0.070449 0.377067
v -0.282017 -0.009530 -1.057358
v -0.282073 0.000441 -1.070774
v -0.282193 0.013310 -1.080883
v -0.238331 -0.000934 -1.057345
v -0.238777 0.006875 -1.070667
v -0.239732 0.017917 -1.080559
v -0.200616 0.011960 -1.057316
v -0.201970 0.017568 -1.070439
v -0.204990 0.026333 -1.079837
v -0.739872 -0.109656 0.184747
v -0.641709 -0.109345 0.188092
v -0.545258 -0.109412 0.213742
v -0.751945 -0.123699 0.233118
v -0.662208 -0.123612 0.235340
v -0.574614 -0.123635 0.257516
v -0.765938 -0.132298 0.281353
v -0.684630 -0.132287 0.282933
v -0.605701 -0.132290 0.302427
v -0.610785 -0.031643 -0.237910
v -0.783717 -0.011487 -0.189005
v -0.756984 -0.039849 -0.230921
v -0.741986 -0.066902 -0.280215
v -0.617751 -0.064699 -0.288899
v -0.501070 -0.065215 -0.319655
v -0.476505 -0.037579 -0.288632
v -0.439822 -0.009572 -0.266167
v -0.535044 -0.003206 -0.219371
v -0.609335 0.011442 -0.183939
v -0.682144 -0.003702 -0.188666
v -0.500263 -0.132290 -0.544421
v -0.479159 -0.132287 -0.592257
v -0.471374 -0.132298 -0.647509
v -0.457213 -0.123635 -0.507587
v -0.433312 -0.123612 -0.561637
v -0.424435 -0.123699 -0.623266
v -0.415518 -0.109410 -0.477124
v -0.388058 -0.109335 -0.539078
v -0.377701 -0.109627 -0.607849
v 1.539940 -0.020016 0.844483
v 1.539940 -0.006479 0.861669
v 1.539940 0.009110 0.874646
v 1.588044 -0.023414 0.844483
v 1.588044 -0.008681 0.861669
v 1.588044 0.007810 0.874646
v 1.636147 -0.025533 0.844483
v 1.636147 -0.010055 0.861669
v 1.636147 0.007000 0.874646
v -0.470249 -0.025533 -1.057360
v -0.470250 -0.010055 -1.070789
v -0.470250 0.007000 -1.080929
v -0.423067 -0.023414 -1.057360
v -0.423067 -0.008681 -1.070789
v -0.423067 0.007810 -1.080929
v -0.375884 -0.020016 -1.057360
v -0.375884 -0.006479 -1.070789
v -0.375884 0.009110 -1.080929
v -2.248713 -0.015502 -0.468574
v -2.216152 -0.044587 -0.454244
v -2.178517 -0.070449 -0.437680
v -2.289242 -0.015502 -0.348209
v -2.255204 -0.044587 -0.338634
v -2.215859 -0.070449 -0.327566
v -2.313652 -0.015502 -0.225928
v -2.278702 -0.044587 -0.221133
v -2.238306 -0.070449 -0.215592
v -0.896650 -0.132348 0.405209
v -0.899781 -0.124100 0.451109
v -0.902841 -0.110981 0.496698
v -0.929948 -0.132338 0.428149
v -0.930806 -0.124021 0.472458
v -0.931687 -0.110716 0.516646
v -0.957913 -0.132334 0.455113
v -0.957973 -0.123993 0.497719
v -0.958066 -0.110619 0.540259
v -1.785832 -0.132334 0.481049
v -1.812548 -0.123988 0.517587
v -1.839425 -0.110605 0.555895
v -1.857307 -0.132334 0.413911
v -1.888026 -0.123988 0.446114
v -1.919064 -0.110605 0.479973
v -1.921388 -0.132334 0.337568
v -1.955631 -0.123988 0.364710
v -1.990317 -0.110605 0.393344
v -1.472302 -0.132334 0.622254
v -1.481166 -0.123988 0.664923
v -1.489155 -0.110605 0.709066
v -1.550699 -0.132334 0.605136
v -1.563725 -0.123988 0.647762
v -1.576130 -0.110605 0.692052
v -1.630362 -0.132334 0.577092
v -1.648000 -0.123988 0.618863
v -1.665311 -0.110605 0.662414
v -1.201479 -0.132334 0.613771
v -1.202823 -0.123988 0.653748
v -1.203356 -0.110605 0.694008
v -1.261337 -0.132334 0.625747
v -1.263360 -0.123988 0.666448
v -1.264413 -0.110605 0.707732
v -1.326589 -0.132334 0.631407
v -1.329909 -0.123988 0.672894
v -1.332172 -0.110605 0.715291
v -1.018026 -0.132334 0.515066
v -1.018227 -0.123988 0.555100
v -1.018300 -0.110605 0.595024
v -1.055572 -0.132334 0.544873
v -1.055994 -0.123988 0.584306
v -1.056149 -0.110605 0.623621
v -1.098580 -0.132334 0.572340
v -1.099267 -0.123988 0.611593
v -1.099520 -0.110605 0.650773
v -0.896738 -0.132348 -0.601804
v -0.930089 -0.132338 -0.624678
v -0.958112 -0.132334 -0.651570
v -0.899807 -0.124100 -0.647769
v -0.930848 -0.124021 -0.669099
v -0.958032 -0.123993 -0.694338
v -0.902844 -0.110981 -0.693382
v -0.931692 -0.110716 -0.713327
v -0.958073 -0.110619 -0.736938
v -2.066305 -0.132334 -0.010871
v -2.048228 -0.132334 0.079452
v -2.018030 -0.132334 0.168384
v -2.108584 -0.123988 -0.005853
v -2.089484 -0.123988 0.090045
v -2.057591 -0.123988 0.184543
v -2.151680 -0.110605 -0.000229
v -2.131487 -0.110605 0.101488
v -2.097805 -0.110605 0.201781
v -1.786241 -0.132334 -0.676696
v -1.857672 -0.132334 -0.609714
v -1.921703 -0.132334 -0.533891
v -1.812669 -0.123988 -0.713988
v -1.888134 -0.123988 -0.642714
v -1.955724 -0.123988 -0.561879
v -1.839440 -0.110605 -0.752574
v -1.919077 -0.110605 -0.676867
v -1.990329 -0.110605 -0.590825
v -1.472807 -0.132334 -0.818129
v -1.551193 -0.132334 -0.800943
v -1.630837 -0.132334 -0.772832
v -1.481316 -0.123988 -0.861369
v -1.563872 -0.123988 -0.844188
v -1.648141 -0.123988 -0.815269
v -1.489174 -0.110605 -0.905723
v -1.576149 -0.110605 -0.888706
v -1.665328 -0.110605 -0.859066
v -1.201937 -0.132334 -0.809902
v -1.261820 -0.132334 -0.821819
v -1.327089 -0.132334 -0.827415
v -1.202958 -0.123988 -0.850270
v -1.263502 -0.123988 -0.862953
v -1.330057 -0.123988 -0.869380
v -1.203373 -0.110605 -0.890675
v -1.264430 -0.110605 -0.904396
v -1.332190 -0.110605 -0.911953
v -1.018335 -0.132334 -0.711398
v -1.055926 -0.132334 -0.741155
v -1.098974 -0.132334 -0.768575
v -1.018318 -0.123988 -0.751682
v -1.056099 -0.123988 -0.780873
v -1.099383 -0.123988 -0.808146
v -1.018312 -0.110605 -0.791698
v -1.056163 -0.110605 -0.820294
v -1.099534 -0.110605 -0.847443
v -0.829959 -0.067301 0.580928
v -0.848392 -0.078301 0.557598
v -0.816734 -0.080824 0.552581
v -0.789729 -0.079834 0.561172
v -0.817866 -0.061767 0.595849
v -0.849011 -0.044320 0.626519
v -0.853871 -0.060055 0.594752
v -0.587737 -0.132408 -0.624889
v -0.630822 -0.124578 -0.664745
v -0.672586 -0.112595 -0.703412
v -0.571373 -0.132412 -0.662132
v -0.616687 -0.124615 -0.696753
v -0.660486 -0.112721 -0.730170
v -0.565376 -0.132394 -0.705481
v -0.611740 -0.124471 -0.734341
v -0.656911 -0.112234 -0.762289
v -0.795435 -0.132394 -0.574040
v -0.809989 -0.124471 -0.621611
v -0.823993 -0.112234 -0.667927
v -0.731364 -0.132412 -0.571814
v -0.754424 -0.124615 -0.619145
v -0.776699 -0.112721 -0.664877
v -0.669720 -0.132408 -0.578922
v -0.701374 -0.124578 -0.625198
v -0.732176 -0.112596 -0.670030
v -0.795415 -0.132394 0.377769
v -0.731358 -0.132412 0.378410
v -0.669719 -0.132408 0.393341
v -0.809984 -0.124471 0.425280
v -0.754423 -0.124615 0.425290
v -0.701373 -0.124578 0.438080
v -0.823992 -0.112233 0.471540
v -0.776699 -0.112721 0.470587
v -0.732176 -0.112595 0.481433
v -0.587737 -0.132148 0.478285
v -0.571373 -0.130332 0.543200
v -0.565376 -0.125375 0.612215
v -0.630822 -0.124334 0.511198
v -0.616687 -0.122657 0.567210
v -0.611740 -0.117862 0.627421
v -0.672586 -0.112375 0.543202
v -0.660486 -0.110958 0.590364
v -0.656911 -0.106283 0.641996
v -0.241642 -0.030792 0.406703
v -0.331276 -0.065048 0.298822
v -0.293723 -0.037485 0.271473
v -0.264191 -0.009556 0.231910
v -0.218671 -0.003124 0.330932
v -0.187198 0.011534 0.408536
v -0.195307 -0.002924 0.479252
v -0.198372 -0.008745 0.568541
v -0.236665 -0.035889 0.540095
v -0.281865 -0.062135 0.534490
v -0.294181 -0.063322 0.416524
v 0.598487 -0.044285 0.217412
v 0.598354 -0.026774 0.127425
v 0.598168 -0.004594 0.049666
v 0.642268 -0.025786 0.216174
v 0.641799 -0.012608 0.126923
v 0.640902 0.005046 0.050865
v 0.680027 -0.003624 0.215901
v 0.678742 0.005297 0.128201
v 0.676095 0.018073 0.055786
v 0.407474 -0.086630 0.238642
v 0.405801 -0.057893 0.150681
v 0.404128 -0.024459 0.074167
v 0.456141 -0.080936 0.230481
v 0.455320 -0.053720 0.141360
v 0.454499 -0.021808 0.063913
v 0.504090 -0.071805 0.224327
v 0.503708 -0.047028 0.134617
v 0.503327 -0.017555 0.056773
v 0.205827 -0.071805 0.300645
v 0.196744 -0.047028 0.226757
v 0.187662 -0.017555 0.162930
v 0.256003 -0.080936 0.278524
v 0.248637 -0.053720 0.199563
v 0.241272 -0.021808 0.131155
v 0.307016 -0.086630 0.261812
v 0.301848 -0.057893 0.178815
v 0.296680 -0.024459 0.106729
v 0.038472 -0.003624 0.443475
v 0.034828 0.005297 0.395453
v 0.032252 0.018073 0.352857
v 0.072116 -0.025786 0.405866
v 0.065536 -0.012608 0.351940
v 0.059279 0.005046 0.305178
v 0.112424 -0.044285 0.366187
v 0.103644 -0.026774 0.305341
v 0.094905 -0.004594 0.252932
v 0.046131 -0.015408 0.644400
v 0.045681 -0.014745 0.595722
v 0.044459 -0.012946 0.545235
v 0.083942 -0.044435 0.633071
v 0.083256 -0.043378 0.579219
v 0.081392 -0.040508 0.522060
v 0.127657 -0.070238 0.621354
v 0.126775 -0.068759 0.562059
v 0.124383 -0.064745 0.497871
v 0.221527 -0.110290 0.603193
v 0.220619 -0.108086 0.534944
v 0.218154 -0.102104 0.459141
v 0.268735 -0.123639 0.597748
v 0.267998 -0.121191 0.526468
v 0.265999 -0.114547 0.446728
v 0.315949 -0.131962 0.593913
v 0.315432 -0.129363 0.520294
v 0.314030 -0.122306 0.437558
v 0.410365 -0.131962 0.588386
v 0.410197 -0.129363 0.511218
v 0.409743 -0.122306 0.424228
v 0.457560 -0.123639 0.586203
v 0.457478 -0.121191 0.507529
v 0.457255 -0.114547 0.418959
v 0.504749 -0.110290 0.584648
v 0.504711 -0.108086 0.504568
v 0.504607 -0.102104 0.414712
v 0.598627 -0.070238 0.584201
v 0.598620 -0.068759 0.501427
v 0.598599 -0.064745 0.409720
v 0.642371 -0.044435 0.585142
v 0.642368 -0.043378 0.501113
v 0.642362 -0.040508 0.408776
v 0.680215 -0.015408 0.586376
v 0.680215 -0.014745 0.501260
v 0.680214 -0.012946 0.408461
v 1.444242 -0.009530 0.844480
v 1.399703 -0.000934 0.844463
v 1.361252 0.011960 0.844427
v 1.444299 0.000441 0.861649
v 1.400158 0.006875 0.861513
v 1.362633 0.017568 0.861220
v 1.444421 0.013310 0.874587
v 1.401132 0.017917 0.874173
v 1.365712 0.026333 0.873249
v 1.444234 -0.070302 0.098532
v 1.399638 -0.044481 0.099458
v 1.361055 -0.015436 0.100258
v 1.444234 -0.069266 0.266966
v 1.399638 -0.043741 0.267240
v 1.361055 -0.014972 0.267477
v 1.444234 -0.066456 0.434580
v 1.399638 -0.041732 0.434615
v 1.361055 -0.013713 0.434644
v 1.539940 -0.110384 0.096547
v 1.539940 -0.108842 0.266378
v 1.539940 -0.104655 0.434507
v 1.588044 -0.123744 0.095549
v 1.588044 -0.122030 0.266082
v 1.588044 -0.117380 0.434470
v 1.636147 -0.132074 0.094551
v 1.636147 -0.130254 0.265786
v 1.636147 -0.125314 0.434433
v 1.828562 -0.110384 0.090558
v 1.780458 -0.123744 0.091556
v 1.732355 -0.132074 0.092554
v 1.828562 -0.108842 0.264603
v 1.780458 -0.122030 0.264899
v 1.732354 -0.130254 0.265195
v 1.828562 -0.104655 0.434285
v 1.780458 -0.117380 0.434322
v 1.732355 -0.125314 0.434359
v 1.924268 -0.070302 0.088573
v 1.924268 -0.069266 0.264015
v 1.924268 -0.066456 0.434212
v 1.968864 -0.044481 0.087647
v 1.968864 -0.043741 0.263741
v 1.968864 -0.041732 0.434177
v 2.007447 -0.015436 0.086847
v 2.007447 -0.014972 0.263503
v 2.007447 -0.013713 0.434148
v 0.316023 -0.061209 -1.017310
v 0.268840 -0.057025 -1.017271
v 0.221657 -0.050316 -1.017259
v 0.316023 -0.081525 -0.991089
v 0.268840 -0.076152 -0.990774
v 0.221657 -0.067537 -0.990682
v 0.316023 -0.100504 -0.959183
v 0.268840 -0.094021 -0.958122
v 0.221657 -0.083624 -0.957810
v 0.127782 -0.029991 -1.017368
v 0.084040 -0.015660 -1.017479
v 0.046195 0.002628 -1.017596
v 0.127782 -0.041547 -0.991556
v 0.084040 -0.023922 -0.992438
v 0.046195 -0.002551 -0.993377
v 0.127782 -0.052343 -0.960758
v 0.084040 -0.031641 -0.963738
v 0.046195 -0.007389 -0.966905
v 0.681144 -0.020502 -0.889741
v 0.680750 -0.016400 -0.908595
v 0.680282 -0.013892 -0.927461
v 0.640095 -0.047665 -0.877676
v 0.641826 -0.044665 -0.899836
v 0.642303 -0.041847 -0.922006
v 0.596086 -0.072064 -0.863707
v 0.597891 -0.069786 -0.889772
v 0.598536 -0.066521 -0.915708
v 0.504754 -0.050316 -1.017530
v 0.457571 -0.057025 -1.017474
v 0.410388 -0.061209 -1.017419
v 0.504754 -0.067537 -0.992845
v 0.457571 -0.076152 -0.992401
v 0.410388 -0.081525 -0.991958
v 0.504754 -0.083624 -0.965111
v 0.457571 -0.094021 -0.963613
v 0.410388 -0.100504 -0.962116
v -0.470253 -0.132066 -0.765775
v -0.470250 -0.130252 -0.823010
v -0.470250 -0.125314 -0.876094
v -0.423091 -0.123677 -0.752792
v -0.423074 -0.122010 -0.814398
v -0.423068 -0.117377 -0.870934
v -0.375965 -0.110159 -0.747157
v -0.375908 -0.108775 -0.811326
v -0.375887 -0.104646 -0.869349
v -0.282360 -0.069333 -0.771305
v -0.282113 -0.068979 -0.831728
v -0.282022 -0.066420 -0.883249
v -0.238702 -0.043278 -0.800489
v -0.238396 -0.043384 -0.853761
v -0.238283 -0.041687 -0.897474
v -0.200773 -0.014467 -0.834937
v -0.200526 -0.014685 -0.878196
v -0.200435 -0.013677 -0.912719
v -0.750270 -0.072064 -0.866444
v -0.793978 -0.047665 -0.881044
v -0.834214 -0.020502 -0.893461
v -0.752103 -0.069786 -0.892863
v -0.795934 -0.044665 -0.903466
v -0.834601 -0.016400 -0.912631
v -0.752761 -0.066521 -0.919117
v -0.796515 -0.041847 -0.925787
v -0.834462 -0.013891 -0.931557
v -0.658359 -0.110760 -0.833771
v -0.658797 -0.108953 -0.869790
v -0.658958 -0.104668 -0.904762
v -0.611614 -0.123855 -0.816833
v -0.611744 -0.122063 -0.858043
v -0.611791 -0.117384 -0.897529
v -0.564592 -0.132088 -0.799685
v -0.564608 -0.130258 -0.846234
v -0.564614 -0.125315 -0.890287
v -0.881134 0.054156 -1.020054
v -0.881134 0.053056 -0.997854
v -0.881134 0.052028 -0.975718
v -0.887032 0.085418 -1.020062
v -0.887032 0.085418 -0.997913
v -0.887032 0.085418 -0.975917
v -0.881134 0.116680 -1.020054
v -0.881134 0.117780 -0.997854
v -0.881134 0.118808 -0.975718
v -0.881325 0.050558 -0.938837
v -0.882666 0.049402 -0.925230
v -0.886534 0.047147 -0.914330
v -0.887231 0.085418 -0.939807
v -0.888627 0.085418 -0.927226
v -0.892584 0.085418 -0.918307
v -0.881325 0.120278 -0.938837
v -0.882666 0.121433 -0.925230
v -0.886534 0.123689 -0.914330
v -0.913273 0.047133 -0.912115
v -0.934660 0.049290 -0.922436
v -0.958435 0.050178 -0.937239
v -0.915787 0.085418 -0.918454
v -0.935373 0.085418 -0.928148
v -0.958524 0.085418 -0.942576
v -0.913273 0.123703 -0.912115
v -0.934660 0.121546 -0.922436
v -0.958435 0.120658 -0.937239
v -1.018311 0.050305 -0.979397
v -1.056172 0.050305 -1.005106
v -1.099556 0.050305 -1.031739
v -1.018311 0.085418 -0.984380
v -1.056171 0.085418 -1.010012
v -1.099556 0.085418 -1.036631
v -1.018311 0.120531 -0.979397
v -1.056172 0.120531 -1.005106
v -1.099556 0.120531 -1.031739
v -1.203710 0.050305 -1.081009
v -1.266789 0.050305 -1.100350
v -1.340008 0.050305 -1.114019
v -1.203718 0.085418 -1.086062
v -1.266850 0.085418 -1.105553
v -1.340214 0.085418 -1.119385
v -1.203710 0.120531 -1.081009
v -1.266789 0.120531 -1.100350
v -1.340008 0.120531 -1.114019
v -1.524439 0.050305 -1.117523
v -1.632884 0.050305 -1.101701
v -1.745937 0.050305 -1.068894
v -1.525373 0.085418 -1.123149
v -1.634389 0.085418 -1.107359
v -1.748077 0.085418 -1.074468
v -1.524439 0.120531 -1.117523
v -1.632884 0.120531 -1.101701
v -1.745937 0.120531 -1.068894
v -1.966400 0.050305 -0.937696
v -2.066056 0.050305 -0.840737
v -2.154813 0.050305 -0.729656
v -1.969771 0.085418 -0.942614
v -2.069959 0.085418 -0.845090
v -2.159181 0.085418 -0.733344
v -1.966400 0.120531 -0.937696
v -2.066056 0.120531 -0.840737
v -2.154813 0.120531 -0.729656
v -2.288885 0.050305 -0.486255
v -2.331239 0.050305 -0.360023
v -2.356772 0.050305 -0.231842
v -2.293959 0.085418 -0.488488
v -2.336544 0.085418 -0.361515
v -2.362219 0.085418 -0.232589
v -2.288885 0.120531 -0.486255
v -2.331239 0.120531 -0.360023
v -2.356772 0.120531 -0.231842
v -2.356772 0.050305 0.027863
v -2.331239 0.050305 0.157625
v -2.288885 0.050305 0.285813
v -2.362219 0.085418 0.028610
v -2.336544 0.085418 0.159118
v -2.293959 0.085418 0.288046
v -2.356772 0.120531 0.027863
v -2.331239 0.120531 0.157625
v -2.288885 0.120531 0.285813
v -2.154813 0.050305 0.532131
v -2.066055 0.050305 0.643802
v -1.966400 0.050305 0.740978
v -2.159181 0.085418 0.535819
v -2.069959 0.085418 0.648155
v -1.969771 0.085418 0.745896
v -2.154813 0.120531 0.532131
v -2.066056 0.120531 0.643802
v -1.966400 0.120531 0.740978
v -1.745937 0.050305 0.872207
v -1.632884 0.050305 0.905014
v -1.524439 0.050305 0.920836
v -1.748077 0.085418 0.877780
v -1.634389 0.085418 0.910672
v -1.525373 0.085418 0.926462
v -1.745937 0.120531 0.872207
v -1.632884 0.120531 0.905014
v -1.524439 0.120531 0.920836
v -1.340008 0.050305 0.917332
v -1.266789 0.050305 0.903663
v -1.203710 0.050305 0.884322
v -1.340214 0.085418 0.922698
v -1.266850 0.085418 0.908866
v -1.203718 0.085418 0.889375
v -1.340008 0.120531 0.917332
v -1.266789 0.120531 0.903663
v -1.203710 0.120531 0.884322
v -1.099556 0.050305 0.835051
v -1.056172 0.050305 0.808419
v -1.018311 0.050305 0.782710
v -1.099556 0.085418 0.839944
v -1.056171 0.085418 0.813325
v -1.018311 0.085418 0.787693
v -1.099556 0.120531 0.835051
v -1.056172 0.120531 0.808419
v -1.018311 0.120531 0.782710
v -0.958435 0.050183 0.740765
v -0.934660 0.049332 0.727458
v -0.913273 0.047307 0.721377
v -0.958524 0.085418 0.746117
v -0.935373 0.085418 0.733283
v -0.915787 0.085418 0.728025
v -0.958435 0.120652 0.740765
v -0.934660 0.121504 0.727458
v -0.913273 0.123529 0.721377
v -0.880707 0.056210 0.851359
v -0.877721 0.057905 0.867648
v -0.869748 0.060654 0.879287
v -0.886577 0.085418 0.851378
v -0.883391 0.085418 0.867799
v -0.874763 0.085418 0.879782
v -0.880707 0.114626 0.851360
v -0.877721 0.112931 0.867648
v -0.869748 0.110182 0.879287
v -0.829681 0.060665 0.891378
v -0.795069 0.057998 0.893746
v -0.752664 0.056523 0.894632
v -0.831348 0.085418 0.892867
v -0.795578 0.085418 0.895429
v -0.752728 0.085418 0.896375
v -0.829681 0.110171 0.891378
v -0.795069 0.112838 0.893745
v -0.752664 0.114313 0.894632
v -0.658981 0.055571 0.894759
v -0.611798 0.055299 0.894759
v -0.564615 0.055130 0.894759
v -0.658981 0.085418 0.896510
v -0.611798 0.085418 0.896510
v -0.564615 0.085418 0.896510
v -0.658981 0.115265 0.894759
v -0.611798 0.115537 0.894759
v -0.564615 0.115706 0.894759
v -0.470249 0.055130 0.894759
v -0.423067 0.055299 0.894759
v -0.375884 0.055571 0.894759
v -0.470249 0.085418 0.896510
v -0.423067 0.085418 0.896510
v -0.375884 0.085418 0.896510
v -0.470249 0.115706 0.894759
v -0.423067 0.115537 0.894759
v -0.375884 0.115265 0.894759
v -0.282201 0.056523 0.894632
v -0.239796 0.057998 0.893746
v -0.205183 0.060665 0.891378
v -0.282137 0.085418 0.896375
v -0.239286 0.085418 0.895429
v -0.203517 0.085418 0.892867
v -0.282201 0.114313 0.894632
v -0.239796 0.112838 0.893745
v -0.205183 0.110171 0.891378
v -0.153727 0.054164 0.804375
v -0.153701 0.053120 0.771962
v -0.153629 0.052246 0.731352
v -0.147831 0.085418 0.804431
v -0.147816 0.085418 0.772414
v -0.147775 0.085418 0.732875
v -0.153727 0.116672 0.804374
v -0.153701 0.117716 0.771962
v -0.153629 0.118590 0.731352
v -0.153344 0.051865 0.619772
v -0.153583 0.053553 0.553004
v -0.154982 0.057071 0.485338
v -0.147692 0.085418 0.626359
v -0.148393 0.085418 0.561472
v -0.150739 0.085418 0.492320
v -0.153344 0.118971 0.619772
v -0.153583 0.117283 0.553004
v -0.154982 0.113765 0.485338
v -0.170818 0.057065 0.341498
v -0.192556 0.053505 0.259186
v -0.229229 0.051702 0.173532
v -0.167776 0.085418 0.336706
v -0.188993 0.085418 0.251359
v -0.224790 0.085418 0.166184
v -0.170818 0.113771 0.341498
v -0.192555 0.117331 0.259186
v -0.229229 0.119134 0.173532
v -0.364689 0.051702 0.037366
v -0.453665 0.053505 -0.003557
v -0.539476 0.057065 -0.030176
v -0.357142 0.085418 0.033401
v -0.445962 0.085418 -0.006773
v -0.535159 0.085418 -0.033183
v -0.364689 0.119134 0.037366
v -0.453665 0.117331 -0.003557
v -0.539476 0.113771 -0.030176
v -0.685592 0.057049 -0.053295
v -0.753926 0.053376 -0.056560
v -0.825273 0.051268 -0.057812
v -0.693165 0.085418 -0.058120
v -0.762372 0.085418 -0.062321
v -0.830565 0.085418 -0.063926
v -0.685592 0.113787 -0.053295
v -0.753926 0.117460 -0.056560
v -0.825273 0.119568 -0.057812
v -0.918526 0.050305 -0.010507
v -0.939053 0.050305 0.036226
v -0.960812 0.050305 0.081066
v -0.918594 0.085418 -0.016364
v -0.939117 0.085418 0.030629
v -0.960850 0.085418 0.075693
v -0.918526 0.120531 -0.010507
v -0.939053 0.120531 0.036226
v -0.960813 0.120531 0.081066
v -1.010512 0.050305 0.161447
v -1.039745 0.050305 0.196125
v -1.072802 0.050305 0.227184
v -1.010385 0.085418 0.156355
v -1.039479 0.085418 0.191102
v -1.072368 0.085418 0.222219
v -1.010512 0.120531 0.161447
v -1.039745 0.120531 0.196125
v -1.072802 0.120531 0.227184
v -1.152824 0.050305 0.278581
v -1.199502 0.050305 0.297913
v -1.249432 0.050305 0.311612
v -1.152006 0.085418 0.273812
v -1.198472 0.085418 0.293293
v -1.248169 0.085418 0.307155
v -1.152824 0.120531 0.278581
v -1.199502 0.120531 0.297913
v -1.249432 0.120531 0.311612
v -1.355167 0.050305 0.317980
v -1.408909 0.050305 0.309868
v -1.461776 0.050305 0.294555
v -1.353357 0.085418 0.313830
v -1.406782 0.085418 0.305874
v -1.459308 0.085418 0.290762
v -1.355167 0.120531 0.317980
v -1.408909 0.120531 0.309868
v -1.461776 0.120531 0.294556
v -1.560522 0.050305 0.243629
v -1.604403 0.050305 0.209019
v -1.643415 0.050305 0.169219
v -1.557311 0.085418 0.240481
v -1.600820 0.085418 0.206322
v -1.639490 0.085418 0.167022
v -1.560522 0.120531 0.243629
v -1.604403 0.120531 0.209019
v -1.643415 0.120531 0.169219
v -1.703336 0.050305 0.076876
v -1.723038 0.050305 0.025952
v -1.735457 0.050305 -0.026925
v -1.698915 0.085418 0.075722
v -1.718480 0.085418 0.025309
v -1.730829 0.085418 -0.027067
v -1.703336 0.120531 0.076876
v -1.723038 0.120531 0.025952
v -1.735457 0.120531 -0.026925
v -1.737312 0.050305 -0.134852
v -1.726714 0.050305 -0.188068
v -1.708769 0.050305 -0.239570
v -1.732713 0.085418 -0.134027
v -1.722216 0.085418 -0.186772
v -1.704436 0.085418 -0.237803
v -1.737312 0.120531 -0.134852
v -1.726714 0.120531 -0.188068
v -1.708769 0.120531 -0.239570
v -1.652040 0.050305 -0.333811
v -1.614407 0.050305 -0.374905
v -1.571731 0.050305 -0.410994
v -1.648255 0.085418 -0.331080
v -1.610986 0.085418 -0.371704
v -1.568702 0.085418 -0.407371
v -1.652040 0.120531 -0.333811
v -1.614407 0.120531 -0.374905
v -1.571731 0.120531 -0.410994
v -1.474780 0.050305 -0.465291
v -1.422467 0.050305 -0.482421
v -1.369031 0.050305 -0.492388
v -1.472523 0.085418 -0.461077
v -1.420560 0.085418 -0.478036
v -1.367445 0.085418 -0.487876
v -1.474780 0.120531 -0.465291
v -1.422467 0.120531 -0.482421
v -1.369031 0.120531 -0.492388
v -1.263114 0.050305 -0.489688
v -1.212722 0.050305 -0.477731
v -1.165383 0.050305 -0.460032
v -1.262073 0.085418 -0.484930
v -1.211906 0.085418 -0.472837
v -1.164769 0.085418 -0.455015
v -1.263114 0.120531 -0.489688
v -1.212722 0.120531 -0.477731
v -1.165383 0.120531 -0.460032
v -1.083591 0.050305 -0.411461
v -1.049446 0.050305 -0.381691
v -1.018969 0.050305 -0.348382
v -1.083332 0.085418 -0.406295
v -1.049337 0.085418 -0.376488
v -1.018980 0.085418 -0.343132
v -1.083591 0.120531 -0.411461
v -1.049446 0.120531 -0.381691
v -1.018969 0.120531 -0.348382
v -0.966260 0.050305 -0.271468
v -0.942763 0.050305 -0.228769
v -0.920406 0.050305 -0.184348
v -0.966386 0.085418 -0.265993
v -0.942888 0.085418 -0.223105
v -0.920504 0.085418 -0.178461
v -0.966260 0.120531 -0.271468
v -0.942764 0.120531 -0.228769
v -0.920406 0.120531 -0.184348
v -0.822722 0.051268 -0.139569
v -0.749893 0.053376 -0.141169
v -0.682110 0.057049 -0.145198
v -0.827599 0.085418 -0.133364
v -0.757559 0.085418 -0.135234
v -0.688694 0.085418 -0.140160
v -0.822722 0.119568 -0.139569
v -0.749893 0.117460 -0.141169
v -0.682110 0.113787 -0.145198
v -0.545370 0.057065 -0.171415
v -0.467444 0.053505 -0.199646
v -0.385964 0.051702 -0.240969
v -0.540862 0.085418 -0.168481
v -0.460144 0.085418 -0.196787
v -0.379200 0.085418 -0.237766
v -0.545370 0.113771 -0.171415
v -0.467444 0.117331 -0.199646
v -0.385964 0.119134 -0.240969
v -0.253817 0.051702 -0.370117
v -0.212485 0.053505 -0.450386
v -0.184787 0.057065 -0.529428
v -0.250300 0.085418 -0.364977
v -0.209598 0.085418 -0.445124
v -0.181944 0.085418 -0.526629
v -0.253817 0.119134 -0.370117
v -0.212484 0.117331 -0.450386
v -0.184787 0.113771 -0.529428
v -0.159580 0.057057 -0.669468
v -0.155755 0.053440 -0.733853
v -0.154291 0.051485 -0.794970
v -0.154736 0.085418 -0.678274
v -0.150035 0.085418 -0.745344
v -0.148284 0.085418 -0.805933
v -0.159580 0.113779 -0.669468
v -0.155755 0.117396 -0.733853
v -0.154291 0.119351 -0.794970
v -0.153816 0.050536 -0.885501
v -0.153756 0.050482 -0.912872
v -0.153734 0.050693 -0.933929
v -0.147881 0.085418 -0.892022
v -0.147847 0.085418 -0.917327
v -0.147835 0.085418 -0.936648
v -0.153816 0.120300 -0.885501
v -0.153756 0.120354 -0.912872
v -0.153734 0.120143 -0.933929
v -0.154158 0.056210 -1.057314
v -0.157144 0.057905 -1.070423
v -0.165117 0.060654 -1.079791
v -0.148288 0.085418 -1.057330
v -0.151474 0.085418 -1.070545
v -0.160102 0.085418 -1.080189
v -0.154158 0.114626 -1.057314
v -0.157144 0.112931 -1.070423
v -0.165117 0.110182 -1.079791
v -0.205183 0.060665 -1.089523
v -0.239796 0.057998 -1.091428
v -0.282201 0.056523 -1.092142
v -0.203517 0.085418 -1.090721
v -0.239286 0.085418 -1.092783
v -0.282137 0.085418 -1.093544
v -0.205183 0.110171 -1.089523
v -0.239796 0.112838 -1.091428
v -0.282201 0.114313 -1.092142
v -0.375884 0.055571 -1.092244
v -0.423067 0.055299 -1.092244
v -0.470250 0.055130 -1.092244
v -0.375884 0.085418 -1.093653
v -0.423067 0.085418 -1.093653
v -0.470249 0.085418 -1.093653
v -0.375884 0.115265 -1.092244
v -0.423067 0.115537 -1.092244
v -0.470250 0.115706 -1.092244
v -0.564615 0.055130 -1.092244
v -0.611798 0.055299 -1.092244
v -0.658981 0.055571 -1.092244
v -0.564615 0.085418 -1.093653
v -0.611798 0.085418 -1.093653
v -0.658981 0.085418 -1.093653
v -0.564615 0.115706 -1.092244
v -0.611798 0.115537 -1.092244
v -0.658981 0.115265 -1.092244
v -0.752664 0.056523 -1.092142
v -0.795069 0.057998 -1.091428
v -0.829681 0.060665 -1.089523
v -0.752728 0.085418 -1.093544
v -0.795578 0.085418 -1.092783
v -0.831348 0.085418 -1.090721
v -0.752664 0.114313 -1.092142
v -0.795069 0.112838 -1.091428
v -0.829682 0.110171 -1.089523
v 0.598437 0.052668 0.886796
v 0.640842 0.055175 0.887931
v 0.675455 0.058676 0.888501
v 0.598501 0.085418 0.889581
v 0.641352 0.085418 0.890109
v 0.677121 0.085418 0.890105
v 0.598437 0.118168 0.886796
v 0.640842 0.115661 0.887931
v 0.675455 0.112160 0.888501
v 0.715521 0.058685 0.885072
v 0.723494 0.055241 0.878448
v 0.726480 0.052893 0.866174
v 0.720536 0.085418 0.886415
v 0.729164 0.085418 0.880165
v 0.732350 0.085418 0.868280
v 0.715521 0.112151 0.885072
v 0.723494 0.115595 0.878448
v 0.726480 0.117943 0.866174
v 0.726907 0.050848 0.817589
v 0.726907 0.050466 0.778374
v 0.726907 0.050325 0.727691
v 0.732805 0.085418 0.819686
v 0.732805 0.085418 0.780015
v 0.732805 0.085418 0.728771
v 0.726907 0.119988 0.817589
v 0.726907 0.120370 0.778374
v 0.726907 0.120511 0.727691
v 0.726907 0.050325 0.588239
v 0.726907 0.050466 0.501781
v 0.726907 0.050848 0.408478
v 0.732805 0.085418 0.588480
v 0.732805 0.085418 0.501852
v 0.732805 0.085418 0.408487
v 0.726907 0.120511 0.588239
v 0.726907 0.120370 0.501781
v 0.726907 0.119988 0.408478
v 0.726716 0.052893 0.215382
v 0.725378 0.055241 0.124541
v 0.722153 0.058943 0.043377
v 0.732677 0.085418 0.215060
v 0.731785 0.085418 0.121970
v 0.729619 0.085418 0.034885
v 0.726716 0.117943 0.215382
v 0.725378 0.115595 0.124541
v 0.722153 0.111893 0.043377
v 0.682072 0.058934 -0.039167
v 0.642610 0.055175 -0.045285
v 0.598282 0.052668 -0.046599
v 0.686189 0.085418 -0.054563
v 0.643853 0.085418 -0.058498
v 0.598425 0.085418 -0.058893
v 0.682072 0.111902 -0.039167
v 0.642610 0.115661 -0.045285
v 0.598282 0.118168 -0.046599
v 0.502814 0.049841 -0.039454
v 0.453396 0.048935 -0.031913
v 0.401882 0.048370 -0.020566
v 0.502749 0.085418 -0.051613
v 0.453256 0.085418 -0.044022
v 0.401596 0.085418 -0.032538
v 0.502815 0.120995 -0.039454
v 0.453396 0.121901 -0.031913
v 0.401882 0.122466 -0.020566
v 0.289740 0.048370 0.017563
v 0.231381 0.048935 0.046678
v 0.175465 0.049841 0.084260
v 0.288854 0.085418 0.006297
v 0.230118 0.085418 0.036006
v 0.173908 0.085418 0.074324
v 0.289740 0.122466 0.017563
v 0.231381 0.121901 0.046678
v 0.175465 0.120995 0.084260
v 0.083072 0.052668 0.188773
v 0.050102 0.055175 0.249893
v 0.026367 0.058676 0.308436
v 0.081521 0.085418 0.180771
v 0.048600 0.085418 0.243708
v 0.024523 0.085418 0.305437
v 0.083072 0.118168 0.188773
v 0.050102 0.115661 0.249893
v 0.026367 0.112160 0.308436
v 0.002551 0.058685 0.406855
v -0.001276 0.055241 0.450184
v -0.002051 0.052893 0.492337
v -0.001258 0.085418 0.412113
v -0.005843 0.085418 0.456686
v -0.007158 0.085418 0.498496
v 0.002551 0.112151 0.406855
v -0.001276 0.115595 0.450185
v -0.002051 0.117943 0.492337
v -0.000897 0.050848 0.575646
v -0.000615 0.050466 0.617423
v -0.000511 0.050325 0.659343
v -0.006623 0.085418 0.579517
v -0.006462 0.085418 0.620186
v -0.006402 0.085418 0.661246
v -0.000897 0.119988 0.575646
v -0.000615 0.120370 0.617423
v -0.000511 0.120511 0.659343
v -0.000496 0.050325 0.743298
v -0.000496 0.050466 0.782998
v -0.000496 0.050848 0.818167
v -0.006394 0.085418 0.744743
v -0.006394 0.085418 0.784748
v -0.006394 0.085418 0.820277
v -0.000496 0.120511 0.743299
v -0.000496 0.120370 0.782998
v -0.000496 0.119988 0.818167
v -0.000069 0.052893 0.866174
v 0.002917 0.055241 0.878448
v 0.010890 0.058685 0.885073
v -0.005939 0.085418 0.868280
v -0.002753 0.085418 0.880165
v 0.005875 0.085418 0.886415
v -0.000069 0.117943 0.866174
v 0.002917 0.115595 0.878448
v 0.010890 0.112151 0.885073
v 0.050957 0.058676 0.888501
v 0.085569 0.055175 0.887931
v 0.127974 0.052668 0.886797
v 0.049290 0.085418 0.890105
v 0.085060 0.085418 0.890109
v 0.127910 0.085418 0.889582
v 0.050957 0.112160 0.888501
v 0.085569 0.115661 0.887931
v 0.127974 0.118168 0.886796
v 0.221657 0.049841 0.884865
v 0.268840 0.048935 0.884469
v 0.316023 0.048370 0.884324
v 0.221657 0.085418 0.888495
v 0.268840 0.085418 0.888269
v 0.316023 0.085418 0.888186
v 0.221657 0.120995 0.884865
v 0.268840 0.121901 0.884469
v 0.316023 0.122466 0.884324
v 0.410389 0.048370 0.884324
v 0.457571 0.048935 0.884469
v 0.504754 0.049841 0.884865
v 0.410389 0.085418 0.888186
v 0.457571 0.085418 0.888269
v 0.504754 0.085418 0.888495
v 0.410389 0.122466 0.884324
v 0.457571 0.121901 0.884469
v 0.504754 0.120995 0.884865
v 0.050956 0.060665 -1.089342
v 0.085569 0.057998 -1.091305
v 0.127974 0.056523 -1.092040
v 0.049290 0.085418 -1.090577
v 0.085059 0.085418 -1.092700
v 0.127910 0.085418 -1.093485
v 0.050956 0.110171 -1.089342
v 0.085569 0.112838 -1.091305
v 0.127974 0.114313 -1.092040
v 0.221657 0.055571 -1.092145
v 0.268840 0.055299 -1.092145
v 0.316023 0.055130 -1.092145
v 0.221657 0.085418 -1.093597
v 0.268840 0.085418 -1.093597
v 0.316023 0.085418 -1.093597
v 0.221657 0.115265 -1.092145
v 0.268840 0.115537 -1.092145
v 0.316023 0.115706 -1.092145
v 0.410388 0.055130 -1.092145
v 0.457571 0.055299 -1.092145
v 0.504754 0.055571 -1.092145
v 0.410388 0.085418 -1.093597
v 0.457571 0.085418 -1.093597
v 0.504754 0.085418 -1.093597
v 0.410388 0.115706 -1.092145
v 0.457571 0.115537 -1.092145
v 0.504754 0.115265 -1.092145
v 0.598437 0.056523 -1.092040
v 0.640842 0.057998 -1.091305
v 0.675454 0.060665 -1.089342
v 0.598501 0.085418 -1.093485
v 0.641351 0.085418 -1.092700
v 0.677121 0.085418 -1.090577
v 0.598437 0.114313 -1.092040
v 0.640842 0.112838 -1.091305
v 0.675454 0.110171 -1.089342
v 0.726907 0.054156 -1.017791
v 0.726907 0.053056 -0.994935
v 0.726907 0.052028 -0.972163
v 0.732805 0.085418 -1.017798
v 0.732805 0.085418 -0.994990
v 0.732805 0.085418 -0.972350
v 0.726907 0.116680 -1.017791
v 0.726907 0.117780 -0.994935
v 0.726907 0.118808 -0.972163
v 0.727240 0.050558 -0.934381
v 0.729576 0.049402 -0.920924
v 0.736323 0.047147 -0.911101
v 0.733169 0.085418 -0.935313
v 0.735722 0.085418 -0.922942
v 0.742968 0.085418 -0.915301
v 0.727240 0.120278 -0.934381
v 0.729576 0.121433 -0.920924
v 0.736323 0.123689 -0.911101
v 0.782579 0.047133 -0.917129
v 0.820773 0.049290 -0.933774
v 0.863798 0.050178 -0.954154
v 0.785659 0.085418 -0.923941
v 0.821712 0.085418 -0.939995
v 0.864001 0.085418 -0.960134
v 0.782579 0.123703 -0.917129
v 0.820773 0.121546 -0.933774
v 0.863798 0.120658 -0.954154
v 0.966360 0.050305 -1.000236
v 1.024528 0.050305 -1.022945
v 1.084266 0.050305 -1.043080
v 0.966438 0.085418 -1.006137
v 1.024591 0.085418 -1.028831
v 1.084349 0.085418 -1.048946
v 0.966360 0.120531 -1.000236
v 1.024528 0.120531 -1.022945
v 1.084266 0.120531 -1.043080
v 1.199640 0.050305 -1.068994
v 1.255410 0.050305 -1.074329
v 1.313017 0.050305 -1.076204
v 1.199979 0.085418 -1.074777
v 1.256021 0.085418 -1.080066
v 1.314007 0.085418 -1.081924
v 1.199640 0.120531 -1.068994
v 1.255410 0.120531 -1.074329
v 1.313017 0.120531 -1.076204
v 1.443244 0.050305 -1.074179
v 1.516911 0.050305 -1.068273
v 1.594510 0.050305 -1.054896
v 1.445327 0.085418 -1.080034
v 1.519667 0.085418 -1.074237
v 1.597963 0.085418 -1.060911
v 1.443244 0.120531 -1.074179
v 1.516911 0.120531 -1.068273
v 1.594510 0.120531 -1.054896
v 1.755002 0.050305 -0.993240
v 1.831821 0.050305 -0.943764
v 1.900421 0.050305 -0.884425
v 1.759738 0.085418 -0.998927
v 1.837075 0.085418 -0.949050
v 1.906083 0.085418 -0.889203
v 1.755003 0.120531 -0.993240
v 1.831822 0.120531 -0.943764
v 1.900421 0.120531 -0.884425
v 1.995998 0.050305 -0.744609
v 2.021920 0.050305 -0.667426
v 2.037513 0.050305 -0.586967
v 2.002088 0.085418 -0.748226
v 2.028052 0.085418 -0.670449
v 2.043623 0.085418 -0.589411
v 1.995998 0.120531 -0.744609
v 2.021920 0.120531 -0.667426
v 2.037513 0.120531 -0.586967
v 2.051359 0.050305 -0.419261
v 2.053956 0.050305 -0.325187
v 2.054913 0.050305 -0.214184
v 2.057394 0.085418 -0.420646
v 2.059975 0.085418 -0.326125
v 2.060926 0.085418 -0.214755
v 2.051359 0.120531 -0.419261
v 2.053956 0.120531 -0.325187
v 2.054913 0.120531 -0.214184
v 2.055050 0.050319 0.085859
v 2.055049 0.050418 0.263211
v 2.055050 0.050685 0.434111
v 2.061062 0.085418 0.085734
v 2.061062 0.085418 0.263174
v 2.061062 0.085418 0.434106
v 2.055050 0.120517 0.085859
v 2.055049 0.120418 0.263211
v 2.055049 0.120151 0.434111
v 2.054615 0.056210 0.844424
v 2.051570 0.057905 0.861201
v 2.043442 0.060654 0.873190
v 2.060599 0.085418 0.844444
v 2.057351 0.085418 0.861357
v 2.048554 0.085418 0.873699
v 2.054614 0.114626 0.844424
v 2.051570 0.112931 0.861201
v 2.043442 0.110182 0.873190
v 2.002593 0.060665 0.885644
v 1.967305 0.057998 0.888082
v 1.924073 0.056523 0.888996
v 2.004292 0.085418 0.887178
v 1.967825 0.085418 0.889816
v 1.924138 0.085418 0.890791
v 2.002593 0.110171 0.885644
v 1.967305 0.112838 0.888082
v 1.924073 0.114313 0.888996
v 1.828562 0.055571 0.889126
v 1.780458 0.055299 0.889126
v 1.732355 0.055130 0.889126
v 1.828562 0.085418 0.890930
v 1.780458 0.085418 0.890930
v 1.732354 0.085418 0.890930
v 1.828562 0.115265 0.889126
v 1.780458 0.115537 0.889126
v 1.732355 0.115706 0.889126
v 1.636147 0.055130 0.889126
v 1.588044 0.055299 0.889126
v 1.539940 0.055571 0.889126
v 1.636147 0.085418 0.890930
v 1.588044 0.085418 0.890930
v 1.539940 0.085418 0.890930
v 1.636147 0.115706 0.889126
v 1.588044 0.115537 0.889126
v 1.539940 0.115265 0.889126
v 1.444429 0.056523 0.888996
v 1.401197 0.057998 0.888082
v 1.365909 0.060665 0.885644
v 1.444364 0.085418 0.890791
v 1.400677 0.085418 0.889816
v 1.364210 0.085418 0.887178
v 1.444429 0.114313 0.888996
v 1.401197 0.112838 0.888082
v 1.365909 0.110171 0.885644
v 1.313453 0.054156 0.794626
v 1.313453 0.053056 0.751416
v 1.313453 0.052028 0.682922
v 1.307440 0.085418 0.794626
v 1.307440 0.085418 0.751416
v 1.307439 0.085418 0.682922
v 1.313453 0.116680 0.794626
v 1.313452 0.117780 0.751417
v 1.313453 0.118808 0.682922
v 1.313453 0.050685 0.434681
v 1.313453 0.050418 0.267770
v 1.313453 0.050319 0.101246
v 1.307440 0.085418 0.434686
v 1.307440 0.085418 0.267807
v 1.307439 0.085418 0.101371
v 1.313453 0.120151 0.434681
v 1.313452 0.120418 0.267770
v 1.313453 0.120517 0.101246
v 1.313453 0.050305 -0.144103
v 1.313457 0.050305 -0.211318
v 1.313468 0.050305 -0.254928
v 1.307442 0.085418 -0.143535
v 1.307458 0.085418 -0.210400
v 1.307501 0.085418 -0.253612
v 1.313453 0.120531 -0.144103
v 1.313457 0.120531 -0.211318
v 1.313468 0.120531 -0.254928
v 1.313427 0.050305 -0.315082
v 1.312814 0.050305 -0.341925
v 1.311083 0.050305 -0.365759
v 1.307632 0.085418 -0.312954
v 1.307185 0.085418 -0.339408
v 1.305700 0.085418 -0.362860
v 1.313427 0.120531 -0.315082
v 1.312814 0.120531 -0.341925
v 1.311083 0.120531 -0.365759
v 1.302138 0.050305 -0.400100
v 1.294588 0.050305 -0.410472
v 1.285250 0.050305 -0.417567
v 1.297544 0.085418 -0.396442
v 1.290516 0.085418 -0.406453
v 1.281735 0.085418 -0.413223
v 1.302138 0.120531 -0.400100
v 1.294588 0.120531 -0.410472
v 1.285250 0.120531 -0.417567
v 1.262123 0.050305 -0.425895
v 1.248745 0.050305 -0.428260
v 1.234403 0.050305 -0.429611
v 1.259668 0.085418 -0.421084
v 1.246755 0.085418 -0.423316
v 1.232834 0.085418 -0.424584
v 1.262123 0.120531 -0.425895
v 1.248745 0.120531 -0.428259
v 1.234403 0.120531 -0.429611
v 1.203037 0.050305 -0.429445
v 1.183259 0.050305 -0.426751
v 1.157014 0.050305 -0.420689
v 1.202176 0.085418 -0.424352
v 1.182682 0.085418 -0.421654
v 1.156666 0.085418 -0.415600
v 1.203037 0.120531 -0.429445
v 1.183259 0.120531 -0.426751
v 1.157014 0.120531 -0.420689
v 1.074683 0.050305 -0.393594
v 1.020536 0.050305 -0.371444
v 0.963795 0.050305 -0.343695
v 1.074607 0.085418 -0.388517
v 1.020513 0.085418 -0.366352
v 0.963792 0.085418 -0.338555
v 1.074683 0.120531 -0.393594
v 1.020536 0.120531 -0.371444
v 0.963795 0.120531 -0.343695
v 0.860910 0.050305 -0.272238
v 0.817851 0.050305 -0.230011
v 0.778366 0.050305 -0.185146
v 0.860910 0.085418 -0.266845
v 0.817851 0.085418 -0.224415
v 0.778366 0.085418 -0.179316
v 0.860910 0.120531 -0.272238
v 0.817851 0.120531 -0.230011
v 0.778366 0.120531 -0.185146
v 0.660782 0.051268 -0.139387
v 0.584476 0.053376 -0.140842
v 0.514215 0.057049 -0.144597
v 0.665445 0.085418 -0.133255
v 0.591783 0.085418 -0.135000
v 0.520320 0.085418 -0.139655
v 0.660782 0.119568 -0.139387
v 0.584476 0.117460 -0.140842
v 0.514215 0.113787 -0.144597
v 0.376863 0.057065 -0.169655
v 0.300665 0.053505 -0.196784
v 0.221666 0.051702 -0.236509
v 0.371824 0.085418 -0.166720
v 0.292912 0.085418 -0.193857
v 0.214547 0.085418 -0.233162
v 0.376863 0.113771 -0.169655
v 0.300665 0.117331 -0.196784
v 0.221666 0.119134 -0.236509
v 0.094426 0.051702 -0.360900
v 0.054870 0.053505 -0.438562
v 0.028450 0.057065 -0.515590
v 0.090721 0.085418 -0.355384
v 0.051869 0.085418 -0.432793
v 0.025575 0.085418 -0.512201
v 0.094426 0.119134 -0.360900
v 0.054870 0.117331 -0.438562
v 0.028450 0.113771 -0.515590
v 0.004678 0.057057 -0.655576
v 0.001209 0.053440 -0.721919
v -0.000075 0.051485 -0.785551
v -0.000078 0.085418 -0.663782
v -0.004433 0.085418 -0.732859
v -0.006030 0.085418 -0.796021
v 0.004678 0.113779 -0.655576
v 0.001209 0.117396 -0.721919
v -0.000075 0.119351 -0.785551
v -0.000439 0.120300 -0.879917
v -0.006361 0.085418 -0.886098
v -0.000439 0.050536 -0.879917
v -0.000479 0.120354 -0.908116
v -0.006384 0.085418 -0.912326
v -0.000479 0.050482 -0.908116
v -0.000494 0.120143 -0.929609
v -0.006393 0.085418 -0.932174
v -0.000494 0.050693 -0.929609
v -0.000496 0.116680 -1.017758
v -0.000496 0.117780 -0.994676
v -0.000496 0.118808 -0.971289
v -0.006394 0.085418 -1.017779
v -0.006394 0.085418 -0.994842
v -0.006394 0.085418 -0.971851
v -0.000496 0.054156 -1.017758
v -0.000496 0.053056 -0.994676
v -0.000496 0.052028 -0.971289
v -0.165117 0.060654 0.879287
v -0.157144 0.057905 0.867648
v -0.154158 0.056210 0.851360
v -0.160102 0.085418 0.879782
v -0.151474 0.085418 0.867799
v -0.148288 0.085418 0.851378
v -0.165117 0.110182 0.879287
v -0.157144 0.112931 0.867648
v -0.154158 0.114626 0.851359
v -0.886534 0.048687 0.748672
v -0.882666 0.051988 0.776911
v -0.881325 0.054022 0.804993
v -0.892584 0.085418 0.751952
v -0.888627 0.085418 0.777855
v -0.887231 0.085418 0.805111
v -0.886534 0.122149 0.748672
v -0.882666 0.118848 0.776911
v -0.881325 0.116814 0.804993
v -0.470246 -0.100496 0.722751
v -0.423038 -0.093954 0.719486
v -0.375786 -0.083399 0.716537
v -0.470248 -0.081522 0.769414
v -0.423058 -0.076133 0.768446
v -0.375855 -0.067470 0.767573
v -0.470249 -0.061208 0.804056
v -0.423065 -0.057023 0.803935
v -0.375880 -0.050307 0.803826
v -0.281588 -0.051374 0.712588
v -0.237744 -0.030438 0.714102
v -0.200001 -0.006420 0.719868
v -0.281885 -0.041260 0.766402
v -0.238112 -0.023566 0.766851
v -0.200298 -0.002264 0.768560
v -0.281994 -0.029955 0.803679
v -0.238248 -0.015615 0.803736
v -0.200407 0.002664 0.803949
v -0.834214 -0.012631 0.742143
v -0.793979 -0.034881 0.742865
v -0.750270 -0.054113 0.741732
v -0.834601 -0.004034 0.775208
v -0.795934 -0.024866 0.775370
v -0.752103 -0.042069 0.775037
v -0.834462 0.002443 0.804780
v -0.796515 -0.015777 0.804801
v -0.752761 -0.030056 0.804759
v -0.658359 -0.084000 0.736188
v -0.611614 -0.094132 0.732970
v -0.564592 -0.100518 0.729608
v -0.658797 -0.067648 0.773395
v -0.611744 -0.076185 0.772442
v -0.564608 -0.081529 0.771445
v -0.658958 -0.050330 0.804554
v -0.611791 -0.057029 0.804434
v -0.564614 -0.061209 0.804310
v -0.470246 0.271332 0.722751
v -0.470248 0.252358 0.769414
v -0.470249 0.232044 0.804056
v -0.423038 0.264790 0.719486
v -0.423058 0.246969 0.768446
v -0.423066 0.227859 0.803935
v -0.375786 0.254235 0.716537
v -0.375855 0.238306 0.767573
v -0.375880 0.221143 0.803826
v -0.281589 0.222210 0.712588
v -0.281885 0.212096 0.766402
v -0.281994 0.200791 0.803680
v -0.237744 0.201274 0.714102
v -0.238112 0.194402 0.766851
v -0.238248 0.186451 0.803736
v -0.200001 0.177256 0.719868
v -0.200298 0.173100 0.768559
v -0.200407 0.168172 0.803949
v -0.834214 0.183467 0.742143
v -0.834601 0.174870 0.775208
v -0.834462 0.168393 0.804780
v -0.793979 0.205717 0.742865
v -0.795934 0.195702 0.775370
v -0.796515 0.186613 0.804801
v -0.750270 0.224949 0.741732
v -0.752103 0.212905 0.775037
v -0.752761 0.200892 0.804759
v -0.658359 0.254836 0.736189
v -0.658797 0.238484 0.773395
v -0.658958 0.221166 0.804554
v -0.611614 0.264968 0.732970
v -0.611744 0.247021 0.772442
v -0.611791 0.227865 0.804435
v -0.564592 0.271354 0.729608
v -0.564608 0.252365 0.771445
v -0.564614 0.232045 0.804310
v -0.153731 0.052028 -0.974792
v -0.153731 0.053056 -0.997580
v -0.153731 0.054156 -1.020020
v -0.147833 0.085418 -0.975387
v -0.147833 0.085418 -0.997756
v -0.147833 0.085418 -1.020042
v -0.153731 0.118808 -0.974792
v -0.153731 0.117780 -0.997580
v -0.153731 0.116680 -1.020020
v -0.869748 0.060654 -1.079791
v -0.877721 0.057905 -1.070423
v -0.880707 0.056210 -1.057314
v -0.874763 0.085418 -1.080189
v -0.883391 0.085418 -1.070545
v -0.886576 0.085418 -1.057330
v -0.869748 0.110182 -1.079791
v -0.877721 0.112931 -1.070423
v -0.880707 0.114626 -1.057314
v -0.470250 -0.100504 -0.961952
v -0.470249 -0.081525 -0.993775
v -0.470250 -0.061209 -1.019545
v -0.423067 -0.094021 -0.960827
v -0.423067 -0.076153 -0.993442
v -0.423067 -0.057025 -1.019503
v -0.375884 -0.083624 -0.960496
v -0.375884 -0.067537 -0.993344
v -0.375884 -0.050316 -1.019491
v -0.282009 -0.052343 -0.963623
v -0.282009 -0.041547 -0.994271
v -0.282009 -0.029991 -1.019606
v -0.238267 -0.031641 -0.966784
v -0.238267 -0.023922 -0.995207
v -0.238267 -0.015660 -1.019724
v -0.200422 -0.007389 -0.970142
v -0.200422 -0.002551 -0.996202
v -0.200422 0.002628 -1.019848
v -0.752855 -0.052343 -0.971400
v -0.796598 -0.031641 -0.972872
v -0.834442 -0.007389 -0.974146
v -0.752855 -0.041547 -0.996575
v -0.796598 -0.023922 -0.997011
v -0.834442 -0.002551 -0.997388
v -0.752855 -0.029991 -1.019894
v -0.796598 -0.015660 -1.019949
v -0.834442 0.002628 -1.019996
v -0.658981 -0.083624 -0.968240
v -0.658981 -0.067537 -0.995638
v -0.658981 -0.050316 -1.019777
v -0.611798 -0.094021 -0.966651
v -0.611798 -0.076152 -0.995168
v -0.611798 -0.057025 -1.019719
v -0.564615 -0.100504 -0.965063
v -0.564615 -0.081525 -0.994697
v -0.564615 -0.061209 -1.019660
v -0.470250 0.271340 -0.961952
v -0.423067 0.264857 -0.960827
v -0.375884 0.254460 -0.960496
v -0.470249 0.252361 -0.993775
v -0.423067 0.246988 -0.993442
v -0.375884 0.238373 -0.993344
v -0.470249 0.232045 -1.019545
v -0.423067 0.227861 -1.019503
v -0.375884 0.221152 -1.019491
v -0.282009 0.223179 -0.963623
v -0.238267 0.202477 -0.966783
v -0.200422 0.178225 -0.970142
v -0.282009 0.212383 -0.994271
v -0.238267 0.194758 -0.995207
v -0.200422 0.173387 -0.996202
v -0.282009 0.200827 -1.019606
v -0.238267 0.186496 -1.019724
v -0.200422 0.168208 -1.019848
v -0.752855 0.223179 -0.971400
v -0.752855 0.212383 -0.996575
v -0.752855 0.200827 -1.019894
v -0.796598 0.202477 -0.972872
v -0.796598 0.194758 -0.997011
v -0.796598 0.186496 -1.019949
v -0.834442 0.178225 -0.974146
v -0.834442 0.173387 -0.997388
v -0.834442 0.168208 -1.019996
v -0.658981 0.254460 -0.968239
v -0.611798 0.264857 -0.966651
v -0.564615 0.271340 -0.965063
v -0.658981 0.238373 -0.995638
v -0.611798 0.246988 -0.995168
v -0.564615 0.252361 -0.994697
v -0.658981 0.221152 -1.019777
v -0.611798 0.227861 -1.019719
v -0.564615 0.232045 -1.019660
v 0.010890 0.110182 -1.079319
v 0.002917 0.112931 -1.069670
v -0.000069 0.114626 -1.056167
v 0.005875 0.085418 -1.079729
v -0.002753 0.085418 -1.069795
v -0.005939 0.085418 -1.056183
v 0.010890 0.060654 -1.079319
v 0.002917 0.057905 -1.069670
v -0.000069 0.056210 -1.056167
v 0.715521 0.060654 -1.079319
v 0.723494 0.057905 -1.069670
v 0.726480 0.056210 -1.056167
v 0.720536 0.085418 -1.079729
v 0.729164 0.085418 -1.069795
v 0.732350 0.085418 -1.056183
v 0.715521 0.110182 -1.079319
v 0.723494 0.112931 -1.069670
v 0.726480 0.114626 -1.056167
v 0.504754 0.009110 -1.080491
v 0.457571 0.007810 -1.080491
v 0.410388 0.007000 -1.080491
v 0.504754 -0.006479 -1.070046
v 0.457571 -0.008681 -1.070046
v 0.410388 -0.010055 -1.070046
v 0.504754 -0.020016 -1.056214
v 0.457571 -0.023414 -1.056214
v 0.410388 -0.025533 -1.056214
v 0.127966 0.013310 -1.080443
v 0.085505 0.017917 -1.080110
v 0.050763 0.026333 -1.079366
v 0.127846 0.000441 -1.070031
v 0.084550 0.006875 -1.069921
v 0.047743 0.017568 -1.069686
v 0.127790 -0.009530 -1.056212
v 0.084104 -0.000934 -1.056199
v 0.046389 0.011960 -1.056169
v 0.316023 0.007000 -1.080491
v 0.268840 0.007810 -1.080491
v 0.221657 0.009110 -1.080491
v 0.316023 -0.010055 -1.070046
v 0.268840 -0.008681 -1.070046
v 0.221657 -0.006479 -1.070046
v 0.316023 -0.025533 -1.056214
v 0.268840 -0.023414 -1.056214
v 0.221657 -0.020016 -1.056214
v 0.680215 -0.007389 -0.970681
v 0.680215 -0.002551 -0.994495
v 0.680215 0.002628 -1.017736
v 0.642371 -0.031641 -0.969479
v 0.642371 -0.023922 -0.994140
v 0.642371 -0.015660 -1.017691
v 0.598628 -0.052343 -0.968091
v 0.598628 -0.041547 -0.993728
v 0.598628 -0.029991 -1.017640
v 0.504754 0.161726 -1.080491
v 0.504754 0.177314 -1.070046
v 0.504754 0.190852 -1.056214
v 0.457571 0.163026 -1.080491
v 0.457571 0.179517 -1.070046
v 0.457571 0.194250 -1.056214
v 0.410388 0.163836 -1.080491
v 0.410388 0.180891 -1.070046
v 0.410388 0.196369 -1.056214
v 0.127966 0.157526 -1.080443
v 0.127846 0.170395 -1.070031
v 0.127790 0.180366 -1.056212
v 0.085505 0.152918 -1.080110
v 0.084550 0.163961 -1.069921
v 0.084104 0.171770 -1.056199
v 0.050763 0.144503 -1.079366
v 0.047743 0.153268 -1.069686
v 0.046389 0.158876 -1.056169
v 0.316022 0.163836 -1.080491
v 0.316023 0.180891 -1.070046
v 0.316022 0.196369 -1.056214
v 0.268840 0.163026 -1.080491
v 0.268840 0.179517 -1.070046
v 0.268840 0.194250 -1.056214
v 0.221657 0.161726 -1.080491
v 0.221657 0.177314 -1.070046
v 0.221657 0.190852 -1.056214
v 0.680215 0.178225 -0.970681
v 0.642371 0.202477 -0.969479
v 0.598628 0.223179 -0.968091
v 0.680215 0.173387 -0.994496
v 0.642371 0.194758 -0.994140
v 0.598628 0.212383 -0.993728
v 0.680215 0.168208 -1.017736
v 0.642371 0.186496 -1.017691
v 0.598628 0.200827 -1.017640
v 1.325061 0.060654 0.873190
v 1.316932 0.057905 0.861201
v 1.313887 0.056210 0.844424
v 1.319948 0.085418 0.873699
v 1.311151 0.085418 0.861357
v 1.307904 0.085418 0.844444
v 1.325061 0.110182 0.873190
v 1.316932 0.112931 0.861201
v 1.313887 0.114626 0.844424
v 2.055050 0.052028 0.682922
v 2.055049 0.053056 0.751416
v 2.055050 0.054156 0.794626
v 2.061062 0.085418 0.682922
v 2.061062 0.085418 0.751416
v 2.061062 0.085418 0.794626
v 2.055050 0.118808 0.682922
v 2.055049 0.117780 0.751417
v 2.055049 0.116680 0.794626
v 1.444234 -0.052343 0.682922
v 1.399638 -0.031641 0.682922
v 1.361055 -0.007389 0.682922
v 1.444234 -0.041547 0.751417
v 1.399638 -0.023922 0.751416
v 1.361055 -0.002551 0.751417
v 1.444234 -0.029991 0.794626
v 1.399638 -0.015660 0.794626
v 1.361055 0.002628 0.794626
v 1.539940 -0.083624 0.682922
v 1.539940 -0.067537 0.751416
v 1.539940 -0.050316 0.794626
v 1.588044 -0.094021 0.682922
v 1.588044 -0.076152 0.751416
v 1.588044 -0.057025 0.794626
v 1.636147 -0.100504 0.682922
v 1.636147 -0.081525 0.751417
v 1.636147 -0.061209 0.794626
v 1.828562 -0.083624 0.682922
v 1.780458 -0.094021 0.682922
v 1.732355 -0.100504 0.682922
v 1.828562 -0.067537 0.751417
v 1.780458 -0.076153 0.751416
v 1.732354 -0.081525 0.751417
v 1.828562 -0.050316 0.794626
v 1.780458 -0.057025 0.794626
v 1.732355 -0.061209 0.794626
v 1.924268 -0.052343 0.682922
v 1.924268 -0.041547 0.751416
v 1.924268 -0.029991 0.794626
v 1.968864 -0.031641 0.682922
v 1.968864 -0.023922 0.751416
v 1.968864 -0.015660 0.794626
v 2.007447 -0.007389 0.682922
v 2.007447 -0.002551 0.751417
v 2.007447 0.002628 0.794626
v 1.444234 0.223179 0.682922
v 1.444234 0.212383 0.751416
v 1.444234 0.200827 0.794626
v 1.399638 0.202477 0.682922
v 1.399638 0.194758 0.751416
v 1.399638 0.186496 0.794626
v 1.361055 0.178225 0.682922
v 1.361055 0.173387 0.751417
v 1.361055 0.168208 0.794626
v 1.539940 0.254460 0.682922
v 1.588044 0.264857 0.682922
v 1.636147 0.271340 0.682922
v 1.539940 0.238373 0.751417
v 1.588044 0.246988 0.751416
v 1.636147 0.252361 0.751417
v 1.539940 0.221152 0.794626
v 1.588044 0.227861 0.794626
v 1.636147 0.232045 0.794626
v 1.828562 0.254460 0.682922
v 1.828562 0.238373 0.751416
v 1.828562 0.221152 0.794626
v 1.780458 0.264857 0.682922
v 1.780458 0.246988 0.751416
v 1.780458 0.227861 0.794626
v 1.732355 0.271340 0.682922
v 1.732354 0.252361 0.751417
v 1.732355 0.232045 0.794626
v 1.924268 0.223179 0.682922
v 1.968864 0.202477 0.682922
v 2.007447 0.178225 0.682922
v 1.924268 0.212383 0.751417
v 1.968864 0.194758 0.751416
v 2.007447 0.173387 0.751417
v 1.924268 0.200827 0.794626
v 1.968864 0.186496 0.794626
v 2.007447 0.168208 0.794626
vn -0.2344 0.2744 -0.9326
vn 0.2344 0.2744 -0.9326
vn -0.4208 0.5406 0.7285
vn 0.8170 0.5763 0.0176
vn -0.2322 0.7755 -0.5871
vn -0.4503 0.4498 0.7713
vn 0.3746 0.4713 -0.7985
vn -0.0166 0.4846 0.8746
vn 0.0152 0.5450 -0.8383
vn 0.4274 0.4945 0.7568
vn -0.4171 0.5750 -0.7039
vn 0.7479 0.4887 0.4492
vn -0.7306 0.5515 -0.4026
vn 0.8737 0.4862 -0.0141
vn -0.8392 0.5438 -0.0001
vn -0.7687 0.3518 0.5342
vn 0.5232 0.4450 -0.7268
vn -0.2805 0.3279 0.9021
vn 0.2805 0.3279 0.9021
vn -0.4969 0.5084 -0.7033
vn -0.0000 0.2885 0.9575
vn 0.7968 0.6040 0.0132
vn -0.3742 0.7908 0.4844
vn -0.4841 0.4163 -0.7696
vn 0.3746 0.4713 0.7985
vn -0.0459 0.4531 -0.8903
vn 0.0152 0.5450 0.8383
vn 0.4094 0.4693 -0.7824
vn -0.4172 0.5750 0.7038
vn 0.7418 0.4713 -0.4770
vn -0.7327 0.5514 0.3990
vn -0.8027 0.3157 -0.5060
vn 0.5216 0.4457 0.7275
vn 0.8904 0.4240 0.1655
vn 0.1687 0.4696 0.8666
vn 0.5458 0.6130 0.5713
vn 0.8863 0.4521 -0.1005
vn 0.1418 0.4623 -0.8753
vn 0.5123 0.6939 -0.5061
vn 0.0331 0.9801 0.1955
vn -0.0000 0.2365 -0.9716
vn 0.0020 1.0000 -0.0026
vn -0.0028 1.0000 0.0046
vn 0.0026 1.0000 -0.0030
vn 0.0003 1.0000 -0.0009
vn -0.0007 1.0000 -0.0010
vn -0.0012 1.0000 -0.0006
vn -0.0016 1.0000 0.0001
vn 0.0019 1.0000 -0.0012
vn -0.0030 1.0000 -0.0049
vn 0.0025 1.0000 0.0026
vn 0.0003 1.0000 0.0004
vn -0.0004 1.0000 0.0007
vn -0.0009 1.0000 0.0005
vn 0.0013 1.0000 0.0007
vn 0.0027 1.0000 0.0070
vn 0.0073 1.0000 -0.0041
vn -0.2404 -0.2813 0.9290
vn 0.2404 -0.2813 0.9290
vn -0.0000 -0.2962 -0.9551
vn -0.3652 -0.5380 -0.7597
vn 0.2818 -0.3364 -0.8986
vn -0.2818 -0.3364 -0.8986
vn -0.8148 -0.5797 0.0004
vn 0.8148 -0.5797 -0.0001
vn 0.8192 -0.5734 -0.0078
vn -0.8036 -0.5911 0.0693
vn -0.6293 -0.6454 0.4329
vn 0.7813 -0.5708 -0.2523
vn 0.2929 -0.5396 -0.7894
vn -0.2781 -0.6323 0.7231
vn -0.0157 -0.5656 0.8245
vn 0.0018 -0.5180 -0.8554
vn -0.2670 -0.4954 -0.8266
vn 0.1842 -0.5541 0.8118
vn 0.3464 -0.5362 0.7697
vn -0.5044 -0.4603 -0.7306
vn -0.1501 -0.7653 0.6259
vn 0.8168 -0.5767 -0.0154
vn 0.8871 -0.4347 -0.1553
vn 0.1599 -0.4751 -0.8653
vn 0.5351 -0.6329 -0.5596
vn -0.0000 -1.0000 -0.0009
vn -0.0010 -1.0000 0.0001
vn -0.0027 -1.0000 0.0027
vn 0.0007 -1.0000 0.0013
vn -0.0020 -1.0000 -0.0037
vn 0.0008 -1.0000 0.0011
vn 0.0001 -1.0000 0.0015
vn -0.0005 -1.0000 0.0021
vn -0.0000 -0.2430 0.9700
vn 0.0020 -1.0000 0.0026
vn 0.0029 -1.0000 -0.0071
vn 0.0916 0.2586 0.9616
vn -0.0916 0.2586 0.9616
vn 0.8197 0.5727 0.0001
vn -0.8198 0.5727 0.0004
vn -0.0000 0.3826 0.9239
vn -0.0000 1.0000 0.0011
vn -0.7792 0.6206 0.0879
vn 0.7793 0.6205 0.0875
vn 0.0001 0.8098 0.5867
vn 0.2756 -0.8838 -0.3780
vn 0.0100 -0.3182 -0.9480
vn 0.3863 -0.9224 -0.0007
vn 0.3867 -0.9219 -0.0234
vn 0.3337 -0.9231 -0.1909
vn -0.1334 -0.8863 -0.4434
vn -0.0691 -0.9342 -0.3501
vn -0.2558 -0.8723 -0.4167
vn 0.0150 -0.8974 -0.4410
vn 0.1582 -0.9066 -0.3913
vn -0.3864 -0.9223 -0.0003
vn -0.0100 -0.3182 -0.9480
vn -0.3778 -0.9250 0.0402
vn -0.2853 -0.9345 0.2129
vn 0.1078 -0.9010 0.4201
vn 0.0962 -0.9169 0.3875
vn 0.1914 -0.8941 0.4050
vn -0.0198 -0.9085 0.4173
vn -0.1425 -0.9265 0.3484
vn -0.0085 -0.2620 0.9650
vn -0.3726 -0.9277 0.0228
vn 0.4142 -0.9100 -0.0172
vn 0.0084 -0.2620 0.9650
vn -0.1565 -0.9525 0.2611
vn -0.3923 0.9198 0.0011
vn 0.0149 0.3808 0.9245
vn -0.2252 0.8642 0.4500
vn -0.0784 0.9336 0.3496
vn -0.0149 0.3808 0.9245
vn 0.3923 0.9198 0.0006
vn 0.2259 0.8647 0.4486
vn -0.2140 0.8695 0.4451
vn 0.0173 0.8817 0.4715
vn 0.2391 0.8848 0.4000
vn 0.4065 0.8813 0.2411
vn 0.4749 0.8800 -0.0033
vn -0.4559 0.8085 0.3722
vn -0.0799 0.9367 -0.3409
vn -0.2345 0.8524 -0.4674
vn 0.0106 0.8661 -0.4998
vn 0.2451 0.8722 -0.4234
vn -0.4904 0.7844 -0.3797
vn 0.4180 0.8726 -0.2528
vn 0.3701 0.9247 0.0887
vn 0.0100 0.3101 0.9507
vn 0.2994 0.9086 -0.2913
vn 0.2791 0.8780 0.3888
vn 0.4159 0.9093 0.0181
vn 0.0082 0.2550 -0.9669
vn -0.0082 0.2550 -0.9669
vn -0.3724 0.9278 -0.0228
vn 0.1124 0.9135 -0.3910
vn 0.1929 0.8743 -0.4454
vn -0.0090 0.9093 -0.4161
vn -0.2017 0.9209 -0.3337
vn -0.3584 0.9115 -0.2017
vn -0.4184 0.9083 -0.0001
vn 0.3559 0.8390 -0.4116
vn 0.1107 0.9140 0.3903
vn 0.1929 0.8742 0.4455
vn -0.0090 0.9092 0.4162
vn -0.2018 0.9208 0.3337
vn -0.3597 0.9115 0.1996
vn 0.3560 0.8390 0.4116
vn -0.2993 0.9290 0.2176
vn -0.0100 0.3101 0.9507
vn -0.2208 0.9508 0.2172
vn -0.1528 0.9529 -0.2622
vn 0.5124 0.8259 -0.2352
vn -0.9018 0.3717 -0.2205
vn -0.1997 0.7610 -0.6173
vn -0.5766 0.6540 -0.4897
vn 0.0242 0.8260 -0.5631
vn 0.7963 0.6046 -0.0188
vn 0.3197 0.9390 -0.1268
vn -0.0359 0.9804 -0.1935
vn -0.3916 0.9114 -0.1262
vn -0.8198 0.5726 -0.0057
vn 0.7987 -0.6017 -0.0099
vn -0.7987 -0.6017 -0.0099
vn -0.0000 -0.9943 -0.1065
vn 0.3432 -0.9365 -0.0714
vn -0.3432 -0.9365 -0.0714
vn 0.7988 -0.5998 0.0459
vn -0.8000 -0.5967 0.0633
vn 0.0222 -0.9518 0.3058
vn -0.3179 -0.9061 0.2792
vn 0.3318 -0.9228 0.1958
vn 0.7985 0.6001 -0.0463
vn -0.8002 0.5966 -0.0623
vn 0.0231 0.9532 -0.3014
vn 0.3316 0.9236 -0.1923
vn -0.3169 0.9066 -0.2787
vn -0.2344 -0.2744 -0.9326
vn 0.2344 -0.2744 -0.9326
vn -0.4208 -0.5406 0.7285
vn 0.8170 -0.5763 0.0176
vn -0.2322 -0.7755 -0.5871
vn -0.4503 -0.4498 0.7713
vn 0.3746 -0.4713 -0.7985
vn -0.0166 -0.4846 0.8746
vn 0.0152 -0.5450 -0.8383
vn 0.4274 -0.4945 0.7568
vn -0.4171 -0.5750 -0.7039
vn 0.7479 -0.4887 0.4492
vn -0.7306 -0.5515 -0.4026
vn 0.8737 -0.4862 -0.0141
vn -0.8392 -0.5438 -0.0001
vn -0.7687 -0.3518 0.5342
vn 0.5232 -0.4450 -0.7268
vn -0.2805 -0.3279 0.9021
vn 0.2805 -0.3279 0.9021
vn -0.4969 -0.5084 -0.7033
vn -0.0000 -0.2885 0.9575
vn 0.7968 -0.6040 0.0132
vn -0.3742 -0.7908 0.4844
vn -0.4841 -0.4163 -0.7696
vn 0.3746 -0.4713 0.7985
vn -0.0459 -0.4531 -0.8903
vn 0.0152 -0.5450 0.8383
vn 0.4094 -0.4693 -0.7824
vn -0.4172 -0.5750 0.7038
vn 0.7418 -0.4713 -0.4770
vn -0.7327 -0.5514 0.3990
vn -0.8027 -0.3157 -0.5060
vn 0.5216 -0.4457 0.7275
vn 0.8904 -0.4240 0.1655
vn 0.1687 -0.4696 0.8666
vn 0.5457 -0.6130 0.5713
vn 0.8863 -0.4521 -0.1005
vn 0.1418 -0.4623 -0.8753
vn 0.5123 -0.6939 -0.5061
vn 0.0331 -0.9801 0.1955
vn -0.0000 -0.2365 -0.9716
vn 0.0020 -1.0000 -0.0026
vn -0.0028 -1.0000 0.0046
vn 0.0026 -1.0000 -0.0030
vn 0.0003 -1.0000 -0.0009
vn -0.0007 -1.0000 -0.0010
vn -0.0012 -1.0000 -0.0006
vn -0.0016 -1.0000 0.0001
vn 0.0019 -1.0000 -0.0012
vn -0.0030 -1.0000 -0.0049
vn 0.0025 -1.0000 0.0026
vn 0.0003 -1.0000 0.0004
vn -0.0004 -1.0000 0.0007
vn -0.0009 -1.0000 0.0005
vn 0.0013 -1.0000 0.0007
vn 0.0027 -1.0000 0.0070
vn 0.0073 -1.0000 -0.0041
vn -0.2404 0.2814 0.9290
vn 0.2404 0.2813 0.9290
vn -0.0000 0.2962 -0.9551
vn -0.3652 0.5380 -0.7597
vn 0.2818 0.3364 -0.8986
vn -0.2818 0.3364 -0.8986
vn -0.8148 0.5797 0.0004
vn 0.8148 0.5797 -0.0001
vn 0.8192 0.5734 -0.0078
vn -0.8036 0.5911 0.0693
vn -0.6293 0.6454 0.4329
vn 0.7813 0.5708 -0.2523
vn 0.2929 0.5396 -0.7894
vn -0.2781 0.6323 0.7230
vn -0.0157 0.5656 0.8245
vn 0.0018 0.5179 -0.8554
vn -0.2669 0.4954 -0.8266
vn 0.1842 0.5541 0.8118
vn 0.3464 0.5362 0.7697
vn -0.5044 0.4603 -0.7306
vn -0.1501 0.7653 0.6259
vn 0.8168 0.5767 -0.0154
vn 0.8871 0.4347 -0.1553
vn 0.1599 0.4751 -0.8653
vn 0.5351 0.6329 -0.5596
vn -0.0000 1.0000 -0.0009
vn -0.0010 1.0000 0.0001
vn -0.0027 1.0000 0.0027
vn 0.0007 1.0000 0.0013
vn -0.0020 1.0000 -0.0037
vn 0.0008 1.0000 0.0011
vn 0.0001 1.0000 0.0015
vn -0.0005 1.0000 0.0021
vn -0.0000 0.2430 0.9700
vn 0.0020 1.0000 0.0026
vn 0.0029 1.0000 -0.0071
vn 0.0916 -0.2586 0.9616
vn -0.0916 -0.2586 0.9616
vn 0.8197 -0.5727 0.0001
vn -0.8198 -0.5727 0.0004
vn -0.0000 -0.3826 0.9239
vn -0.0000 -1.0000 0.0011
vn -0.7792 -0.6206 0.0879
vn 0.7793 -0.6205 0.0875
vn 0.0001 -0.8098 0.5867
vn 0.2756 0.8838 -0.3780
vn 0.0100 0.3182 -0.9480
vn 0.3863 0.9224 -0.0007
vn 0.3867 0.9219 -0.0234
vn 0.3337 0.9231 -0.1909
vn -0.1334 0.8863 -0.4434
vn -0.0691 0.9342 -0.3501
vn -0.2558 0.8723 -0.4167
vn 0.0150 0.8974 -0.4410
vn 0.1582 0.9066 -0.3913
vn -0.3864 0.9223 -0.0003
vn -0.0100 0.3182 -0.9480
vn -0.3778 0.9250 0.0402
vn -0.2853 0.9345 0.2129
vn 0.1078 0.9010 0.4201
vn 0.0962 0.9169 0.3875
vn 0.1914 0.8941 0.4050
vn -0.0198 0.9085 0.4173
vn -0.1425 0.9265 0.3484
vn -0.0084 0.2620 0.9650
vn -0.3726 0.9277 0.0228
vn 0.4142 0.9100 -0.0172
vn 0.0084 0.2620 0.9650
vn -0.1565 0.9525 0.2611
vn -0.3923 -0.9198 0.0011
vn 0.0149 -0.3808 0.9245
vn -0.2252 -0.8642 0.4500
vn -0.0784 -0.9336 0.3496
vn -0.0149 -0.3808 0.9245
vn 0.3923 -0.9198 0.0006
vn 0.2259 -0.8647 0.4486
vn -0.2140 -0.8695 0.4451
vn 0.0173 -0.8817 0.4715
vn 0.2391 -0.8848 0.4000
vn 0.4065 -0.8813 0.2411
vn 0.4749 -0.8800 -0.0033
vn -0.4559 -0.8085 0.3722
vn -0.0799 -0.9367 -0.3409
vn -0.2345 -0.8524 -0.4674
vn 0.0106 -0.8661 -0.4998
vn 0.2451 -0.8722 -0.4234
vn -0.4904 -0.7844 -0.3797
vn 0.4180 -0.8726 -0.2528
vn 0.3701 -0.9247 0.0887
vn 0.0100 -0.3101 0.9507
vn 0.2994 -0.9086 -0.2913
vn 0.2791 -0.8780 0.3888
vn 0.4159 -0.9093 0.0181
vn 0.0082 -0.2550 -0.9669
vn -0.0082 -0.2550 -0.9669
vn -0.3724 -0.9278 -0.0228
vn 0.1124 -0.9135 -0.3910
vn 0.1929 -0.8743 -0.4454
vn -0.0090 -0.9093 -0.4161
vn -0.2017 -0.9209 -0.3337
vn -0.3584 -0.9115 -0.2017
vn -0.4184 -0.9083 -0.0001
vn 0.3559 -0.8390 -0.4116
vn 0.1107 -0.9140 0.3903
vn 0.1929 -0.8742 0.4455
vn -0.0090 -0.9092 0.4162
vn -0.2018 -0.9208 0.3337
vn -0.3597 -0.9115 0.1996
vn 0.3560 -0.8390 0.4116
vn -0.2993 -0.9290 0.2176
vn -0.0100 -0.3101 0.9507
vn -0.2208 -0.9508 0.2172
vn -0.1528 -0.9529 -0.2622
vn 0.5124 -0.8259 -0.2352
vn -0.9018 -0.3717 -0.2205
vn -0.1997 -0.7610 -0.6173
vn -0.5766 -0.6540 -0.4897
vn 0.0242 -0.8260 -0.5631
vn 0.7963 -0.6046 -0.0188
vn 0.3197 -0.9390 -0.1268
vn -0.0359 -0.9804 -0.1935
vn -0.3916 -0.9114 -0.1262
vn -0.8198 -0.5726 -0.0057
vn 0.7987 0.6017 -0.0099
vn -0.7987 0.6017 -0.0099
vn -0.0000 0.9943 -0.1065
vn 0.3432 0.9365 -0.0714
vn -0.3432 0.9365 -0.0714
vn 0.7988 0.5998 0.0459
vn -0.8000 0.5967 0.0633
vn 0.0222 0.9518 0.3058
vn -0.3179 0.9061 0.2792
vn 0.3318 0.9228 0.1958
vn 0.7985 -0.6001 -0.0463
vn -0.8002 -0.5966 -0.0623
vn 0.0231 -0.9532 -0.3014
vn 0.3316 -0.9236 -0.1923
vn -0.3169 -0.9066 -0.2787
vn 0.0004 0.7943 0.6076
vn -0.7192 0.6884 0.0944
vn 0.7195 0.6888 0.0889
vn 0.1421 0.8715 0.4694
vn -0.1408 0.8680 0.4763
vn 0.0004 -0.7943 0.6076
vn -0.7192 -0.6884 0.0944
vn 0.7195 -0.6888 0.0889
vn 0.1421 -0.8715 0.4694
vn -0.1408 -0.8680 0.4763
vn 0.7183 0.6867 -0.1116
vn 0.0002 0.7228 -0.6911
vn 0.1336 0.8205 -0.5558
vn -0.1332 0.8187 -0.5586
vn -0.7183 0.6867 -0.1118
vn 0.7183 -0.6867 -0.1116
vn 0.0002 -0.7228 -0.6911
vn 0.1336 -0.8205 -0.5558
vn -0.1332 -0.8187 -0.5586
vn -0.7183 -0.6867 -0.1118
vn 0.7185 -0.6870 0.1085
vn 0.0002 -0.7325 0.6807
vn -0.1344 -0.8260 0.5475
vn 0.1347 -0.8276 0.5450
vn -0.7185 -0.6870 0.1087
vn 0.7185 0.6870 0.1085
vn 0.0002 0.7325 0.6807
vn -0.1344 0.8260 0.5475
vn 0.1347 0.8276 0.5450
vn -0.7185 0.6870 0.1087
vn -0.7135 -0.6954 -0.0857
vn -0.0000 -0.8090 -0.5879
vn 0.1404 -0.8797 -0.4544
vn -0.1404 -0.8797 -0.4544
vn 0.7135 -0.6954 -0.0857
vn -0.7135 0.6954 -0.0857
vn -0.0000 0.8090 -0.5879
vn 0.1404 0.8797 -0.4544
vn -0.1404 0.8797 -0.4544
vn 0.7135 0.6954 -0.0857
vn -0.0222 0.2659 -0.9637
vn -0.0612 0.2776 -0.9588
vn -0.1346 0.2863 -0.9486
vn -0.4280 0.9030 -0.0385
vn -0.4622 0.8827 -0.0847
vn -0.4546 0.8631 -0.2200
vn -0.8099 0.3324 0.4833
vn -0.8346 0.3225 0.4465
vn -0.7953 0.3725 0.4782
vn 0.5177 0.4384 -0.7347
vn 0.4881 0.4421 -0.7525
vn 0.4398 0.4537 -0.7750
vn -0.1363 0.4791 0.8671
vn -0.2475 0.4728 0.8457
vn -0.3509 0.4639 0.8134
vn 0.2928 0.4923 -0.8197
vn 0.1996 0.5131 -0.8348
vn 0.1049 0.5308 -0.8410
vn 0.3257 0.4948 0.8057
vn 0.2182 0.4929 0.8423
vn 0.1041 0.4893 0.8659
vn -0.0753 0.5567 -0.8273
vn -0.1771 0.5665 -0.8048
vn -0.2933 0.5733 -0.7651
vn 0.6819 0.4884 0.5445
vn 0.6064 0.4896 0.6266
vn 0.5216 0.4921 0.6969
vn -0.5267 0.5713 -0.6294
vn -0.6108 0.5646 -0.5551
vn -0.6765 0.5575 -0.4812
vn 0.8656 0.4885 0.1099
vn 0.8413 0.4896 0.2293
vn 0.8018 0.4894 0.3429
vn -0.7756 0.5473 -0.3144
vn -0.8101 0.5450 -0.2159
vn -0.8318 0.5440 -0.1099
vn -0.5464 0.4294 0.7191
vn -0.6347 0.4040 0.6587
vn -0.7098 0.3770 0.5950
vn 0.2100 0.5684 -0.7955
vn 0.3987 0.5035 -0.7665
vn 0.4913 0.4653 -0.7363
vn -0.0269 0.3226 0.9462
vn -0.0740 0.3355 0.9391
vn -0.1617 0.3438 0.9250
vn 0.3003 0.9463 0.1197
vn 0.2208 0.9639 0.1486
vn 0.1309 0.9759 0.1744
vn 0.0061 0.3005 0.9538
vn 0.0041 0.2938 0.9559
vn 0.0021 0.2898 0.9571
vn -0.3651 0.9082 0.2044
vn -0.4283 0.8832 0.1910
vn -0.4746 0.8513 0.2237
vn -0.8426 0.2968 -0.4493
vn -0.8656 0.2888 -0.4090
vn -0.8756 0.2923 -0.3847
vn 0.5177 0.4384 0.7347
vn 0.4881 0.4421 0.7525
vn 0.4398 0.4537 0.7750
vn -0.1677 0.4466 -0.8789
vn -0.2804 0.4398 -0.8532
vn -0.3846 0.4306 -0.8165
vn 0.2928 0.4923 0.8197
vn 0.1996 0.5131 0.8348
vn 0.1049 0.5308 0.8410
vn 0.3047 0.4679 -0.8296
vn 0.1943 0.4643 -0.8641
vn 0.0774 0.4592 -0.8850
vn -0.0753 0.5567 0.8273
vn -0.1771 0.5665 0.8048
vn -0.2933 0.5733 0.7651
vn 0.6730 0.4686 -0.5722
vn 0.5944 0.4679 -0.6540
vn 0.5067 0.4687 -0.7236
vn -0.5271 0.5713 0.6291
vn -0.6119 0.5646 0.5540
vn -0.6782 0.5574 0.4789
vn -0.7773 0.5473 0.3104
vn -0.8109 0.5450 0.2131
vn -0.8320 0.5441 0.1088
vn -0.5804 0.3954 -0.7119
vn -0.6690 0.3692 -0.6450
vn -0.7443 0.3415 -0.5740
vn 0.0278 0.6356 0.7715
vn 0.3301 0.5318 0.7798
vn 0.4751 0.4725 0.7423
vn 0.8647 0.4829 -0.1379
vn 0.8392 0.4791 -0.2572
vn 0.7980 0.4751 -0.3707
vn 0.0139 0.6002 0.7997
vn 0.0607 0.5849 0.8088
vn 0.1093 0.5344 0.8381
vn 0.2239 0.5307 0.8174
vn 0.2960 0.5860 0.7543
vn 0.4011 0.6120 0.6816
vn 0.6819 0.5888 0.4340
vn 0.7778 0.5437 0.3154
vn 0.8469 0.4811 0.2265
vn 0.8644 0.4906 0.1103
vn 0.8341 0.5478 0.0652
vn 0.8191 0.5726 0.0332
vn 0.8314 0.5332 -0.1564
vn 0.7477 0.6202 -0.2374
vn 0.6461 0.6767 -0.3530
vn 0.0050 0.2468 -0.9691
vn 0.0034 0.2410 -0.9705
vn 0.0017 0.2376 -0.9714
vn 0.3270 0.9450 0.0091
vn 0.2290 0.9734 0.0030
vn 0.1198 0.9928 -0.0005
vn 0.0894 0.9449 -0.3148
vn 0.0626 0.9727 -0.2235
vn 0.0314 0.9927 -0.1162
vn 0.1540 0.9185 -0.3641
vn 0.1098 0.9583 -0.2640
vn 0.0591 0.9881 -0.1421
vn -0.0119 0.9417 -0.3363
vn -0.0117 0.9699 -0.2431
vn -0.0076 0.9913 -0.1316
vn -0.1637 0.9491 -0.2689
vn -0.1194 0.9736 -0.1947
vn -0.0655 0.9922 -0.1062
vn -0.2893 0.9430 -0.1641
vn -0.2093 0.9705 -0.1197
vn -0.1136 0.9914 -0.0655
vn -0.3388 0.9409 -0.0001
vn -0.2456 0.9694 -0.0000
vn -0.1336 0.9910 -0.0000
vn 0.3070 0.8896 -0.3382
vn 0.2343 0.9405 -0.2462
vn 0.1316 0.9825 -0.1320
vn 0.0883 0.9451 0.3147
vn 0.0619 0.9728 0.2234
vn 0.0310 0.9927 0.1162
vn 0.1543 0.9182 0.3648
vn 0.1106 0.9577 0.2657
vn 0.0602 0.9877 0.1442
vn -0.0119 0.9414 0.3369
vn -0.0117 0.9695 0.2448
vn -0.0076 0.9910 0.1335
vn -0.1640 0.9490 0.2693
vn -0.1200 0.9733 0.1958
vn -0.0662 0.9920 0.1075
vn -0.2908 0.9429 0.1625
vn -0.2109 0.9703 0.1188
vn -0.1150 0.9912 0.0653
vn 0.3076 0.8892 0.3387
vn 0.2358 0.9398 0.2475
vn 0.1335 0.9820 0.1335
vn -0.0052 1.0000 -0.0016
vn -0.0085 1.0000 -0.0040
vn -0.0062 1.0000 -0.0052
vn -0.0015 1.0000 0.0003
vn -0.0014 1.0000 0.0004
vn -0.0012 1.0000 0.0005
vn -0.0006 1.0000 0.0003
vn -0.0005 1.0000 0.0002
vn -0.0005 1.0000 0.0003
vn -0.0001 1.0000 0.0008
vn 0.0002 1.0000 0.0006
vn 0.0004 1.0000 0.0008
vn 0.0008 1.0000 0.0014
vn 0.0015 1.0000 0.0021
vn 0.0031 1.0000 0.0025
vn 0.0033 1.0000 0.0021
vn 0.0030 1.0000 0.0016
vn -0.0058 1.0000 0.0050
vn -0.0078 1.0000 0.0036
vn -0.0044 1.0000 0.0011
vn -0.0015 1.0000 -0.0005
vn -0.0016 1.0000 -0.0004
vn -0.0017 1.0000 -0.0002
vn -0.0008 1.0000 -0.0006
vn -0.0008 1.0000 -0.0004
vn -0.0009 1.0000 -0.0004
vn 0.0002 1.0000 -0.0010
vn -0.0000 1.0000 -0.0011
vn -0.0004 1.0000 -0.0012
vn 0.0016 1.0000 -0.0025
vn 0.0008 1.0000 -0.0019
vn 0.0004 1.0000 -0.0013
vn 0.0034 1.0000 -0.0020
vn 0.0036 1.0000 -0.0025
vn 0.0033 1.0000 -0.0029
vn -0.0001 1.0000 0.0056
vn -0.0008 1.0000 0.0043
vn -0.0013 1.0000 0.0039
vn 0.0038 1.0000 -0.0008
vn 0.0067 1.0000 0.0001
vn 0.0068 1.0000 0.0039
vn 0.1852 0.9404 0.2852
vn 0.1118 0.9762 0.1856
vn 0.0539 0.9941 0.0941
vn -0.1775 0.9354 -0.3057
vn -0.1948 0.9213 -0.3364
vn -0.2209 0.8937 -0.3906
vn -0.0638 0.9754 0.2108
vn -0.1514 0.9637 0.2200
vn -0.2292 0.9475 0.2228
vn -0.0015 1.0000 -0.0047
vn -0.0005 1.0000 -0.0057
vn 0.0017 1.0000 -0.0069
vn 0.3704 0.6683 -0.6451
vn 0.2662 0.6125 -0.7443
vn 0.1940 0.5344 -0.8227
vn -0.3094 -0.9509 -0.0005
vn -0.2197 -0.9756 -0.0006
vn -0.1155 -0.9933 -0.0008
vn 0.0271 -0.3309 -0.9433
vn 0.0744 -0.3439 -0.9360
vn 0.1625 -0.3523 -0.9217
vn 0.4622 -0.8868 -0.0005
vn 0.5527 -0.8334 -0.0004
vn 0.6698 -0.7425 -0.0002
vn -0.8107 -0.5844 0.0367
vn -0.8138 -0.5810 0.0153
vn -0.8147 -0.5798 0.0041
vn -0.7072 -0.6335 0.3138
vn -0.7596 -0.6174 0.2046
vn -0.7890 -0.6021 0.1220
vn 0.4640 -0.8855 -0.0224
vn 0.5562 -0.8308 -0.0192
vn 0.6746 -0.7380 -0.0142
vn -0.0228 -0.2732 0.9617
vn -0.0628 -0.2850 0.9565
vn -0.1381 -0.2937 0.9459
vn 0.4096 -0.8872 -0.2124
vn 0.5041 -0.8326 -0.2296
vn 0.6288 -0.7385 -0.2434
vn -0.0690 -0.5137 -0.8552
vn -0.1508 -0.5068 -0.8488
vn -0.2189 -0.5002 -0.8378
vn -0.3080 -0.4913 -0.8147
vn -0.3564 -0.4855 -0.7983
vn -0.4205 -0.4761 -0.7723
vn -0.1602 -0.8380 -0.5217
vn -0.1907 -0.7697 -0.6093
vn -0.2271 -0.6634 -0.7130
vn 0.8150 -0.5794 -0.0002
vn 0.8156 -0.5786 -0.0011
vn 0.8169 -0.5767 -0.0031
vn 0.4950 -0.8685 -0.0260
vn 0.5761 -0.8169 -0.0294
vn 0.6792 -0.7335 -0.0246
vn -0.1172 -0.9126 -0.3917
vn -0.2142 -0.8440 -0.4917
vn -0.3089 -0.7187 -0.6229
vn -0.0061 -0.3085 -0.9512
vn -0.0042 -0.3017 -0.9534
vn -0.0021 -0.2976 -0.9547
vn -0.0488 -0.5764 0.8157
vn -0.1064 -0.5935 0.7977
vn -0.1860 -0.6139 0.7672
vn -0.3087 -0.8180 -0.4854
vn -0.3681 -0.7424 -0.5597
vn -0.4354 -0.6291 -0.6439
vn 0.2293 -0.5769 0.7840
vn 0.3265 -0.5454 0.7720
vn 0.3546 -0.5360 0.7661
vn -0.5895 -0.4402 -0.6772
vn -0.6515 -0.4261 -0.6277
vn -0.6848 -0.4242 -0.5926
vn 0.3206 -0.5405 0.7779
vn 0.2869 -0.5455 0.7875
vn 0.2430 -0.5503 0.7988
vn 0.1165 -0.5565 0.8227
vn 0.0553 -0.5578 0.8282
vn 0.0116 -0.5601 0.8283
vn 0.0141 -0.8527 -0.5222
vn 0.0117 -0.7884 -0.6151
vn 0.0075 -0.6857 -0.7278
vn 0.1856 -0.8651 -0.4659
vn 0.2161 -0.8047 -0.5529
vn 0.2524 -0.7060 -0.6617
vn 0.1984 -0.5313 -0.8236
vn 0.1219 -0.5256 -0.8420
vn 0.0588 -0.5213 -0.8513
vn 0.8217 -0.5695 -0.0222
vn 0.8221 -0.5663 -0.0578
vn 0.8143 -0.5661 -0.1280
vn -0.3687 -0.6447 0.6697
vn -0.4534 -0.6503 0.6095
vn -0.5395 -0.6507 0.5343
vn 0.7004 -0.5743 -0.4238
vn 0.5688 -0.5679 -0.5949
vn 0.4188 -0.5532 -0.7201
vn 0.8612 -0.4980 -0.1016
vn 0.8321 -0.5515 -0.0590
vn 0.8185 -0.5738 -0.0295
vn 0.2158 -0.5394 -0.8139
vn 0.2880 -0.5988 -0.7473
vn 0.3922 -0.6287 -0.6715
vn 0.6706 -0.6097 -0.4225
vn 0.7684 -0.5627 -0.3048
vn 0.8410 -0.4959 -0.2164
vn -0.3041 -0.9521 0.0328
vn -0.2173 -0.9758 0.0231
vn -0.1151 -0.9933 0.0117
vn -0.2358 -0.9555 0.1772
vn -0.1733 -0.9763 0.1295
vn -0.0946 -0.9931 0.0699
vn 0.0917 -0.9330 0.3479
vn 0.0688 -0.9645 0.2549
vn 0.0380 -0.9898 0.1375
vn 0.0753 -0.9467 0.3131
vn 0.0528 -0.9733 0.2233
vn 0.0269 -0.9928 0.1170
vn 0.1622 -0.9284 0.3344
vn 0.1224 -0.9619 0.2444
vn 0.0683 -0.9890 0.1315
vn -0.0178 -0.9388 0.3440
vn -0.0134 -0.9679 0.2510
vn -0.0070 -0.9908 0.1351
vn -0.1209 -0.9486 0.2923
vn -0.0901 -0.9720 0.2169
vn -0.0490 -0.9918 0.1184
vn -0.0007 -1.0000 -0.0000
vn -0.0004 -1.0000 -0.0000
vn -0.0001 -1.0000 -0.0000
vn -0.0000 -1.0000 0.0016
vn -0.0001 -1.0000 0.0019
vn -0.0003 -1.0000 0.0020
vn 0.0007 -1.0000 0.0010
vn 0.0006 -1.0000 0.0010
vn -0.0029 -1.0000 -0.0033
vn -0.0026 -1.0000 -0.0020
vn -0.0009 -1.0000 -0.0003
vn 0.0007 -1.0000 0.0018
vn 0.0005 -1.0000 0.0021
vn 0.0003 -1.0000 0.0019
vn -0.0007 -1.0000 0.0022
vn -0.0011 -1.0000 0.0026
vn -0.0018 -1.0000 0.0029
vn -0.0028 -1.0000 0.0016
vn -0.0023 -1.0000 0.0007
vn -0.0016 -1.0000 0.0003
vn 0.0052 -0.2536 0.9673
vn 0.0035 -0.2477 0.9688
vn 0.0018 -0.2442 0.9697
vn -0.3006 -0.9536 0.0147
vn -0.2143 -0.9767 0.0086
vn -0.1130 -0.9936 0.0048
vn -0.0001 -1.0000 -0.0058
vn -0.0008 -1.0000 -0.0043
vn -0.0012 -1.0000 -0.0037
vn 0.0037 -1.0000 0.0007
vn 0.0065 -1.0000 -0.0001
vn 0.0068 -1.0000 -0.0038
vn 0.3539 -0.8256 -0.4394
vn 0.3910 -0.8041 -0.4478
vn 0.4330 -0.7693 -0.4698
vn -0.1247 -0.9703 0.2071
vn -0.0878 -0.9855 0.1451
vn -0.0454 -0.9962 0.0739
vn -0.0028 0.3885 0.9214
vn 0.0044 0.3879 0.9217
vn 0.0049 0.3844 0.9231
vn -0.4688 0.8833 0.0010
vn -0.5597 0.8287 0.0008
vn -0.6765 0.7364 0.0006
vn 0.0037 0.8301 0.5577
vn 0.0127 0.8883 0.4590
vn 0.0254 0.9444 0.3278
vn -0.7409 0.6634 0.1046
vn -0.7484 0.6444 0.1570
vn -0.7080 0.6569 0.2592
vn 0.0211 0.3615 0.9321
vn 0.0088 0.3320 0.9432
vn -0.0290 0.2991 0.9538
vn 0.3144 0.9493 0.0008
vn 0.2234 0.9747 0.0009
vn 0.1175 0.9931 0.0010
vn 0.6896 0.7017 0.1792
vn 0.6201 0.6597 0.4247
vn 0.4600 0.5104 0.7266
vn 0.8078 -0.5895 -0.0044
vn 0.8124 -0.5831 -0.0018
vn 0.8143 -0.5804 -0.0006
vn -0.6838 -0.7082 -0.1756
vn -0.6163 -0.6674 -0.4181
vn -0.4598 -0.5198 -0.7200
vn -0.0000 -0.7678 -0.6407
vn -0.0000 -0.6751 -0.7378
vn -0.0000 -0.5019 -0.8649
vn -0.8039 0.5938 0.0340
vn -0.8145 0.5800 0.0129
vn -0.8187 0.5743 0.0035
vn 0.7154 0.6508 0.2542
vn 0.5475 0.6038 0.5794
vn 0.2745 0.4252 0.8625
vn -0.0000 0.7118 0.7023
vn -0.0000 0.6237 0.7817
vn -0.0000 0.5212 0.8534
vn 0.6855 -0.6961 0.2134
vn 0.5998 -0.6359 0.4856
vn 0.4172 -0.4628 0.7822
vn -0.7980 -0.5928 0.1084
vn -0.7416 -0.6137 0.2710
vn -0.5426 -0.6667 0.5109
vn -0.0000 -0.6945 0.7195
vn -0.0000 -0.5944 0.8042
vn -0.0000 -0.4252 0.9051
vn 0.6847 0.6950 -0.2193
vn 0.5962 0.6317 -0.4954
vn 0.4102 0.4551 -0.7903
vn -0.8027 0.5898 -0.0886
vn -0.7721 0.6030 -0.2007
vn -0.6426 0.6524 -0.4018
vn -0.0000 0.6838 -0.7297
vn -0.0000 0.5832 -0.8123
vn -0.0000 0.4152 -0.9097
vn -0.2745 0.4252 0.8625
vn -0.5475 0.6038 0.5794
vn -0.7154 0.6508 0.2542
vn 0.8188 0.5740 0.0027
vn 0.8148 0.5796 0.0113
vn 0.8041 0.5936 0.0326
vn 0.0004 0.9990 0.0443
vn 0.0006 0.9843 0.1766
vn 0.0004 0.9190 0.3942
vn 0.1780 0.8422 0.5089
vn 0.1300 0.8240 0.5515
vn 0.0713 0.8133 0.5775
vn -0.2972 0.8797 0.3712
vn -0.4156 0.8666 0.2761
vn -0.5825 0.7937 0.1753
vn -0.1248 0.9122 0.3903
vn -0.2270 0.8472 0.4803
vn -0.3416 0.7226 0.6010
vn -0.2641 0.8129 0.5190
vn -0.3207 0.7349 0.5976
vn -0.3849 0.6193 0.6843
vn 0.0121 0.8313 0.5557
vn 0.0044 0.7609 0.6488
vn -0.0055 0.6527 0.7576
vn 0.2786 0.8360 0.4728
vn 0.3216 0.7678 0.5542
vn 0.3722 0.6618 0.6508
vn 0.4773 0.8316 0.2840
vn 0.5556 0.7624 0.3316
vn 0.6477 0.6558 0.3879
vn 0.5578 0.8300 -0.0052
vn 0.6494 0.7604 -0.0076
vn 0.7570 0.6533 -0.0106
vn -0.5369 0.7328 0.4180
vn -0.6194 0.6361 0.4602
vn -0.6999 0.5099 0.5001
vn -0.1577 0.9155 -0.3701
vn -0.3162 0.8321 -0.4556
vn -0.4467 0.6859 -0.5744
vn -0.2901 0.7893 -0.5411
vn -0.3517 0.7046 -0.6163
vn -0.4190 0.5841 -0.6952
vn 0.0010 0.8102 -0.5862
vn -0.0122 0.7339 -0.6791
vn -0.0285 0.6208 -0.7835
vn 0.2819 0.8191 -0.4996
vn 0.3205 0.7464 -0.5833
vn 0.3639 0.6365 -0.6800
vn 0.0914 0.5264 -0.8453
vn 0.0514 0.5782 -0.8143
vn 0.0265 0.5936 -0.8043
vn 0.8082 0.5889 -0.0042
vn 0.8260 0.5631 -0.0273
vn 0.8573 0.5115 -0.0582
vn 0.3495 0.8725 -0.3414
vn 0.3682 0.8570 -0.3606
vn 0.4055 0.8225 -0.3988
vn -0.5768 0.7003 -0.4205
vn -0.6616 0.5963 -0.4546
vn -0.7399 0.4675 -0.4837
vn 0.4878 0.8199 -0.2996
vn 0.5633 0.7477 -0.3516
vn 0.6500 0.6383 -0.4123
vn 0.0554 -0.9941 -0.0935
vn 0.1138 -0.9764 -0.1836
vn 0.1859 -0.9418 -0.2800
vn 0.0021 -0.2976 -0.9547
vn 0.0042 -0.3017 -0.9534
vn 0.0061 -0.3085 -0.9512
vn 0.1154 -0.9933 -0.0009
vn 0.2196 -0.9756 -0.0009
vn 0.3093 -0.9510 -0.0008
vn 0.1139 -0.9934 -0.0101
vn 0.2183 -0.9757 -0.0176
vn 0.3086 -0.9509 -0.0220
vn 0.0926 -0.9937 -0.0627
vn 0.1814 -0.9763 -0.1181
vn 0.2611 -0.9518 -0.1608
vn -0.0385 -0.9899 -0.1362
vn -0.0746 -0.9632 -0.2581
vn -0.1061 -0.9270 -0.3597
vn -0.0301 -0.9915 -0.1266
vn -0.0533 -0.9700 -0.2371
vn -0.0669 -0.9458 -0.3179
vn -0.0721 -0.9889 -0.1303
vn -0.1410 -0.9590 -0.2460
vn -0.2021 -0.9182 -0.3407
vn 0.0065 -0.9910 -0.1335
vn 0.0113 -0.9671 -0.2541
vn 0.0141 -0.9344 -0.3559
vn 0.0486 -0.9920 -0.1166
vn 0.0921 -0.9704 -0.2233
vn 0.1284 -0.9406 -0.3142
vn 0.3632 -0.9233 -0.1247
vn 0.3786 -0.9225 -0.0752
vn 0.3849 -0.9220 -0.0428
vn 0.2012 -0.9103 -0.3618
vn 0.2469 -0.9150 -0.3190
vn 0.2926 -0.9200 -0.2608
vn -0.1025 -0.8892 -0.4459
vn -0.0628 -0.8925 -0.4467
vn -0.0205 -0.8954 -0.4448
vn -0.1729 -0.9203 -0.3509
vn -0.2463 -0.8906 -0.3823
vn -0.2761 -0.8730 -0.4021
vn -0.2165 -0.8774 -0.4281
vn -0.1843 -0.8812 -0.4353
vn -0.1585 -0.8839 -0.4400
vn 0.0457 -0.8991 -0.4353
vn 0.0796 -0.9013 -0.4259
vn 0.1177 -0.9037 -0.4116
vn 0.3869 -0.9221 -0.0115
vn 0.3868 -0.9222 -0.0042
vn 0.3866 -0.9223 -0.0010
vn 0.0960 -0.8478 -0.5215
vn 0.0578 -0.7520 -0.6566
vn 0.0278 -0.5553 -0.8312
vn -0.6698 -0.7426 0.0002
vn -0.5527 -0.8334 -0.0000
vn -0.4622 -0.8868 -0.0001
vn -0.1625 -0.3523 -0.9217
vn -0.0744 -0.3439 -0.9360
vn -0.0271 -0.3309 -0.9433
vn -0.6561 -0.7524 0.0594
vn -0.5393 -0.8405 0.0519
vn -0.4508 -0.8915 0.0460
vn -0.4958 -0.7960 0.3472
vn -0.4008 -0.8700 0.2872
vn -0.3350 -0.9096 0.2457
vn 0.1581 -0.7173 0.6786
vn 0.1372 -0.8098 0.5704
vn 0.1213 -0.8644 0.4880
vn 0.0712 -0.8267 0.5581
vn 0.1131 -0.8594 0.4987
vn 0.1132 -0.8871 0.4474
vn 0.2939 -0.7011 0.6497
vn 0.2509 -0.7971 0.5492
vn 0.2182 -0.8548 0.4709
vn -0.0169 -0.7285 0.6848
vn -0.0184 -0.8198 0.5724
vn -0.0196 -0.8731 0.4872
vn -0.2245 -0.7847 0.5778
vn -0.1871 -0.8605 0.4738
vn -0.1619 -0.9011 0.4022
vn -0.0960 -0.8478 -0.5215
vn -0.0578 -0.7520 -0.6566
vn -0.0278 -0.5553 -0.8312
vn -0.3833 -0.9234 0.0212
vn -0.3857 -0.9226 0.0086
vn -0.3864 -0.9223 0.0022
vn -0.0445 -0.9121 0.4075
vn -0.0742 -0.9170 0.3920
vn -0.1078 -0.9221 0.3717
vn 0.1739 -0.8955 0.4096
vn 0.1552 -0.8973 0.4131
vn 0.1344 -0.8992 0.4164
vn 0.1516 -0.9071 0.3925
vn 0.1883 -0.8991 0.3952
vn 0.2001 -0.8946 0.3994
vn 0.0746 -0.9028 0.4236
vn 0.0387 -0.9044 0.4250
vn 0.0062 -0.9061 0.4230
vn -0.1763 -0.9297 0.3235
vn -0.2098 -0.9319 0.2958
vn -0.2459 -0.9336 0.2605
vn -0.3221 -0.9334 0.1581
vn -0.3497 -0.9307 0.1076
vn -0.3676 -0.9275 0.0679
vn -0.0018 -0.2442 0.9697
vn -0.0035 -0.2477 0.9688
vn -0.0052 -0.2536 0.9673
vn -0.4268 -0.8724 0.2384
vn -0.4551 -0.8861 0.0883
vn -0.4266 -0.9036 0.0389
vn -0.0917 -0.7918 0.6039
vn -0.0536 -0.6792 0.7320
vn -0.0245 -0.4768 0.8787
vn 0.1198 -0.9928 0.0005
vn 0.2289 -0.9735 -0.0029
vn 0.3265 -0.9452 -0.0087
vn 0.1381 -0.2937 0.9459
vn 0.0628 -0.2850 0.9565
vn 0.0228 -0.2732 0.9617
vn 0.0917 -0.7918 0.6039
vn 0.0536 -0.6792 0.7320
vn 0.0245 -0.4768 0.8787
vn -0.1984 -0.8998 0.3886
vn -0.1904 -0.9233 0.3335
vn -0.1799 -0.9356 0.3038
vn -0.3511 -0.9353 0.0440
vn -0.3120 -0.9456 0.0918
vn -0.2472 -0.9539 0.1699
vn 0.0395 -0.9259 0.3758
vn -0.0103 -0.9338 0.3577
vn -0.0703 -0.9427 0.3262
vn 0.1451 -0.8911 -0.4301
vn 0.0561 -0.9039 -0.4241
vn 0.0015 -0.9210 -0.3895
vn 0.4317 -0.9005 -0.0534
vn 0.4372 -0.8891 -0.1359
vn 0.3916 -0.8825 -0.2604
vn -0.1175 0.9931 0.0011
vn -0.2234 0.9747 0.0012
vn -0.3144 0.9493 0.0012
vn -0.0049 0.3844 0.9231
vn -0.0044 0.3879 0.9217
vn 0.0028 0.3885 0.9214
vn -0.0712 0.8130 0.5779
vn -0.1297 0.8235 0.5523
vn -0.1776 0.8416 0.5100
vn -0.1304 0.7866 0.6036
vn -0.0533 0.6835 0.7280
vn -0.0048 0.5499 0.8352
vn -0.3871 0.9216 0.0291
vn -0.3660 0.9236 0.1139
vn -0.3123 0.9109 0.2698
vn 0.0290 0.2991 0.9538
vn -0.0088 0.3320 0.9432
vn -0.0211 0.3615 0.9321
vn 0.6765 0.7364 0.0001
vn 0.5597 0.8287 0.0003
vn 0.4688 0.8833 0.0004
vn 0.5828 0.7937 0.1745
vn 0.4161 0.8668 0.2748
vn 0.2979 0.8801 0.3697
vn 0.3882 0.9212 0.0257
vn 0.3683 0.9236 0.1062
vn 0.3144 0.9119 0.2637
vn 0.1304 0.7866 0.6036
vn 0.0533 0.6835 0.7280
vn 0.0048 0.5499 0.8352
vn -0.0349 0.9913 0.1267
vn -0.0604 0.9699 0.2357
vn -0.0744 0.9464 0.3142
vn -0.0561 0.9890 0.1371
vn -0.1124 0.9588 0.2610
vn -0.1649 0.9171 0.3630
vn 0.0094 0.9904 0.1381
vn 0.0165 0.9632 0.2683
vn 0.0192 0.9248 0.3799
vn 0.0701 0.9910 0.1140
vn 0.1374 0.9647 0.2246
vn 0.1942 0.9270 0.3208
vn 0.1192 0.9904 0.0699
vn 0.2323 0.9630 0.1368
vn 0.3285 0.9243 0.1942
vn 0.1394 0.9902 -0.0001
vn 0.2715 0.9624 -0.0007
vn 0.3838 0.9234 -0.0018
vn -0.1366 0.9825 0.1269
vn -0.2624 0.9363 0.2334
vn -0.3681 0.8752 0.3140
vn -0.0354 0.9912 -0.1273
vn -0.0616 0.9697 -0.2366
vn -0.0764 0.9462 -0.3144
vn -0.0596 0.9878 -0.1436
vn -0.1211 0.9538 -0.2748
vn -0.1796 0.9063 -0.3825
vn 0.0093 0.9894 -0.1451
vn 0.0153 0.9587 -0.2840
vn 0.0158 0.9149 -0.4033
vn 0.0727 0.9902 -0.1190
vn 0.1427 0.9611 -0.2365
vn 0.2009 0.9190 -0.3393
vn -0.1441 0.9808 -0.1314
vn -0.2797 0.9291 -0.2418
vn -0.3949 0.8599 -0.3236
vn 0.1229 0.9898 -0.0713
vn 0.2400 0.9605 -0.1411
vn 0.3392 0.9187 -0.2021
vn 0.3845 0.8712 -0.3052
vn 0.3448 0.8710 -0.3499
vn 0.2985 0.8717 -0.3887
vn -0.4772 0.7998 -0.3642
vn -0.3745 0.8565 -0.3552
vn -0.2278 0.9154 -0.3319
vn 0.4687 0.8812 0.0615
vn 0.4549 0.8817 0.1247
vn 0.4340 0.8817 0.1851
vn -0.4081 0.8241 0.3929
vn -0.3459 0.8423 0.4133
vn -0.2801 0.8579 0.4307
vn -0.1515 0.8765 0.4570
vn -0.0936 0.8797 0.4662
vn -0.0378 0.8809 0.4717
vn 0.0724 0.8829 0.4640
vn 0.1279 0.8842 0.4492
vn 0.1837 0.8851 0.4277
vn 0.2903 0.8834 0.3679
vn 0.3348 0.8819 0.3319
vn 0.3732 0.8812 0.2902
vn 0.4729 0.8784 -0.0683
vn 0.4628 0.8766 -0.1321
vn 0.4444 0.8745 -0.1941
vn -0.2143 0.9166 0.3374
vn -0.3518 0.8668 0.3534
vn -0.4454 0.8197 0.3602
vn -0.3044 0.8393 -0.4505
vn -0.3741 0.8217 -0.4299
vn -0.4401 0.8013 -0.4053
vn -0.0480 0.8652 -0.4992
vn -0.1072 0.8638 -0.4923
vn -0.1685 0.8602 -0.4813
vn 0.1870 0.8715 -0.4534
vn 0.1280 0.8697 -0.4767
vn 0.0692 0.8677 -0.4923
vn 0.6322 0.7744 0.0225
vn 0.5142 0.8569 0.0355
vn 0.4363 0.8979 0.0585
vn 0.1617 0.3438 0.9250
vn 0.0740 0.3355 0.9391
vn 0.0269 0.3226 0.9462
vn 0.1973 0.8935 0.4035
vn 0.2613 0.9192 0.2948
vn 0.3222 0.9292 0.1812
vn 0.0803 0.9939 -0.0751
vn 0.1534 0.9772 -0.1467
vn 0.2273 0.9487 -0.2196
vn 0.0075 0.9235 -0.3835
vn 0.0765 0.9109 -0.4056
vn 0.1782 0.9074 -0.3806
vn -0.0021 0.2898 0.9571
vn -0.0041 0.2938 0.9559
vn -0.0061 0.3005 0.9538
vn 0.4462 0.7520 0.4852
vn 0.4035 0.7884 0.4643
vn 0.3630 0.8132 0.4549
vn 0.6806 0.7321 0.0272
vn 0.5786 0.8150 0.0318
vn 0.4976 0.8670 0.0276
vn 0.1466 0.8879 0.4361
vn 0.0574 0.9029 0.4259
vn 0.0006 0.9204 0.3909
vn 0.3981 0.8762 0.2716
vn 0.4437 0.8847 0.1427
vn 0.4354 0.8985 0.0561
vn 0.1346 0.2863 -0.9486
vn 0.0612 0.2776 -0.9588
vn 0.0222 0.2659 -0.9637
vn 0.0908 0.7832 -0.6151
vn 0.0528 0.6687 -0.7417
vn 0.0240 0.4663 -0.8843
vn -0.0017 0.2376 -0.9714
vn -0.0034 0.2410 -0.9705
vn -0.0050 0.2468 -0.9691
vn -0.1129 0.9936 -0.0048
vn -0.2142 0.9768 -0.0086
vn -0.3003 0.9537 -0.0147
vn -0.0908 0.7832 -0.6151
vn -0.0528 0.6687 -0.7417
vn -0.0240 0.4663 -0.8843
vn 0.0481 0.8255 -0.5623
vn 0.1156 0.8557 -0.5044
vn 0.1271 0.8828 -0.4523
vn 0.3232 0.6390 -0.6980
vn 0.2740 0.7492 -0.6030
vn 0.2312 0.8219 -0.5206
vn 0.0083 0.7115 -0.7026
vn 0.0016 0.8094 -0.5872
vn -0.0043 0.8689 -0.4949
vn -0.3444 0.7389 -0.5792
vn -0.2854 0.8309 -0.4777
vn -0.2398 0.8850 -0.3992
vn -0.6098 0.7174 -0.3370
vn -0.5079 0.8139 -0.2820
vn -0.4271 0.8722 -0.2386
vn -0.7039 0.7103 -0.0001
vn -0.5889 0.8082 -0.0001
vn -0.4969 0.8678 -0.0001
vn 0.4753 0.6063 -0.6376
vn 0.4315 0.7131 -0.5526
vn 0.3935 0.7848 -0.4788
vn -0.0259 0.8541 0.5194
vn 0.0929 0.8679 0.4880
vn 0.1215 0.8860 0.4474
vn 0.3232 0.6390 0.6980
vn 0.2740 0.7492 0.6030
vn 0.2312 0.8219 0.5206
vn 0.0083 0.7115 0.7026
vn 0.0016 0.8094 0.5872
vn -0.0043 0.8689 0.4949
vn -0.3445 0.7389 0.5791
vn -0.2854 0.8309 0.4777
vn -0.2398 0.8850 0.3991
vn -0.6116 0.7173 0.3339
vn -0.5095 0.8138 0.2794
vn -0.4285 0.8721 0.2362
vn 0.4743 0.6068 0.6378
vn 0.4311 0.7133 0.5526
vn 0.3934 0.7849 0.4788
vn 0.0145 0.9998 0.0107
vn 0.0241 0.9989 0.0414
vn 0.0319 0.9947 0.0976
vn 0.3846 0.9078 -0.1673
vn 0.4111 0.9093 -0.0639
vn 0.4014 0.9158 0.0143
vn -0.4145 0.9084 -0.0551
vn -0.4028 0.9088 -0.1085
vn -0.3838 0.9098 -0.1581
vn 0.3484 0.8469 0.4017
vn 0.2962 0.8680 0.3985
vn 0.2072 0.8938 0.3976
vn -0.3291 0.9140 0.2374
vn -0.2937 0.9168 0.2705
vn -0.2519 0.9194 0.3020
vn -0.1475 0.9202 0.3626
vn -0.0964 0.9176 0.3856
vn -0.0506 0.9138 0.4029
vn 0.0335 0.9035 0.4272
vn 0.0817 0.8961 0.4364
vn 0.1357 0.8862 0.4429
vn 0.2482 0.8615 0.4430
vn 0.2962 0.8500 0.4355
vn 0.3337 0.8417 0.4244
vn 0.2076 0.8936 -0.3980
vn 0.2964 0.8679 -0.3986
vn 0.3485 0.8469 -0.4017
vn -0.4146 0.9084 0.0544
vn -0.4034 0.9088 0.1068
vn -0.3849 0.9097 0.1558
vn -0.2516 0.9195 -0.3021
vn -0.2930 0.9169 -0.2710
vn -0.3280 0.9140 -0.2387
vn -0.0506 0.9139 -0.4028
vn -0.0964 0.9177 -0.3855
vn -0.1475 0.9202 -0.3626
vn 0.1356 0.8863 -0.4428
vn 0.0817 0.8961 -0.4363
vn 0.0335 0.9036 -0.4271
vn 0.3336 0.8418 -0.4243
vn 0.2961 0.8501 -0.4354
vn 0.2481 0.8616 -0.4429
vn -0.1881 0.8756 0.4449
vn -0.2343 0.8903 0.3905
vn -0.2726 0.9105 0.3110
vn -0.1753 0.9692 0.1731
vn -0.1227 0.9849 0.1220
vn -0.0619 0.9961 0.0631
vn -0.2843 0.8992 0.3325
vn -0.2687 0.9218 0.2795
vn -0.2543 0.9336 0.2523
vn -0.0442 0.9963 -0.0742
vn -0.0855 0.9856 -0.1456
vn -0.1215 0.9706 -0.2078
vn -0.3502 0.9356 -0.0446
vn -0.3096 0.9463 -0.0932
vn -0.2433 0.9546 -0.1719
vn -0.0693 0.9432 -0.3250
vn -0.0122 0.9346 -0.3556
vn 0.0393 0.9260 -0.3755
vn 0.0294 0.9275 0.3726
vn -0.0412 0.9379 0.3444
vn -0.1236 0.9470 0.2966
vn -0.2923 0.9461 0.1394
vn -0.3154 0.9423 0.1123
vn -0.3131 0.9390 0.1423
vn 0.0284 -0.5947 -0.8035
vn 0.0559 -0.5837 -0.8100
vn 0.1022 -0.5364 -0.8378
vn -0.6877 0.5944 -0.4168
vn -0.7794 0.5226 -0.3457
vn -0.8532 0.4411 -0.2785
vn -0.0248 0.8079 -0.5888
vn -0.0783 0.7915 -0.6061
vn -0.1375 0.7760 -0.6155
vn -0.2694 0.7451 -0.6101
vn -0.3542 0.7259 -0.5896
vn -0.4580 0.6979 -0.5506
vn 0.3272 0.8691 -0.3708
vn 0.2054 0.8603 -0.4666
vn 0.0928 0.8450 -0.5267
vn 0.7716 0.6348 -0.0401
vn 0.7261 0.6824 -0.0839
vn 0.6453 0.7504 -0.1431
vn 0.3601 0.9299 -0.0744
vn 0.3816 0.9236 -0.0366
vn 0.3904 0.9206 -0.0125
vn -0.0167 0.9929 -0.1175
vn -0.0060 0.9982 -0.0591
vn -0.0014 0.9998 -0.0204
vn -0.3918 0.9171 -0.0741
vn -0.3926 0.9190 -0.0363
vn -0.3928 0.9195 -0.0122
vn -0.8192 0.5735 -0.0015
vn -0.8195 0.5731 -0.0007
vn -0.8197 0.5727 -0.0002
vn 0.8191 0.5736 -0.0015
vn 0.8164 0.5774 -0.0047
vn 0.8098 0.5867 -0.0099
vn 0.1004 0.9187 -0.3820
vn 0.1818 0.9453 -0.2707
vn 0.2584 0.9469 -0.1916
vn -0.1397 0.8742 -0.4651
vn -0.0969 0.9273 -0.3615
vn -0.0632 0.9590 -0.2762
vn -0.4729 0.8013 -0.3664
vn -0.4171 0.8683 -0.2686
vn -0.3964 0.8980 -0.1909
vn -0.8809 0.4482 -0.1521
vn -0.8498 0.5207 -0.0821
vn -0.8278 0.5603 -0.0288
vn -0.4677 0.8788 -0.0944
vn -0.5556 0.8291 -0.0614
vn -0.6723 0.7397 -0.0298
vn -0.1348 0.9725 -0.1900
vn -0.2277 0.9576 -0.1766
vn -0.3134 0.9370 -0.1544
vn 0.2439 0.9577 -0.1524
vn 0.1587 0.9720 -0.1731
vn 0.0640 0.9802 -0.1874
vn 0.6302 0.7754 -0.0402
vn 0.4971 0.8651 -0.0678
vn 0.3981 0.9121 -0.0978
vn 0.7392 -0.6709 -0.0597
vn 0.7637 -0.6445 -0.0373
vn 0.7840 -0.6204 -0.0203
vn -0.8143 -0.5804 -0.0005
vn -0.8124 -0.5831 -0.0018
vn -0.8078 -0.5895 -0.0043
vn -0.0001 -1.0000 -0.0062
vn -0.0001 -0.9998 -0.0201
vn -0.0001 -0.9988 -0.0483
vn 0.3849 -0.9229 -0.0041
vn 0.3798 -0.9250 -0.0133
vn 0.3673 -0.9296 -0.0320
vn -0.3850 -0.9229 -0.0040
vn -0.3799 -0.9249 -0.0131
vn -0.3673 -0.9295 -0.0318
vn 0.4170 -0.9073 -0.0550
vn 0.5109 -0.8588 -0.0378
vn 0.6382 -0.7696 -0.0221
vn 0.1005 -0.9895 -0.1039
vn 0.1922 -0.9766 -0.0968
vn 0.2724 -0.9584 -0.0856
vn -0.2724 -0.9584 -0.0856
vn -0.1922 -0.9766 -0.0967
vn -0.1005 -0.9895 -0.1039
vn -0.6382 -0.7696 -0.0220
vn -0.5109 -0.8588 -0.0378
vn -0.4170 -0.9073 -0.0550
vn 0.8174 -0.5760 -0.0077
vn 0.8146 -0.5800 0.0045
vn 0.8083 -0.5883 0.0239
vn -0.7441 -0.6618 0.0912
vn -0.7675 -0.6356 0.0827
vn -0.7869 -0.6130 0.0712
vn 0.0064 -0.9998 0.0205
vn 0.0150 -0.9974 0.0705
vn 0.0217 -0.9862 0.1642
vn -0.3770 -0.9256 0.0330
vn -0.3683 -0.9263 0.0795
vn -0.3488 -0.9227 0.1640
vn 0.3999 -0.9165 0.0013
vn 0.3844 -0.9226 0.0341
vn 0.3629 -0.9268 0.0961
vn 0.1164 -0.9519 0.2835
vn 0.1991 -0.9461 0.2555
vn 0.2696 -0.9361 0.2257
vn 0.4015 -0.9009 0.1649
vn 0.4977 -0.8576 0.1294
vn 0.6319 -0.7700 0.0882
vn -0.3975 -0.8863 0.2377
vn -0.4994 -0.8470 0.1822
vn -0.6347 -0.7634 0.1199
vn -0.2442 -0.9203 0.3055
vn -0.1639 -0.9338 0.3181
vn -0.0744 -0.9452 0.3180
vn 0.8175 0.5759 0.0091
vn 0.8146 0.5801 -0.0038
vn 0.8081 0.5886 -0.0238
vn -0.7440 0.6616 -0.0939
vn -0.7674 0.6356 -0.0850
vn -0.7867 0.6130 -0.0730
vn 0.0065 0.9998 -0.0200
vn 0.0154 0.9975 -0.0685
vn 0.0224 0.9869 -0.1600
vn 0.4006 0.9163 -0.0007
vn 0.3844 0.9226 -0.0329
vn 0.3628 0.9272 -0.0934
vn -0.3769 0.9257 -0.0325
vn -0.3678 0.9266 -0.0782
vn -0.3480 0.9234 -0.1621
vn 0.2698 0.9371 -0.2214
vn 0.1997 0.9472 -0.2508
vn 0.1172 0.9532 -0.2788
vn 0.6313 0.7705 -0.0882
vn 0.4970 0.8582 -0.1282
vn 0.4009 0.9016 -0.1624
vn -0.3965 0.8865 -0.2384
vn -0.4986 0.8471 -0.1836
vn -0.6344 0.7635 -0.1207
vn -0.0735 0.9465 -0.3142
vn -0.1630 0.9349 -0.3152
vn -0.2433 0.9212 -0.3038
vn -0.0222 -0.2659 -0.9637
vn -0.0612 -0.2776 -0.9588
vn -0.1346 -0.2863 -0.9486
vn -0.4280 -0.9030 -0.0385
vn -0.4622 -0.8827 -0.0847
vn -0.4546 -0.8631 -0.2200
vn -0.8099 -0.3324 0.4833
vn -0.8346 -0.3225 0.4465
vn -0.7953 -0.3725 0.4782
vn 0.5177 -0.4384 -0.7347
vn 0.4881 -0.4421 -0.7525
vn 0.4398 -0.4537 -0.7750
vn -0.1363 -0.4791 0.8671
vn -0.2475 -0.4728 0.8457
vn -0.3509 -0.4639 0.8134
vn 0.2928 -0.4923 -0.8197
vn 0.1996 -0.5131 -0.8348
vn 0.1049 -0.5308 -0.8410
vn 0.3257 -0.4948 0.8057
vn 0.2182 -0.4929 0.8423
vn 0.1041 -0.4893 0.8659
vn -0.0753 -0.5567 -0.8273
vn -0.1771 -0.5665 -0.8048
vn -0.2933 -0.5733 -0.7651
vn 0.6819 -0.4884 0.5445
vn 0.6064 -0.4896 0.6266
vn 0.5216 -0.4921 0.6969
vn -0.5267 -0.5713 -0.6294
vn -0.6108 -0.5646 -0.5551
vn -0.6765 -0.5575 -0.4812
vn 0.8656 -0.4885 0.1099
vn 0.8413 -0.4896 0.2293
vn 0.8018 -0.4894 0.3429
vn -0.7756 -0.5473 -0.3144
vn -0.8101 -0.5450 -0.2159
vn -0.8318 -0.5440 -0.1099
vn -0.5464 -0.4294 0.7191
vn -0.6347 -0.4040 0.6587
vn -0.7098 -0.3770 0.5950
vn 0.2100 -0.5684 -0.7955
vn 0.3987 -0.5035 -0.7665
vn 0.4913 -0.4653 -0.7363
vn -0.0269 -0.3226 0.9462
vn -0.0740 -0.3355 0.9391
vn -0.1617 -0.3438 0.9250
vn 0.3003 -0.9463 0.1197
vn 0.2208 -0.9639 0.1486
vn 0.1309 -0.9759 0.1744
vn 0.0061 -0.3005 0.9538
vn 0.0041 -0.2938 0.9559
vn 0.0021 -0.2898 0.9571
vn -0.3651 -0.9082 0.2044
vn -0.4283 -0.8832 0.1910
vn -0.4746 -0.8513 0.2237
vn -0.8426 -0.2968 -0.4493
vn -0.8656 -0.2888 -0.4090
vn -0.8756 -0.2923 -0.3847
vn 0.5177 -0.4384 0.7347
vn 0.4881 -0.4421 0.7525
vn 0.4398 -0.4537 0.7750
vn -0.1677 -0.4466 -0.8789
vn -0.2804 -0.4398 -0.8532
vn -0.3846 -0.4306 -0.8165
vn 0.2928 -0.4923 0.8197
vn 0.1996 -0.5131 0.8348
vn 0.1049 -0.5308 0.8410
vn 0.3047 -0.4679 -0.8296
vn 0.1943 -0.4643 -0.8641
vn 0.0774 -0.4592 -0.8850
vn -0.0753 -0.5567 0.8273
vn -0.1771 -0.5665 0.8048
vn -0.2933 -0.5733 0.7651
vn 0.6730 -0.4686 -0.5722
vn 0.5944 -0.4679 -0.6540
vn 0.5067 -0.4687 -0.7236
vn -0.5271 -0.5713 0.6291
vn -0.6119 -0.5646 0.5540
vn -0.6782 -0.5574 0.4789
vn -0.7773 -0.5473 0.3104
vn -0.8109 -0.5450 0.2131
vn -0.8320 -0.5441 0.1088
vn -0.5804 -0.3954 -0.7119
vn -0.6690 -0.3692 -0.6450
vn -0.7443 -0.3415 -0.5740
vn 0.0278 -0.6356 0.7715
vn 0.3301 -0.5318 0.7798
vn 0.4751 -0.4725 0.7423
vn 0.8647 -0.4829 -0.1379
vn 0.8392 -0.4791 -0.2572
vn 0.7980 -0.4751 -0.3707
vn 0.0139 -0.6002 0.7997
vn 0.0607 -0.5849 0.8088
vn 0.1093 -0.5344 0.8381
vn 0.2239 -0.5307 0.8174
vn 0.2960 -0.5860 0.7543
vn 0.4011 -0.6120 0.6816
vn 0.6819 -0.5888 0.4340
vn 0.7778 -0.5437 0.3154
vn 0.8469 -0.4811 0.2265
vn 0.8644 -0.4906 0.1103
vn 0.8341 -0.5478 0.0652
vn 0.8191 -0.5726 0.0332
vn 0.8314 -0.5332 -0.1564
vn 0.7477 -0.6202 -0.2374
vn 0.6461 -0.6767 -0.3530
vn 0.0050 -0.2468 -0.9691
vn 0.0034 -0.2410 -0.9705
vn 0.0017 -0.2376 -0.9714
vn 0.3270 -0.9450 0.0091
vn 0.2290 -0.9734 0.0030
vn 0.1198 -0.9928 -0.0005
vn 0.0894 -0.9449 -0.3148
vn 0.0626 -0.9727 -0.2235
vn 0.0314 -0.9927 -0.1162
vn 0.1540 -0.9185 -0.3641
vn 0.1098 -0.9583 -0.2640
vn 0.0591 -0.9881 -0.1421
vn -0.0119 -0.9417 -0.3363
vn -0.0117 -0.9699 -0.2431
vn -0.0076 -0.9913 -0.1316
vn -0.1637 -0.9491 -0.2689
vn -0.1194 -0.9736 -0.1947
vn -0.0655 -0.9922 -0.1062
vn -0.2893 -0.9430 -0.1641
vn -0.2093 -0.9705 -0.1197
vn -0.1136 -0.9914 -0.0655
vn -0.3388 -0.9409 -0.0001
vn -0.2456 -0.9694 -0.0000
vn -0.1336 -0.9910 -0.0000
vn 0.3070 -0.8896 -0.3382
vn 0.2343 -0.9405 -0.2462
vn 0.1316 -0.9825 -0.1320
vn 0.0883 -0.9451 0.3147
vn 0.0619 -0.9728 0.2234
vn 0.0310 -0.9927 0.1162
vn 0.1543 -0.9182 0.3648
vn 0.1106 -0.9577 0.2657
vn 0.0602 -0.9877 0.1442
vn -0.0119 -0.9414 0.3369
vn -0.0117 -0.9695 0.2448
vn -0.0076 -0.9910 0.1335
vn -0.1640 -0.9490 0.2693
vn -0.1200 -0.9733 0.1958
vn -0.0662 -0.9920 0.1075
vn -0.2908 -0.9429 0.1625
vn -0.2109 -0.9703 0.1188
vn -0.1150 -0.9912 0.0653
vn 0.3076 -0.8892 0.3387
vn 0.2358 -0.9398 0.2475
vn 0.1335 -0.9820 0.1335
vn -0.0052 -1.0000 -0.0016
vn -0.0085 -1.0000 -0.0040
vn -0.0062 -1.0000 -0.0052
vn -0.0015 -1.0000 0.0003
vn -0.0014 -1.0000 0.0004
vn -0.0012 -1.0000 0.0005
vn -0.0006 -1.0000 0.0003
vn -0.0005 -1.0000 0.0002
vn -0.0005 -1.0000 0.0003
vn -0.0001 -1.0000 0.0008
vn 0.0002 -1.0000 0.0006
vn 0.0004 -1.0000 0.0008
vn 0.0008 -1.0000 0.0014
vn 0.0015 -1.0000 0.0021
vn 0.0031 -1.0000 0.0025
vn 0.0033 -1.0000 0.0021
vn 0.0030 -1.0000 0.0016
vn -0.0058 -1.0000 0.0050
vn -0.0078 -1.0000 0.0036
vn -0.0044 -1.0000 0.0011
vn -0.0015 -1.0000 -0.0005
vn -0.0016 -1.0000 -0.0004
vn -0.0017 -1.0000 -0.0002
vn -0.0008 -1.0000 -0.0006
vn -0.0008 -1.0000 -0.0004
vn -0.0009 -1.0000 -0.0004
vn 0.0002 -1.0000 -0.0010
vn -0.0000 -1.0000 -0.0011
vn -0.0004 -1.0000 -0.0012
vn 0.0016 -1.0000 -0.0025
vn 0.0008 -1.0000 -0.0019
vn 0.0004 -1.0000 -0.0013
vn 0.0034 -1.0000 -0.0020
vn 0.0036 -1.0000 -0.0025
vn 0.0033 -1.0000 -0.0029
vn -0.0001 -1.0000 0.0056
vn -0.0008 -1.0000 0.0043
vn -0.0013 -1.0000 0.0039
vn 0.0038 -1.0000 -0.0008
vn 0.0067 -1.0000 0.0001
vn 0.0068 -1.0000 0.0039
vn 0.1852 -0.9404 0.2852
vn 0.1118 -0.9762 0.1856
vn 0.0539 -0.9941 0.0941
vn -0.1775 -0.9354 -0.3057
vn -0.1948 -0.9213 -0.3364
vn -0.2209 -0.8937 -0.3906
vn -0.0638 -0.9754 0.2108
vn -0.1514 -0.9637 0.2200
vn -0.2292 -0.9475 0.2228
vn -0.0015 -1.0000 -0.0047
vn -0.0005 -1.0000 -0.0057
vn 0.0017 -1.0000 -0.0069
vn 0.3704 -0.6683 -0.6451
vn 0.2662 -0.6125 -0.7443
vn 0.1940 -0.5344 -0.8227
vn -0.3094 0.9509 -0.0005
vn -0.2197 0.9756 -0.0006
vn -0.1155 0.9933 -0.0008
vn 0.0271 0.3309 -0.9433
vn 0.0744 0.3439 -0.9360
vn 0.1625 0.3523 -0.9217
vn 0.4622 0.8868 -0.0005
vn 0.5527 0.8334 -0.0004
vn 0.6698 0.7425 -0.0002
vn -0.8107 0.5844 0.0367
vn -0.8138 0.5810 0.0153
vn -0.8147 0.5798 0.0041
vn -0.7072 0.6335 0.3138
vn -0.7596 0.6174 0.2046
vn -0.7890 0.6021 0.1220
vn 0.4640 0.8855 -0.0224
vn 0.5562 0.8308 -0.0192
vn 0.6746 0.7380 -0.0142
vn -0.0228 0.2732 0.9617
vn -0.0628 0.2850 0.9565
vn -0.1381 0.2937 0.9459
vn 0.4096 0.8872 -0.2124
vn 0.5041 0.8326 -0.2296
vn 0.6288 0.7385 -0.2434
vn -0.0690 0.5137 -0.8552
vn -0.1508 0.5068 -0.8488
vn -0.2189 0.5002 -0.8378
vn -0.3080 0.4913 -0.8147
vn -0.3564 0.4855 -0.7983
vn -0.4205 0.4761 -0.7723
vn -0.1602 0.8380 -0.5217
vn -0.1907 0.7697 -0.6093
vn -0.2271 0.6634 -0.7130
vn 0.8150 0.5794 -0.0002
vn 0.8156 0.5786 -0.0011
vn 0.8169 0.5767 -0.0031
vn 0.4950 0.8685 -0.0260
vn 0.5761 0.8169 -0.0294
vn 0.6792 0.7335 -0.0246
vn -0.1172 0.9126 -0.3917
vn -0.2142 0.8440 -0.4917
vn -0.3089 0.7187 -0.6229
vn -0.0061 0.3085 -0.9512
vn -0.0042 0.3017 -0.9534
vn -0.0021 0.2976 -0.9547
vn -0.0488 0.5764 0.8157
vn -0.1064 0.5935 0.7977
vn -0.1860 0.6139 0.7672
vn -0.3087 0.8180 -0.4854
vn -0.3681 0.7424 -0.5597
vn -0.4354 0.6291 -0.6439
vn 0.2293 0.5769 0.7840
vn 0.3265 0.5454 0.7720
vn 0.3546 0.5360 0.7661
vn -0.5895 0.4402 -0.6772
vn -0.6515 0.4261 -0.6277
vn -0.6848 0.4242 -0.5926
vn 0.3206 0.5405 0.7779
vn 0.2869 0.5455 0.7875
vn 0.2430 0.5503 0.7988
vn 0.1165 0.5565 0.8227
vn 0.0553 0.5578 0.8282
vn 0.0116 0.5602 0.8283
vn 0.0141 0.8527 -0.5222
vn 0.0117 0.7884 -0.6151
vn 0.0075 0.6857 -0.7278
vn 0.1856 0.8651 -0.4659
vn 0.2161 0.8047 -0.5529
vn 0.2524 0.7060 -0.6617
vn 0.1984 0.5313 -0.8236
vn 0.1219 0.5256 -0.8420
vn 0.0588 0.5213 -0.8513
vn 0.8217 0.5695 -0.0222
vn 0.8221 0.5663 -0.0578
vn 0.8143 0.5661 -0.1280
vn -0.3687 0.6447 0.6697
vn -0.4534 0.6503 0.6095
vn -0.5395 0.6507 0.5343
vn 0.7004 0.5743 -0.4238
vn 0.5688 0.5679 -0.5949
vn 0.4188 0.5532 -0.7201
vn 0.8612 0.4980 -0.1016
vn 0.8321 0.5515 -0.0590
vn 0.8185 0.5738 -0.0295
vn 0.2158 0.5394 -0.8139
vn 0.2880 0.5988 -0.7473
vn 0.3922 0.6287 -0.6715
vn 0.6706 0.6097 -0.4225
vn 0.7684 0.5627 -0.3048
vn 0.8410 0.4959 -0.2164
vn -0.3041 0.9521 0.0328
vn -0.2173 0.9758 0.0231
vn -0.1151 0.9933 0.0117
vn -0.2358 0.9555 0.1772
vn -0.1733 0.9763 0.1295
vn -0.0946 0.9931 0.0699
vn 0.0917 0.9330 0.3479
vn 0.0688 0.9645 0.2549
vn 0.0380 0.9898 0.1375
vn 0.0753 0.9467 0.3131
vn 0.0528 0.9733 0.2233
vn 0.0269 0.9928 0.1170
vn 0.1622 0.9284 0.3344
vn 0.1224 0.9619 0.2444
vn 0.0683 0.9890 0.1315
vn -0.0178 0.9388 0.3440
vn -0.0134 0.9679 0.2510
vn -0.0070 0.9908 0.1351
vn -0.1209 0.9486 0.2923
vn -0.0901 0.9720 0.2169
vn -0.0490 0.9918 0.1184
vn -0.0007 1.0000 -0.0000
vn -0.0004 1.0000 -0.0000
vn -0.0001 1.0000 -0.0000
vn -0.0000 1.0000 0.0016
vn -0.0001 1.0000 0.0019
vn -0.0003 1.0000 0.0020
vn 0.0007 1.0000 0.0010
vn 0.0006 1.0000 0.0010
vn -0.0029 1.0000 -0.0033
vn -0.0026 1.0000 -0.0020
vn -0.0009 1.0000 -0.0003
vn 0.0007 1.0000 0.0018
vn 0.0005 1.0000 0.0021
vn 0.0003 1.0000 0.0019
vn -0.0007 1.0000 0.0022
vn -0.0011 1.0000 0.0026
vn -0.0018 1.0000 0.0029
vn -0.0028 1.0000 0.0016
vn -0.0023 1.0000 0.0007
vn -0.0016 1.0000 0.0003
vn 0.0052 0.2536 0.9673
vn 0.0035 0.2477 0.9688
vn 0.0018 0.2442 0.9697
vn -0.3006 0.9536 0.0147
vn -0.2143 0.9767 0.0086
vn -0.1130 0.9936 0.0048
vn -0.0001 1.0000 -0.0058
vn -0.0008 1.0000 -0.0043
vn -0.0012 1.0000 -0.0037
vn 0.0037 1.0000 0.0007
vn 0.0065 1.0000 -0.0001
vn 0.0068 1.0000 -0.0038
vn 0.3539 0.8256 -0.4394
vn 0.3910 0.8041 -0.4478
vn 0.4330 0.7693 -0.4698
vn -0.1247 0.9703 0.2071
vn -0.0878 0.9855 0.1451
vn -0.0454 0.9962 0.0739
vn -0.0028 -0.3885 0.9214
vn 0.0044 -0.3879 0.9217
vn 0.0049 -0.3844 0.9231
vn -0.4688 -0.8833 0.0010
vn -0.5597 -0.8287 0.0008
vn -0.6765 -0.7364 0.0006
vn 0.0037 -0.8301 0.5577
vn 0.0127 -0.8883 0.4590
vn 0.0254 -0.9444 0.3278
vn -0.7409 -0.6634 0.1046
vn -0.7484 -0.6444 0.1570
vn -0.7080 -0.6569 0.2592
vn 0.0211 -0.3615 0.9321
vn 0.0088 -0.3320 0.9432
vn -0.0290 -0.2991 0.9538
vn 0.3144 -0.9493 0.0008
vn 0.2234 -0.9747 0.0009
vn 0.1175 -0.9931 0.0010
vn 0.6896 -0.7017 0.1792
vn 0.6201 -0.6597 0.4247
vn 0.4600 -0.5104 0.7266
vn 0.8078 0.5895 -0.0044
vn 0.8124 0.5831 -0.0018
vn 0.8143 0.5804 -0.0006
vn -0.6838 0.7082 -0.1757
vn -0.6163 0.6674 -0.4181
vn -0.4598 0.5198 -0.7200
vn -0.0000 0.7678 -0.6407
vn -0.0000 0.6751 -0.7378
vn -0.0000 0.5019 -0.8649
vn -0.8039 -0.5938 0.0340
vn -0.8145 -0.5800 0.0129
vn -0.8187 -0.5743 0.0035
vn 0.7154 -0.6508 0.2542
vn 0.5475 -0.6038 0.5794
vn 0.2745 -0.4252 0.8625
vn -0.0000 -0.7118 0.7023
vn -0.0000 -0.6237 0.7817
vn -0.0000 -0.5212 0.8534
vn 0.6855 0.6961 0.2134
vn 0.5998 0.6359 0.4856
vn 0.4172 0.4628 0.7822
vn -0.7980 0.5928 0.1084
vn -0.7416 0.6137 0.2710
vn -0.5426 0.6667 0.5109
vn -0.0000 0.6945 0.7195
vn -0.0000 0.5944 0.8042
vn -0.0000 0.4252 0.9051
vn 0.6847 -0.6950 -0.2193
vn 0.5962 -0.6317 -0.4954
vn 0.4102 -0.4551 -0.7903
vn -0.8027 -0.5898 -0.0886
vn -0.7721 -0.6030 -0.2007
vn -0.6426 -0.6524 -0.4018
vn -0.0000 -0.6838 -0.7297
vn -0.0000 -0.5832 -0.8123
vn -0.0000 -0.4152 -0.9097
vn -0.2745 -0.4252 0.8625
vn -0.5475 -0.6038 0.5794
vn -0.7154 -0.6508 0.2542
vn 0.8188 -0.5741 0.0027
vn 0.8148 -0.5796 0.0113
vn 0.8041 -0.5936 0.0326
vn 0.0004 -0.9990 0.0443
vn 0.0006 -0.9843 0.1766
vn 0.0004 -0.9190 0.3942
vn 0.1780 -0.8422 0.5089
vn 0.1300 -0.8240 0.5515
vn 0.0713 -0.8133 0.5775
vn -0.2972 -0.8797 0.3712
vn -0.4156 -0.8666 0.2761
vn -0.5825 -0.7937 0.1753
vn -0.1248 -0.9122 0.3903
vn -0.2270 -0.8472 0.4803
vn -0.3416 -0.7226 0.6010
vn -0.2641 -0.8129 0.5190
vn -0.3207 -0.7349 0.5976
vn -0.3849 -0.6193 0.6843
vn 0.0121 -0.8313 0.5557
vn 0.0044 -0.7609 0.6488
vn -0.0055 -0.6527 0.7576
vn 0.2786 -0.8360 0.4728
vn 0.3216 -0.7678 0.5542
vn 0.3722 -0.6618 0.6508
vn 0.4773 -0.8316 0.2840
vn 0.5556 -0.7624 0.3316
vn 0.6477 -0.6558 0.3879
vn 0.5578 -0.8300 -0.0052
vn 0.6494 -0.7604 -0.0076
vn 0.7570 -0.6533 -0.0106
vn -0.5369 -0.7328 0.4180
vn -0.6194 -0.6361 0.4602
vn -0.6999 -0.5099 0.5001
vn -0.1577 -0.9155 -0.3701
vn -0.3162 -0.8321 -0.4556
vn -0.4467 -0.6859 -0.5744
vn -0.2901 -0.7893 -0.5411
vn -0.3517 -0.7046 -0.6163
vn -0.4190 -0.5841 -0.6952
vn 0.0010 -0.8102 -0.5862
vn -0.0122 -0.7339 -0.6791
vn -0.0285 -0.6208 -0.7835
vn 0.2819 -0.8191 -0.4996
vn 0.3205 -0.7464 -0.5833
vn 0.3639 -0.6365 -0.6800
vn 0.0914 -0.5264 -0.8453
vn 0.0514 -0.5782 -0.8143
vn 0.0265 -0.5936 -0.8043
vn 0.8082 -0.5889 -0.0042
vn 0.8260 -0.5631 -0.0273
vn 0.8573 -0.5115 -0.0582
vn 0.3495 -0.8725 -0.3414
vn 0.3682 -0.8570 -0.3606
vn 0.4055 -0.8225 -0.3988
vn -0.5768 -0.7003 -0.4205
vn -0.6616 -0.5963 -0.4546
vn -0.7399 -0.4675 -0.4837
vn 0.4878 -0.8199 -0.2996
vn 0.5633 -0.7477 -0.3516
vn 0.6500 -0.6383 -0.4123
vn 0.0554 0.9941 -0.0935
vn 0.1138 0.9764 -0.1836
vn 0.1859 0.9418 -0.2800
vn 0.0021 0.2976 -0.9547
vn 0.0042 0.3017 -0.9534
vn 0.0061 0.3085 -0.9512
vn 0.1154 0.9933 -0.0009
vn 0.2196 0.9756 -0.0009
vn 0.3093 0.9510 -0.0008
vn 0.1139 0.9934 -0.0101
vn 0.2183 0.9757 -0.0176
vn 0.3086 0.9509 -0.0220
vn 0.0926 0.9937 -0.0627
vn 0.1814 0.9763 -0.1181
vn 0.2611 0.9518 -0.1608
vn -0.0385 0.9899 -0.1362
vn -0.0746 0.9632 -0.2581
vn -0.1061 0.9270 -0.3597
vn -0.0301 0.9915 -0.1266
vn -0.0533 0.9700 -0.2371
vn -0.0669 0.9458 -0.3179
vn -0.0721 0.9889 -0.1303
vn -0.1410 0.9590 -0.2460
vn -0.2021 0.9182 -0.3407
vn 0.0065 0.9910 -0.1335
vn 0.0113 0.9671 -0.2541
vn 0.0141 0.9344 -0.3559
vn 0.0486 0.9920 -0.1166
vn 0.0921 0.9704 -0.2233
vn 0.1284 0.9406 -0.3142
vn 0.3632 0.9233 -0.1247
vn 0.3786 0.9225 -0.0752
vn 0.3849 0.9220 -0.0428
vn 0.2012 0.9103 -0.3618
vn 0.2469 0.9150 -0.3190
vn 0.2926 0.9200 -0.2608
vn -0.1025 0.8892 -0.4459
vn -0.0628 0.8925 -0.4467
vn -0.0205 0.8954 -0.4448
vn -0.1729 0.9203 -0.3509
vn -0.2463 0.8906 -0.3823
vn -0.2761 0.8730 -0.4021
vn -0.2165 0.8774 -0.4281
vn -0.1843 0.8812 -0.4353
vn -0.1585 0.8839 -0.4400
vn 0.0457 0.8991 -0.4353
vn 0.0796 0.9013 -0.4259
vn 0.1177 0.9037 -0.4116
vn 0.3869 0.9221 -0.0115
vn 0.3868 0.9222 -0.0042
vn 0.3866 0.9223 -0.0010
vn 0.0960 0.8478 -0.5215
vn 0.0578 0.7520 -0.6566
vn 0.0278 0.5553 -0.8312
vn -0.6698 0.7426 0.0002
vn -0.5527 0.8334 -0.0000
vn -0.4622 0.8868 -0.0001
vn -0.1625 0.3523 -0.9217
vn -0.0744 0.3439 -0.9360
vn -0.0271 0.3309 -0.9433
vn -0.6561 0.7524 0.0594
vn -0.5393 0.8405 0.0519
vn -0.4508 0.8915 0.0460
vn -0.4958 0.7960 0.3472
vn -0.4008 0.8700 0.2872
vn -0.3350 0.9096 0.2457
vn 0.1581 0.7173 0.6786
vn 0.1372 0.8098 0.5704
vn 0.1213 0.8644 0.4880
vn 0.0712 0.8267 0.5581
vn 0.1131 0.8594 0.4987
vn 0.1132 0.8871 0.4474
vn 0.2939 0.7011 0.6497
vn 0.2509 0.7971 0.5492
vn 0.2182 0.8548 0.4709
vn -0.0169 0.7285 0.6848
vn -0.0184 0.8198 0.5724
vn -0.0196 0.8731 0.4872
vn -0.2245 0.7847 0.5778
vn -0.1871 0.8605 0.4738
vn -0.1619 0.9011 0.4022
vn -0.0960 0.8478 -0.5215
vn -0.0578 0.7520 -0.6566
vn -0.0278 0.5553 -0.8312
vn -0.3833 0.9234 0.0212
vn -0.3857 0.9226 0.0086
vn -0.3864 0.9223 0.0022
vn -0.0445 0.9121 0.4075
vn -0.0742 0.9170 0.3920
vn -0.1078 0.9221 0.3717
vn 0.1739 0.8955 0.4096
vn 0.1552 0.8973 0.4131
vn 0.1344 0.8992 0.4164
vn 0.1516 0.9071 0.3925
vn 0.1883 0.8991 0.3952
vn 0.2001 0.8946 0.3994
vn 0.0746 0.9028 0.4236
vn 0.0387 0.9044 0.4250
vn 0.0062 0.9061 0.4230
vn -0.1763 0.9297 0.3235
vn -0.2098 0.9319 0.2958
vn -0.2459 0.9336 0.2605
vn -0.3221 0.9334 0.1581
vn -0.3497 0.9307 0.1076
vn -0.3676 0.9275 0.0679
vn -0.0018 0.2442 0.9697
vn -0.0035 0.2477 0.9688
vn -0.0052 0.2536 0.9673
vn -0.4268 0.8724 0.2384
vn -0.4551 0.8861 0.0883
vn -0.4266 0.9036 0.0389
vn -0.0917 0.7918 0.6039
vn -0.0536 0.6792 0.7320
vn -0.0245 0.4768 0.8787
vn 0.1198 0.9928 0.0005
vn 0.2289 0.9735 -0.0029
vn 0.3265 0.9452 -0.0087
vn 0.1381 0.2937 0.9459
vn 0.0628 0.2850 0.9565
vn 0.0228 0.2732 0.9617
vn 0.0917 0.7918 0.6039
vn 0.0536 0.6792 0.7320
vn 0.0245 0.4768 0.8787
vn -0.1984 0.8998 0.3886
vn -0.1904 0.9233 0.3335
vn -0.1799 0.9356 0.3038
vn -0.3511 0.9353 0.0440
vn -0.3120 0.9456 0.0918
vn -0.2472 0.9539 0.1699
vn 0.0395 0.9259 0.3758
vn -0.0103 0.9338 0.3577
vn -0.0703 0.9427 0.3262
vn 0.1451 0.8911 -0.4301
vn 0.0561 0.9039 -0.4241
vn 0.0015 0.9210 -0.3895
vn 0.4317 0.9005 -0.0534
vn 0.4372 0.8891 -0.1359
vn 0.3916 0.8825 -0.2604
vn -0.1175 -0.9931 0.0011
vn -0.2234 -0.9747 0.0012
vn -0.3144 -0.9493 0.0012
vn -0.0049 -0.3844 0.9231
vn -0.0044 -0.3879 0.9217
vn 0.0028 -0.3885 0.9214
vn -0.0712 -0.8130 0.5779
vn -0.1297 -0.8235 0.5523
vn -0.1776 -0.8416 0.5100
vn -0.1304 -0.7866 0.6036
vn -0.0533 -0.6835 0.7280
vn -0.0048 -0.5499 0.8352
vn -0.3871 -0.9216 0.0291
vn -0.3659 -0.9236 0.1139
vn -0.3123 -0.9109 0.2698
vn 0.0290 -0.2991 0.9538
vn -0.0088 -0.3320 0.9432
vn -0.0211 -0.3615 0.9321
vn 0.6765 -0.7364 0.0001
vn 0.5597 -0.8287 0.0003
vn 0.4688 -0.8833 0.0004
vn 0.5828 -0.7937 0.1745
vn 0.4161 -0.8668 0.2748
vn 0.2979 -0.8801 0.3697
vn 0.3882 -0.9212 0.0257
vn 0.3683 -0.9236 0.1062
vn 0.3144 -0.9119 0.2637
vn 0.1304 -0.7866 0.6036
vn 0.0533 -0.6835 0.7280
vn 0.0048 -0.5499 0.8352
vn -0.0349 -0.9913 0.1267
vn -0.0604 -0.9699 0.2357
vn -0.0744 -0.9464 0.3142
vn -0.0561 -0.9890 0.1371
vn -0.1124 -0.9588 0.2610
vn -0.1649 -0.9171 0.3630
vn 0.0095 -0.9904 0.1381
vn 0.0165 -0.9632 0.2683
vn 0.0192 -0.9248 0.3799
vn 0.0701 -0.9910 0.1140
vn 0.1374 -0.9647 0.2246
vn 0.1942 -0.9270 0.3208
vn 0.1192 -0.9904 0.0699
vn 0.2323 -0.9630 0.1368
vn 0.3285 -0.9243 0.1942
vn 0.1394 -0.9902 -0.0001
vn 0.2715 -0.9624 -0.0007
vn 0.3838 -0.9234 -0.0018
vn -0.1366 -0.9825 0.1269
vn -0.2624 -0.9363 0.2334
vn -0.3681 -0.8752 0.3140
vn -0.0354 -0.9912 -0.1273
vn -0.0616 -0.9697 -0.2366
vn -0.0764 -0.9462 -0.3144
vn -0.0596 -0.9878 -0.1436
vn -0.1211 -0.9538 -0.2748
vn -0.1796 -0.9063 -0.3825
vn 0.0093 -0.9894 -0.1451
vn 0.0153 -0.9587 -0.2840
vn 0.0158 -0.9149 -0.4033
vn 0.0727 -0.9902 -0.1190
vn 0.1427 -0.9611 -0.2365
vn 0.2009 -0.9190 -0.3393
vn -0.1441 -0.9808 -0.1314
vn -0.2797 -0.9291 -0.2418
vn -0.3949 -0.8599 -0.3236
vn 0.1229 -0.9898 -0.0713
vn 0.2400 -0.9605 -0.1411
vn 0.3392 -0.9187 -0.2021
vn 0.3845 -0.8712 -0.3052
vn 0.3448 -0.8710 -0.3499
vn 0.2985 -0.8717 -0.3887
vn -0.4772 -0.7998 -0.3642
vn -0.3745 -0.8565 -0.3552
vn -0.2278 -0.9154 -0.3319
vn 0.4687 -0.8812 0.0615
vn 0.4549 -0.8817 0.1247
vn 0.4340 -0.8817 0.1851
vn -0.4081 -0.8241 0.3929
vn -0.3459 -0.8423 0.4133
vn -0.2801 -0.8579 0.4307
vn -0.1515 -0.8765 0.4570
vn -0.0936 -0.8797 0.4662
vn -0.0378 -0.8809 0.4717
vn 0.0724 -0.8829 0.4640
vn 0.1279 -0.8842 0.4492
vn 0.1837 -0.8851 0.4277
vn 0.2903 -0.8834 0.3679
vn 0.3348 -0.8819 0.3319
vn 0.3732 -0.8812 0.2902
vn 0.4729 -0.8784 -0.0683
vn 0.4628 -0.8766 -0.1321
vn 0.4444 -0.8745 -0.1941
vn -0.2143 -0.9166 0.3374
vn -0.3518 -0.8668 0.3534
vn -0.4454 -0.8197 0.3602
vn -0.3044 -0.8393 -0.4505
vn -0.3741 -0.8217 -0.4299
vn -0.4401 -0.8013 -0.4053
vn -0.0480 -0.8652 -0.4992
vn -0.1072 -0.8638 -0.4923
vn -0.1685 -0.8602 -0.4813
vn 0.1870 -0.8715 -0.4534
vn 0.1280 -0.8697 -0.4767
vn 0.0692 -0.8677 -0.4923
vn 0.6322 -0.7744 0.0225
vn 0.5142 -0.8569 0.0355
vn 0.4363 -0.8979 0.0585
vn 0.1617 -0.3438 0.9250
vn 0.0740 -0.3355 0.9391
vn 0.0269 -0.3226 0.9462
vn 0.1973 -0.8935 0.4035
vn 0.2613 -0.9192 0.2948
vn 0.3222 -0.9292 0.1812
vn 0.0803 -0.9939 -0.0751
vn 0.1534 -0.9772 -0.1467
vn 0.2273 -0.9487 -0.2196
vn 0.0075 -0.9235 -0.3835
vn 0.0765 -0.9109 -0.4056
vn 0.1782 -0.9074 -0.3806
vn -0.0021 -0.2898 0.9571
vn -0.0041 -0.2938 0.9559
vn -0.0061 -0.3005 0.9538
vn 0.4462 -0.7520 0.4852
vn 0.4035 -0.7884 0.4643
vn 0.3630 -0.8132 0.4549
vn 0.6806 -0.7321 0.0272
vn 0.5786 -0.8150 0.0318
vn 0.4976 -0.8670 0.0276
vn 0.1466 -0.8879 0.4361
vn 0.0574 -0.9029 0.4259
vn 0.0006 -0.9204 0.3909
vn 0.3981 -0.8762 0.2716
vn 0.4437 -0.8847 0.1427
vn 0.4354 -0.8985 0.0561
vn 0.1346 -0.2863 -0.9486
vn 0.0612 -0.2776 -0.9588
vn 0.0222 -0.2659 -0.9637
vn 0.0908 -0.7832 -0.6151
vn 0.0528 -0.6687 -0.7417
vn 0.0240 -0.4663 -0.8843
vn -0.0017 -0.2376 -0.9714
vn -0.0034 -0.2410 -0.9705
vn -0.0050 -0.2468 -0.9691
vn -0.1129 -0.9936 -0.0048
vn -0.2142 -0.9768 -0.0086
vn -0.3003 -0.9537 -0.0147
vn -0.0908 -0.7832 -0.6151
vn -0.0528 -0.6687 -0.7417
vn -0.0240 -0.4663 -0.8843
vn 0.0481 -0.8255 -0.5623
vn 0.1156 -0.8557 -0.5044
vn 0.1271 -0.8828 -0.4523
vn 0.3232 -0.6390 -0.6980
vn 0.2740 -0.7492 -0.6030
vn 0.2312 -0.8219 -0.5206
vn 0.0083 -0.7115 -0.7026
vn 0.0016 -0.8094 -0.5872
vn -0.0043 -0.8689 -0.4949
vn -0.3444 -0.7389 -0.5792
vn -0.2854 -0.8309 -0.4777
vn -0.2398 -0.8850 -0.3992
vn -0.6098 -0.7174 -0.3370
vn -0.5079 -0.8139 -0.2820
vn -0.4271 -0.8722 -0.2386
vn -0.7039 -0.7103 -0.0001
vn -0.5889 -0.8082 -0.0001
vn -0.4969 -0.8678 -0.0001
vn 0.4753 -0.6063 -0.6376
vn 0.4315 -0.7131 -0.5526
vn 0.3935 -0.7848 -0.4788
vn -0.0259 -0.8541 0.5194
vn 0.0929 -0.8679 0.4880
vn 0.1215 -0.8860 0.4474
vn 0.3232 -0.6390 0.6980
vn 0.2740 -0.7492 0.6030
vn 0.2312 -0.8219 0.5206
vn 0.0083 -0.7115 0.7026
vn 0.0016 -0.8094 0.5872
vn -0.0043 -0.8689 0.4949
vn -0.3445 -0.7389 0.5791
vn -0.2854 -0.8309 0.4777
vn -0.2398 -0.8850 0.3991
vn -0.6116 -0.7173 0.3339
vn -0.5095 -0.8138 0.2794
vn -0.4285 -0.8721 0.2362
vn 0.4743 -0.6068 0.6378
vn 0.4311 -0.7133 0.5526
vn 0.3934 -0.7849 0.4788
vn 0.0145 -0.9998 0.0107
vn 0.0241 -0.9989 0.0414
vn 0.0319 -0.9947 0.0976
vn 0.3846 -0.9078 -0.1673
vn 0.4111 -0.9093 -0.0639
vn 0.4014 -0.9158 0.0143
vn -0.4145 -0.9084 -0.0551
vn -0.4028 -0.9088 -0.1085
vn -0.3838 -0.9098 -0.1581
vn 0.3484 -0.8469 0.4017
vn 0.2962 -0.8680 0.3985
vn 0.2072 -0.8938 0.3976
vn -0.3291 -0.9140 0.2374
vn -0.2937 -0.9168 0.2705
vn -0.2519 -0.9194 0.3020
vn -0.1475 -0.9202 0.3626
vn -0.0964 -0.9176 0.3856
vn -0.0506 -0.9138 0.4029
vn 0.0335 -0.9035 0.4272
vn 0.0817 -0.8961 0.4364
vn 0.1357 -0.8862 0.4429
vn 0.2482 -0.8615 0.4430
vn 0.2962 -0.8500 0.4355
vn 0.3337 -0.8417 0.4244
vn 0.2076 -0.8936 -0.3980
vn 0.2964 -0.8679 -0.3986
vn 0.3485 -0.8469 -0.4017
vn -0.4146 -0.9084 0.0544
vn -0.4034 -0.9088 0.1068
vn -0.3849 -0.9097 0.1558
vn -0.2516 -0.9195 -0.3021
vn -0.2930 -0.9169 -0.2710
vn -0.3280 -0.9140 -0.2387
vn -0.0506 -0.9139 -0.4028
vn -0.0964 -0.9177 -0.3855
vn -0.1475 -0.9202 -0.3626
vn 0.1356 -0.8863 -0.4428
vn 0.0817 -0.8961 -0.4363
vn 0.0335 -0.9036 -0.4271
vn 0.3336 -0.8418 -0.4243
vn 0.2961 -0.8501 -0.4354
vn 0.2481 -0.8616 -0.4429
vn -0.1881 -0.8756 0.4449
vn -0.2343 -0.8903 0.3905
vn -0.2726 -0.9105 0.3110
vn -0.1753 -0.9692 0.1731
vn -0.1227 -0.9849 0.1220
vn -0.0619 -0.9961 0.0631
vn -0.2843 -0.8992 0.3325
vn -0.2687 -0.9218 0.2795
vn -0.2543 -0.9336 0.2523
vn -0.0442 -0.9963 -0.0742
vn -0.0855 -0.9856 -0.1456
vn -0.1215 -0.9706 -0.2078
vn -0.3502 -0.9356 -0.0446
vn -0.3096 -0.9463 -0.0932
vn -0.2433 -0.9546 -0.1719
vn -0.0693 -0.9432 -0.3250
vn -0.0122 -0.9346 -0.3556
vn 0.0393 -0.9260 -0.3755
vn 0.0294 -0.9275 0.3726
vn -0.0412 -0.9379 0.3444
vn -0.1236 -0.9470 0.2966
vn -0.2923 -0.9461 0.1394
vn -0.3154 -0.9423 0.1123
vn -0.3131 -0.9390 0.1423
vn 0.0284 0.5947 -0.8035
vn 0.0559 0.5837 -0.8100
vn 0.1022 0.5364 -0.8378
vn -0.6877 -0.5944 -0.4168
vn -0.7794 -0.5226 -0.3457
vn -0.8532 -0.4411 -0.2785
vn -0.0248 -0.8079 -0.5888
vn -0.0783 -0.7915 -0.6061
vn -0.1375 -0.7760 -0.6155
vn -0.2694 -0.7451 -0.6101
vn -0.3542 -0.7259 -0.5896
vn -0.4580 -0.6979 -0.5506
vn 0.3272 -0.8691 -0.3708
vn 0.2054 -0.8603 -0.4666
vn 0.0928 -0.8450 -0.5267
vn 0.7716 -0.6348 -0.0401
vn 0.7261 -0.6824 -0.0839
vn 0.6453 -0.7504 -0.1431
vn 0.3601 -0.9299 -0.0744
vn 0.3816 -0.9236 -0.0366
vn 0.3904 -0.9206 -0.0125
vn -0.0167 -0.9929 -0.1175
vn -0.0060 -0.9982 -0.0591
vn -0.0014 -0.9998 -0.0204
vn -0.3918 -0.9171 -0.0741
vn -0.3926 -0.9190 -0.0363
vn -0.3928 -0.9195 -0.0122
vn -0.8192 -0.5735 -0.0015
vn -0.8195 -0.5731 -0.0007
vn -0.8197 -0.5727 -0.0002
vn 0.8191 -0.5736 -0.0015
vn 0.8164 -0.5774 -0.0047
vn 0.8098 -0.5867 -0.0099
vn 0.1004 -0.9187 -0.3820
vn 0.1818 -0.9453 -0.2707
vn 0.2584 -0.9469 -0.1916
vn -0.1397 -0.8742 -0.4651
vn -0.0969 -0.9273 -0.3615
vn -0.0632 -0.9590 -0.2762
vn -0.4729 -0.8013 -0.3664
vn -0.4171 -0.8683 -0.2686
vn -0.3964 -0.8980 -0.1909
vn -0.8809 -0.4482 -0.1521
vn -0.8498 -0.5207 -0.0821
vn -0.8278 -0.5603 -0.0288
vn -0.4677 -0.8788 -0.0944
vn -0.5556 -0.8292 -0.0614
vn -0.6723 -0.7397 -0.0298
vn -0.1348 -0.9725 -0.1900
vn -0.2277 -0.9576 -0.1766
vn -0.3134 -0.9370 -0.1544
vn 0.2439 -0.9577 -0.1524
vn 0.1587 -0.9720 -0.1731
vn 0.0640 -0.9802 -0.1874
vn 0.6302 -0.7754 -0.0402
vn 0.4971 -0.8651 -0.0678
vn 0.3981 -0.9121 -0.0978
vn 0.7392 0.6709 -0.0597
vn 0.7637 0.6445 -0.0373
vn 0.7840 0.6204 -0.0203
vn -0.8143 0.5804 -0.0005
vn -0.8124 0.5831 -0.0018
vn -0.8078 0.5895 -0.0043
vn -0.0001 1.0000 -0.0062
vn -0.0001 0.9998 -0.0201
vn -0.0001 0.9988 -0.0483
vn 0.3849 0.9229 -0.0041
vn 0.3798 0.9250 -0.0133
vn 0.3673 0.9296 -0.0320
vn -0.3850 0.9229 -0.0040
vn -0.3799 0.9249 -0.0131
vn -0.3673 0.9295 -0.0318
vn 0.4170 0.9073 -0.0550
vn 0.5109 0.8588 -0.0378
vn 0.6382 0.7696 -0.0221
vn 0.1005 0.9895 -0.1039
vn 0.1922 0.9766 -0.0968
vn 0.2724 0.9584 -0.0856
vn -0.2724 0.9584 -0.0856
vn -0.1922 0.9766 -0.0967
vn -0.1005 0.9895 -0.1039
vn -0.6382 0.7696 -0.0220
vn -0.5109 0.8588 -0.0378
vn -0.4170 0.9073 -0.0550
vn 0.8174 0.5760 -0.0077
vn 0.8146 0.5800 0.0045
vn 0.8083 0.5883 0.0239
vn -0.7441 0.6618 0.0912
vn -0.7675 0.6356 0.0827
vn -0.7869 0.6130 0.0712
vn 0.0064 0.9998 0.0205
vn 0.0150 0.9974 0.0705
vn 0.0217 0.9862 0.1642
vn -0.3770 0.9256 0.0330
vn -0.3683 0.9263 0.0795
vn -0.3488 0.9227 0.1640
vn 0.3999 0.9165 0.0013
vn 0.3844 0.9226 0.0341
vn 0.3629 0.9268 0.0961
vn 0.1164 0.9519 0.2835
vn 0.1991 0.9461 0.2555
vn 0.2696 0.9361 0.2257
vn 0.4015 0.9009 0.1649
vn 0.4977 0.8576 0.1294
vn 0.6319 0.7700 0.0882
vn -0.3975 0.8863 0.2377
vn -0.4994 0.8470 0.1822
vn -0.6347 0.7634 0.1199
vn -0.2442 0.9203 0.3055
vn -0.1639 0.9338 0.3181
vn -0.0744 0.9452 0.3180
vn 0.8175 -0.5759 0.0091
vn 0.8146 -0.5801 -0.0038
vn 0.8081 -0.5886 -0.0238
vn -0.7440 -0.6616 -0.0939
vn -0.7674 -0.6356 -0.0850
vn -0.7867 -0.6130 -0.0730
vn 0.0065 -0.9998 -0.0200
vn 0.0154 -0.9975 -0.0685
vn 0.0224 -0.9869 -0.1600
vn 0.4006 -0.9163 -0.0007
vn 0.3844 -0.9226 -0.0329
vn 0.3628 -0.9272 -0.0934
vn -0.3769 -0.9257 -0.0325
vn -0.3678 -0.9266 -0.0782
vn -0.3480 -0.9234 -0.1621
vn 0.2698 -0.9371 -0.2214
vn 0.1997 -0.9472 -0.2508
vn 0.1172 -0.9532 -0.2788
vn 0.6313 -0.7705 -0.0882
vn 0.4970 -0.8582 -0.1282
vn 0.4009 -0.9016 -0.1624
vn -0.3965 -0.8865 -0.2384
vn -0.4986 -0.8471 -0.1836
vn -0.6344 -0.7635 -0.1207
vn -0.0735 -0.9465 -0.3142
vn -0.1630 -0.9349 -0.3152
vn -0.2433 -0.9212 -0.3038
vn -0.2619 0.1454 -0.9541
vn -0.2671 -0.0000 -0.9637
vn -0.2619 -0.1454 -0.9541
vn -0.9439 -0.3293 -0.0227
vn -1.0000 -0.0000 -0.0094
vn -0.9439 0.3293 -0.0227
vn -0.1741 -0.3859 -0.9060
vn -0.1000 -0.0000 -0.9950
vn -0.1741 0.3859 -0.9060
vn 0.5606 -0.2336 -0.7944
vn 0.5741 -0.0000 -0.8188
vn 0.5606 0.2336 -0.7944
vn 0.4139 -0.2488 -0.8757
vn 0.4282 -0.0000 -0.9037
vn 0.4139 0.2488 -0.8757
vn 0.0207 -0.2979 -0.9544
vn 0.0228 -0.0000 -0.9997
vn 0.0207 0.2979 -0.9544
vn -0.4822 -0.3193 -0.8158
vn -0.5086 -0.0000 -0.8610
vn -0.4822 0.3193 -0.8158
vn -0.8351 -0.3025 -0.4594
vn -0.8763 -0.0000 -0.4818
vn -0.8351 0.3025 -0.4594
vn -0.9548 -0.2971 -0.0002
vn -1.0000 -0.0000 -0.0002
vn -0.9548 0.2971 -0.0002
vn -0.8374 -0.3024 0.4554
vn -0.8786 -0.0000 0.4776
vn -0.8374 0.3024 0.4554
vn -0.4823 -0.3193 0.8157
vn -0.5086 -0.0000 0.8610
vn -0.4823 0.3193 0.8157
vn 0.0207 -0.2979 0.9544
vn 0.0228 -0.0000 0.9997
vn 0.0207 0.2979 0.9544
vn 0.4139 -0.2488 0.8757
vn 0.4282 -0.0000 0.9037
vn 0.4139 0.2488 0.8757
vn 0.5586 -0.2342 0.7957
vn 0.5720 -0.0000 0.8203
vn 0.5586 0.2342 0.7957
vn -0.5955 -0.4311 0.6779
vn -0.6783 -0.0000 0.7348
vn -0.5955 0.4311 0.6779
vn -0.3152 -0.1747 0.9328
vn -0.3232 -0.0000 0.9463
vn -0.3152 0.1747 0.9328
vn -0.0032 -0.1302 0.9915
vn -0.0017 -0.0000 1.0000
vn -0.0032 0.1302 0.9915
vn -0.0000 -0.1248 0.9922
vn -0.0000 -0.0000 1.0000
vn -0.0000 0.1248 0.9922
vn 0.0032 -0.1302 0.9915
vn 0.0017 -0.0000 1.0000
vn 0.0032 0.1302 0.9915
vn 0.3152 -0.1747 0.9328
vn 0.3232 -0.0000 0.9463
vn 0.3152 0.1747 0.9328
vn 0.9435 -0.3312 0.0053
vn 1.0000 -0.0000 0.0022
vn 0.9435 0.3312 0.0053
vn 0.9658 -0.2375 -0.1040
vn 0.9943 -0.0000 -0.1062
vn 0.9658 0.2375 -0.1040
vn 0.6473 -0.4125 -0.6410
vn 0.7104 -0.0000 -0.7038
vn 0.6473 0.4125 -0.6410
vn 0.1479 -0.2459 -0.9579
vn 0.1514 -0.0000 -0.9885
vn 0.1479 0.2459 -0.9579
vn -0.5188 -0.2773 -0.8087
vn -0.5261 -0.0000 -0.8505
vn -0.5188 0.2773 -0.8087
vn -0.8407 -0.1557 -0.5187
vn -0.8527 -0.0000 -0.5224
vn -0.8407 0.1557 -0.5187
vn -0.5302 -0.2132 -0.8206
vn -0.5461 -0.0000 -0.8377
vn -0.5302 0.2132 -0.8206
vn -0.0595 -0.2367 -0.9698
vn -0.0646 -0.0000 -0.9979
vn -0.0595 0.2367 -0.9698
vn 0.4440 -0.2474 -0.8612
vn 0.4564 -0.0000 -0.8898
vn 0.4440 0.2474 -0.8612
vn 0.8124 -0.2488 -0.5273
vn 0.8380 -0.0000 -0.5456
vn 0.8124 0.2488 -0.5273
vn 0.9659 -0.2585 -0.0169
vn 0.9998 -0.0000 -0.0179
vn 0.9659 0.2585 -0.0169
vn 0.8274 -0.2601 0.4978
vn 0.8567 -0.0000 0.5158
vn 0.8274 0.2601 0.4978
vn 0.4714 -0.2638 0.8416
vn 0.4876 -0.0000 0.8731
vn 0.4714 0.2638 0.8416
vn -0.0256 -0.2570 0.9661
vn -0.0291 -0.0000 0.9996
vn -0.0256 0.2570 0.9661
vn -0.4987 -0.2340 0.8346
vn -0.5159 -0.0000 0.8566
vn -0.4987 0.2340 0.8346
vn -0.8127 -0.1761 0.5555
vn -0.8270 -0.0000 0.5622
vn -0.8127 0.1761 0.5555
vn -0.4693 -0.2946 0.8324
vn -0.4864 -0.0000 0.8737
vn -0.4693 0.2946 0.8324
vn 0.1790 -0.2537 0.9506
vn 0.1840 -0.0000 0.9829
vn 0.1790 0.2537 0.9506
vn 0.6561 -0.3460 0.6707
vn 0.7022 -0.0000 0.7120
vn 0.6561 0.3460 0.6707
vn 0.9593 -0.2270 0.1683
vn 0.9852 -0.0000 0.1714
vn 0.9593 0.2270 0.1683
vn 0.9465 -0.3226 0.0087
vn 1.0000 -0.0000 0.0051
vn 0.9465 0.3226 0.0087
vn 0.9437 -0.3305 -0.0143
vn 1.0000 -0.0000 -0.0028
vn 0.9437 0.3305 -0.0143
vn 0.2619 -0.1454 -0.9541
vn 0.2671 -0.0000 -0.9637
vn 0.2619 0.1454 -0.9541
vn 0.0026 -0.1053 -0.9944
vn 0.0014 -0.0000 -1.0000
vn 0.0026 0.1053 -0.9944
vn -0.0000 -0.1009 -0.9949
vn -0.0000 -0.0000 -1.0000
vn -0.0000 0.1009 -0.9949
vn -0.0026 -0.1053 -0.9944
vn -0.0014 -0.0000 -1.0000
vn -0.0026 0.1053 -0.9944
vn -0.0165 0.1909 0.9815
vn -0.0147 -0.0000 0.9999
vn -0.0165 -0.1909 0.9815
vn 0.1052 -0.1357 0.9851
vn 0.1052 -0.0000 0.9944
vn 0.1052 0.1357 0.9851
vn 0.9400 -0.3395 0.0329
vn 0.9999 -0.0000 0.0158
vn 0.9400 0.3395 0.0329
vn 0.9482 -0.3178 -0.0000
vn 1.0000 -0.0000 -0.0000
vn 0.9482 0.3178 -0.0000
vn 0.9425 -0.3340 -0.0059
vn 1.0000 -0.0000 -0.0018
vn 0.9425 0.3340 -0.0059
vn 0.6260 -0.6643 -0.4085
vn 0.7089 -0.0000 -0.7053
vn 0.6260 0.6643 -0.4085
vn -0.0399 -0.5560 -0.8302
vn -0.0695 -0.0000 -0.9976
vn -0.0399 0.5560 -0.8302
vn -0.2768 -0.4927 -0.8250
vn -0.3203 -0.0000 -0.9473
vn -0.2768 0.4927 -0.8250
vn -0.6932 -0.3828 -0.6107
vn -0.7467 -0.0000 -0.6651
vn -0.6932 0.3828 -0.6107
vn -0.9557 -0.1884 -0.2262
vn -0.9733 -0.0000 -0.2293
vn -0.9557 0.1884 -0.2262
vn -0.9495 -0.3137 0.0058
vn -1.0000 -0.0000 0.0083
vn -0.9495 0.3137 0.0058
vn -0.9482 -0.3177 0.0002
vn -1.0000 -0.0000 0.0001
vn -0.9482 0.3177 0.0002
vn -0.9400 -0.3395 0.0330
vn -0.9999 -0.0000 0.0158
vn -0.9400 0.3395 0.0330
vn -0.1052 -0.1357 0.9851
vn -0.1052 -0.0000 0.9944
vn -0.1052 0.1357 0.9851
vn 0.0165 -0.1909 0.9815
vn 0.0147 -0.0000 0.9999
vn 0.0165 0.1909 0.9815
vn -0.0000 -0.2028 0.9792
vn -0.0000 0.2028 0.9792
vn 0.2687 -0.1492 0.9516
vn 0.2743 -0.0000 0.9616
vn 0.2687 0.1492 0.9516
vn 0.0026 0.1084 0.9941
vn 0.0014 -0.0000 1.0000
vn 0.0026 -0.1084 0.9941
vn -0.0000 0.1038 0.9946
vn -0.0000 -0.1038 0.9946
vn -0.0026 0.1084 0.9941
vn -0.0014 -0.0000 1.0000
vn -0.0026 -0.1084 0.9941
vn -0.2687 0.1492 0.9516
vn -0.2743 -0.0000 0.9616
vn -0.2687 -0.1492 0.9516
vn -0.9437 0.3297 0.0260
vn -0.9999 -0.0000 0.0137
vn -0.9437 -0.3297 0.0260
vn 0.0316 0.3457 0.9378
vn 0.1242 -0.0000 0.9923
vn 0.0316 -0.3457 0.9378
vn 0.3920 0.2920 0.8724
vn 0.4098 -0.0000 0.9122
vn 0.3920 -0.2920 0.8724
vn 0.2072 0.3049 0.9296
vn 0.2163 -0.0000 0.9763
vn 0.2072 -0.3049 0.9296
vn -0.0150 0.3128 0.9497
vn -0.0150 -0.3128 0.9497
vn -0.3336 0.3639 0.8696
vn -0.3582 -0.0000 0.9336
vn -0.3336 -0.3639 0.8696
vn -0.7664 0.3743 0.5220
vn -0.8273 -0.0000 0.5617
vn -0.7664 -0.3743 0.5220
vn -0.9402 0.3314 0.0787
vn -0.9966 -0.0000 0.0827
vn -0.9402 -0.3314 0.0787
vn -0.9464 0.3230 0.0005
vn -1.0000 -0.0000 0.0005
vn -0.9464 -0.3230 0.0005
vn -0.9426 0.3339 -0.0027
vn -1.0000 -0.0000 -0.0005
vn -0.9426 -0.3339 -0.0027
vn -0.3178 0.1796 -0.9310
vn -0.3262 -0.0000 -0.9453
vn -0.3178 -0.1796 -0.9310
vn -0.0032 0.1340 -0.9910
vn -0.0017 -0.0000 -1.0000
vn -0.0032 -0.1340 -0.9910
vn -0.0000 0.1284 -0.9917
vn -0.0000 -0.1284 -0.9917
vn 0.0032 0.1340 -0.9910
vn 0.0017 -0.0000 -1.0000
vn 0.0032 -0.1340 -0.9910
vn 0.3178 0.1796 -0.9310
vn 0.3262 -0.0000 -0.9453
vn 0.3178 -0.1796 -0.9310
vn 0.9426 0.3339 -0.0027
vn 1.0000 -0.0000 -0.0005
vn 0.9426 -0.3339 -0.0027
vn 0.9464 0.3229 -0.0000
vn 0.9464 -0.3229 -0.0000
vn 0.9482 0.3178 -0.0018
vn 1.0000 -0.0000 0.0007
vn 0.9482 -0.3178 -0.0018
vn 0.9151 0.3134 -0.2536
vn 0.9677 -0.0000 -0.2521
vn 0.9151 -0.3134 -0.2536
vn 0.3257 0.2940 -0.8986
vn 0.3380 -0.0000 -0.9411
vn 0.3257 -0.2940 -0.8986
vn -0.0036 0.2791 -0.9602
vn -0.0059 -0.0000 -1.0000
vn -0.0036 -0.2791 -0.9602
vn -0.2988 0.2643 -0.9170
vn -0.3106 -0.0000 -0.9505
vn -0.2988 -0.2643 -0.9170
vn -0.5561 0.2411 -0.7954
vn -0.5746 -0.0000 -0.8184
vn -0.5561 -0.2411 -0.7954
vn -0.3981 0.2929 -0.8693
vn -0.4095 -0.0000 -0.9123
vn -0.3981 -0.2929 -0.8693
vn 0.1712 0.2571 -0.9511
vn 0.1763 -0.0000 -0.9843
vn 0.1712 -0.2571 -0.9511
vn 0.6521 0.3617 -0.6663
vn 0.7024 -0.0000 -0.7118
vn 0.6521 -0.3617 -0.6663
vn 0.9594 0.2329 -0.1594
vn 0.9867 -0.0000 -0.1628
vn 0.9594 -0.2329 -0.1594
vn 0.9466 0.3223 -0.0072
vn 1.0000 -0.0000 -0.0040
vn 0.9466 -0.3223 -0.0072
vn 0.9438 0.3303 0.0141
vn 1.0000 -0.0000 0.0028
vn 0.9438 -0.3303 0.0141
vn -0.0000 0.4912 0.8711
vn -0.0000 0.6643 0.7474
vn -0.0000 0.7584 0.6518
vn -0.4600 0.5104 0.7266
vn -0.6201 0.6597 0.4247
vn -0.6896 0.7017 0.1792
vn 0.7840 0.6201 0.0294
vn 0.7664 0.6406 0.0482
vn 0.7442 0.6646 0.0671
vn 0.0278 0.5445 0.8383
vn 0.0583 0.7425 0.6673
vn 0.0971 0.8408 0.5326
vn -0.0278 0.5445 0.8383
vn -0.0583 0.7425 0.6673
vn -0.0971 0.8408 0.5326
vn -0.0000 -0.4912 0.8711
vn -0.0000 -0.6643 0.7474
vn -0.0000 -0.7584 0.6518
vn -0.4600 -0.5104 0.7266
vn -0.6201 -0.6597 0.4247
vn -0.6896 -0.7017 0.1792
vn 0.7840 -0.6201 0.0294
vn 0.7664 -0.6406 0.0482
vn 0.7442 -0.6646 0.0671
vn 0.0278 -0.5445 0.8383
vn 0.0583 -0.7425 0.6673
vn 0.0971 -0.8408 0.5326
vn -0.0278 -0.5445 0.8383
vn -0.0583 -0.7425 0.6673
vn -0.0971 -0.8408 0.5326
vn 0.9255 -0.3775 0.0323
vn 0.9999 -0.0000 0.0148
vn 0.9255 0.3775 0.0323
vn -0.9254 -0.3772 0.0369
vn -0.9998 -0.0000 0.0189
vn -0.9254 0.3772 0.0369
vn 0.1049 -0.8405 0.5316
vn 0.0708 -0.8159 0.5739
vn 0.0361 -0.8001 0.5988
vn 0.4782 -0.8597 0.1795
vn 0.3036 -0.9092 0.2850
vn 0.1996 -0.9007 0.3858
vn -0.1985 -0.8977 0.3933
vn -0.3028 -0.9072 0.2920
vn -0.4776 -0.8587 0.1857
vn -0.0352 -0.7987 0.6007
vn -0.0698 -0.8133 0.5777
vn -0.1038 -0.8371 0.5371
vn 0.0361 0.8001 0.5988
vn 0.0708 0.8159 0.5739
vn 0.1049 0.8405 0.5316
vn 0.1996 0.9007 0.3858
vn 0.3036 0.9092 0.2850
vn 0.4782 0.8597 0.1795
vn -0.4776 0.8587 0.1857
vn -0.3028 0.9072 0.2920
vn -0.1985 0.8977 0.3933
vn -0.1038 0.8371 0.5371
vn -0.0698 0.8133 0.5777
vn -0.0352 0.7987 0.6007
vn 0.7851 0.6159 -0.0658
vn 0.7666 0.6370 -0.0810
vn 0.7437 0.6621 -0.0924
vn 0.0165 0.8892 -0.4571
vn 0.0075 0.8150 -0.5794
vn 0.0020 0.7552 -0.6555
vn 0.2885 0.9043 -0.3147
vn 0.2365 0.8722 -0.4282
vn 0.1824 0.8402 -0.5107
vn -0.2759 0.8769 -0.3935
vn -0.2290 0.8484 -0.4772
vn -0.1798 0.8293 -0.5291
vn -0.4102 0.4551 -0.7903
vn -0.5962 0.6317 -0.4954
vn -0.6847 0.6950 -0.2193
vn 0.7851 -0.6159 -0.0658
vn 0.7666 -0.6370 -0.0810
vn 0.7437 -0.6621 -0.0924
vn 0.0165 -0.8892 -0.4571
vn 0.0075 -0.8150 -0.5794
vn 0.0020 -0.7552 -0.6555
vn 0.2885 -0.9043 -0.3147
vn 0.2365 -0.8722 -0.4282
vn 0.1824 -0.8402 -0.5107
vn -0.2759 -0.8769 -0.3935
vn -0.2290 -0.8484 -0.4772
vn -0.1798 -0.8293 -0.5291
vn -0.4102 -0.4551 -0.7903
vn -0.5962 -0.6317 -0.4954
vn -0.6847 -0.6950 -0.2193
vn 0.9252 -0.3772 -0.0404
vn 0.9998 -0.0000 -0.0184
vn 0.9252 0.3772 -0.0404
vn -0.9252 -0.3772 -0.0405
vn -0.9998 -0.0000 -0.0184
vn -0.9252 0.3772 -0.0405
vn 0.0328 -0.7295 -0.6832
vn 0.0648 -0.7486 -0.6598
vn 0.0971 -0.7795 -0.6188
vn 0.1915 -0.8636 -0.4664
vn 0.2972 -0.8878 -0.3514
vn 0.4746 -0.8512 -0.2243
vn -0.4746 -0.8509 -0.2250
vn -0.2971 -0.8872 -0.3530
vn -0.1913 -0.8624 -0.4688
vn -0.0967 -0.7776 -0.6213
vn -0.0643 -0.7470 -0.6617
vn -0.0323 -0.7286 -0.6842
vn 0.0971 0.7795 -0.6188
vn 0.0648 0.7486 -0.6598
vn 0.0328 0.7295 -0.6832
vn 0.4746 0.8512 -0.2243
vn 0.2972 0.8878 -0.3514
vn 0.1915 0.8636 -0.4664
vn -0.1913 0.8624 -0.4688
vn -0.2971 0.8872 -0.3530
vn -0.4746 0.8509 -0.2250
vn -0.0323 0.7286 -0.6842
vn -0.0643 0.7470 -0.6617
vn -0.0967 0.7776 -0.6213
vn 0.7854 -0.6156 0.0647
vn 0.7668 -0.6369 0.0791
vn 0.7439 -0.6622 0.0899
vn 0.0156 -0.8888 0.4580
vn 0.0071 -0.8182 0.5749
vn 0.0019 -0.7626 0.6468
vn -0.2772 -0.8780 0.3903
vn -0.2303 -0.8521 0.4701
vn -0.1811 -0.8352 0.5192
vn 0.2889 -0.9037 0.3160
vn 0.2372 -0.8738 0.4246
vn 0.1835 -0.8450 0.5023
vn -0.4172 -0.4628 0.7822
vn -0.5998 -0.6359 0.4856
vn -0.6855 -0.6961 0.2134
vn 0.7854 0.6156 0.0647
vn 0.7668 0.6369 0.0791
vn 0.7439 0.6622 0.0899
vn 0.0156 0.8888 0.4580
vn 0.0071 0.8182 0.5749
vn 0.0019 0.7626 0.6468
vn -0.2772 0.8780 0.3903
vn -0.2303 0.8521 0.4701
vn -0.1811 0.8352 0.5192
vn 0.2889 0.9037 0.3160
vn 0.2372 0.8738 0.4246
vn 0.1835 0.8450 0.5023
vn -0.4172 0.4628 0.7822
vn -0.5998 0.6359 0.4856
vn -0.6855 0.6961 0.2134
vn 0.9253 -0.3772 0.0393
vn 0.9998 -0.0000 0.0179
vn 0.9253 0.3772 0.0393
vn -0.9253 0.3772 0.0393
vn -0.9998 -0.0000 0.0179
vn -0.9253 -0.3772 0.0393
vn -0.0328 0.7383 0.6737
vn -0.0651 0.7563 0.6509
vn -0.0978 0.7861 0.6103
vn 0.4752 0.8524 0.2182
vn 0.2981 0.8909 0.3426
vn 0.1926 0.8689 0.4560
vn 0.0982 0.7879 0.6079
vn 0.0656 0.7578 0.6492
vn 0.0332 0.7391 0.6727
vn -0.4752 0.8522 0.2189
vn -0.2981 0.8904 0.3441
vn -0.1925 0.8678 0.4582
vn -0.0978 -0.7861 0.6103
vn -0.0651 -0.7563 0.6509
vn -0.0328 -0.7383 0.6737
vn 0.1926 -0.8689 0.4560
vn 0.2981 -0.8909 0.3426
vn 0.4752 -0.8524 0.2182
vn 0.0332 -0.7391 0.6727
vn 0.0656 -0.7578 0.6492
vn 0.0982 -0.7879 0.6079
vn -0.1925 -0.8678 0.4582
vn -0.2981 -0.8904 0.3441
vn -0.4752 -0.8522 0.2189
vn -0.7840 -0.6204 -0.0203
vn -0.7637 -0.6445 -0.0373
vn -0.7392 -0.6709 -0.0597
vn -0.0000 -0.9782 -0.2078
vn -0.0000 -0.9368 -0.3499
vn -0.0000 -0.8666 -0.4990
vn 0.3049 -0.9416 -0.1427
vn 0.2532 -0.9347 -0.2493
vn 0.1945 -0.9076 -0.3721
vn -0.3049 -0.9416 -0.1427
vn -0.2532 -0.9347 -0.2493
vn -0.1945 -0.9076 -0.3721
vn 0.4598 -0.5198 -0.7200
vn 0.6163 -0.6674 -0.4181
vn 0.6838 -0.7082 -0.1757
vn -0.7840 0.6204 -0.0203
vn -0.7637 0.6445 -0.0373
vn -0.7392 0.6709 -0.0597
vn -0.0000 0.9782 -0.2078
vn -0.0000 0.9368 -0.3499
vn -0.0000 0.8666 -0.4990
vn 0.3049 0.9416 -0.1427
vn 0.2532 0.9347 -0.2493
vn 0.1945 0.9076 -0.3721
vn -0.3049 0.9416 -0.1427
vn -0.2532 0.9347 -0.2493
vn -0.1945 0.9076 -0.3721
vn 0.4598 0.5198 -0.7200
vn 0.6163 0.6674 -0.4181
vn 0.6838 0.7082 -0.1757
vn 0.9231 0.3833 -0.0314
vn 0.9999 -0.0000 -0.0145
vn 0.9231 -0.3833 -0.0314
vn -0.9231 0.3833 -0.0314
vn -0.9999 -0.0000 -0.0145
vn -0.9231 -0.3833 -0.0314
vn 0.4721 0.8644 -0.1729
vn 0.2994 0.9136 -0.2750
vn 0.1970 0.9067 -0.3730
vn 0.1039 0.8509 -0.5150
vn 0.0701 0.8281 -0.5561
vn 0.0356 0.8138 -0.5800
vn -0.0356 0.8138 -0.5800
vn -0.0701 0.8281 -0.5561
vn -0.1039 0.8509 -0.5150
vn -0.1970 0.9067 -0.3730
vn -0.2994 0.9136 -0.2750
vn -0.4721 0.8644 -0.1729
vn 0.1970 -0.9067 -0.3730
vn 0.2994 -0.9136 -0.2750
vn 0.4721 -0.8644 -0.1729
vn 0.0356 -0.8138 -0.5800
vn 0.0701 -0.8281 -0.5561
vn 0.1039 -0.8509 -0.5150
vn -0.1039 -0.8509 -0.5150
vn -0.0701 -0.8281 -0.5561
vn -0.0356 -0.8138 -0.5800
vn -0.4721 -0.8644 -0.1729
vn -0.2994 -0.9136 -0.2750
vn -0.1970 -0.9067 -0.3730
vn -0.0649 0.7402 -0.6693
vn -0.0430 0.7089 -0.7040
vn -0.0217 0.6901 -0.7234
vn -0.0369 0.6307 -0.7751
vn -0.0245 0.6042 -0.7965
vn -0.0123 0.5884 -0.8085
vn -0.0162 0.4434 -0.8962
vn -0.0108 0.4276 -0.9039
vn -0.0055 0.4183 -0.9083
vn 0.3751 0.7854 -0.4924
vn 0.4182 0.7104 -0.5660
vn 0.4670 0.6005 -0.6491
vn 0.3390 0.7935 -0.5054
vn 0.3845 0.7175 -0.5808
vn 0.4356 0.6061 -0.6655
vn 0.2899 0.8064 -0.5154
vn 0.3354 0.7313 -0.5939
vn 0.3868 0.6198 -0.6828
vn 0.1675 0.8374 -0.5202
vn 0.2042 0.7682 -0.6067
vn 0.2471 0.6608 -0.7087
vn 0.1048 0.8507 -0.5150
vn 0.1320 0.7853 -0.6048
vn 0.1644 0.6814 -0.7132
vn 0.0472 0.8610 -0.5063
vn 0.0637 0.7989 -0.5980
vn 0.0833 0.6983 -0.7109
vn -0.0548 0.8753 -0.4805
vn -0.0596 0.8179 -0.5723
vn -0.0663 0.7223 -0.6884
vn -0.1106 0.8805 -0.4609
vn -0.1274 0.8249 -0.5508
vn -0.1495 0.7312 -0.6656
vn -0.1731 0.8841 -0.4341
vn -0.2038 0.8297 -0.5197
vn -0.2438 0.7373 -0.6300
vn -0.3007 0.8830 -0.3603
vn -0.3594 0.8282 -0.4300
vn -0.4348 0.7355 -0.5196
vn -0.3504 0.8795 -0.3221
vn -0.4187 0.8235 -0.3829
vn -0.5057 0.7295 -0.4606
vn -0.3917 0.8756 -0.2828
vn -0.4670 0.8183 -0.3350
vn -0.5624 0.7229 -0.4013
vn -0.4924 0.8680 0.0646
vn -0.5836 0.8084 0.0764
vn -0.6977 0.7105 0.0913
vn -0.4792 0.8685 0.1266
vn -0.5682 0.8091 0.1497
vn -0.6797 0.7114 0.1788
vn -0.4577 0.8698 0.1844
vn -0.5432 0.8108 0.2180
vn -0.6505 0.7135 0.2603
vn 0.2314 0.8561 -0.4622
vn 0.2284 0.8173 -0.5290
vn 0.1838 0.7586 -0.6251
vn 0.3258 0.8233 -0.4648
vn 0.3396 0.7702 -0.5399
vn 0.3532 0.6801 -0.6425
vn 0.3818 0.7966 -0.4687
vn 0.4106 0.7316 -0.5442
vn 0.4450 0.6302 -0.6363
vn -0.0704 0.8061 0.5875
vn -0.0412 0.7086 0.7044
vn -0.0189 0.5208 0.8535
vn -0.0472 0.7799 0.6241
vn -0.0276 0.6840 0.7289
vn -0.0127 0.5043 0.8635
vn -0.0239 0.7638 0.6450
vn -0.0139 0.6693 0.7429
vn -0.0064 0.4944 0.8692
vn -0.2717 -0.9463 0.1750
vn -0.2908 -0.9533 0.0811
vn -0.3016 -0.9530 0.0291
vn -0.1847 -0.9665 0.1783
vn -0.2013 -0.9763 0.0800
vn -0.2126 -0.9768 0.0258
vn -0.0858 -0.9809 0.1745
vn -0.0983 -0.9922 0.0764
vn -0.1091 -0.9938 0.0230
vn 0.3751 0.7854 0.4924
vn 0.3390 0.7935 0.5054
vn 0.2899 0.8064 0.5154
vn 0.4182 0.7104 0.5660
vn 0.3845 0.7175 0.5808
vn 0.3354 0.7313 0.5939
vn 0.4670 0.6005 0.6491
vn 0.4356 0.6061 0.6655
vn 0.3868 0.6198 0.6828
vn 0.1675 0.8374 0.5202
vn 0.1048 0.8507 0.5150
vn 0.0472 0.8610 0.5063
vn 0.2042 0.7682 0.6067
vn 0.1320 0.7853 0.6048
vn 0.0637 0.7989 0.5980
vn 0.2471 0.6608 0.7087
vn 0.1644 0.6814 0.7132
vn 0.0833 0.6983 0.7109
vn -0.0548 0.8753 0.4805
vn -0.1106 0.8805 0.4609
vn -0.1731 0.8841 0.4341
vn -0.0596 0.8179 0.5723
vn -0.1274 0.8249 0.5508
vn -0.2038 0.8297 0.5197
vn -0.0663 0.7223 0.6884
vn -0.1495 0.7312 0.6656
vn -0.2438 0.7373 0.6300
vn -0.3010 0.8830 0.3601
vn -0.3511 0.8794 0.3214
vn -0.3929 0.8755 0.2813
vn -0.3597 0.8282 0.4297
vn -0.4195 0.8234 0.3821
vn -0.4684 0.8183 0.3333
vn -0.4351 0.7355 0.5193
vn -0.5066 0.7294 0.4597
vn -0.5639 0.7228 0.3994
vn 0.2269 0.8588 0.4594
vn 0.3227 0.8250 0.4639
vn 0.3807 0.7972 0.4685
vn 0.2070 0.8284 0.5205
vn 0.3265 0.7773 0.5378
vn 0.4065 0.7340 0.5441
vn 0.1106 0.7878 0.6059
vn 0.3177 0.6973 0.6425
vn 0.4353 0.6354 0.6378
vn -0.3825 0.9156 -0.1241
vn -0.2843 0.9377 -0.1996
vn -0.3560 0.9278 -0.1112
vn -0.3997 0.9145 -0.0619
vn -0.4204 0.9019 -0.0993
vn -0.3808 0.9028 -0.2002
vn -0.3244 0.9228 -0.2079
vn -0.4282 0.8643 0.2637
vn -0.3611 0.7998 0.4795
vn -0.2558 0.6074 0.7521
vn -0.2464 0.8986 0.3631
vn -0.1872 0.8142 0.5496
vn -0.1233 0.6021 0.7889
vn -0.1460 0.8775 0.4568
vn -0.0970 0.7825 0.6150
vn -0.0545 0.5743 0.8168
vn -0.3103 0.9419 -0.1286
vn -0.3260 0.9412 -0.0882
vn -0.3356 0.9409 -0.0447
vn -0.2247 0.9699 -0.0937
vn -0.2362 0.9696 -0.0642
vn -0.2432 0.9694 -0.0325
vn -0.1221 0.9912 -0.0512
vn -0.1284 0.9911 -0.0350
vn -0.1322 0.9911 -0.0177
vn 0.1120 0.9932 -0.0323
vn 0.1315 0.9912 0.0168
vn 0.1381 0.9872 0.0795
vn 0.2073 0.9753 -0.0759
vn 0.2335 0.9723 -0.0087
vn 0.2366 0.9698 0.0593
vn 0.2991 0.9465 -0.1212
vn 0.3272 0.9443 -0.0355
vn 0.3244 0.9452 0.0375
vn 0.0609 0.9159 -0.3968
vn 0.1071 0.9172 -0.3837
vn 0.1542 0.9185 -0.3642
vn 0.0457 0.9593 -0.2787
vn 0.0772 0.9601 -0.2687
vn 0.1099 0.9608 -0.2544
vn 0.0242 0.9896 -0.1417
vn 0.0398 0.9899 -0.1360
vn 0.0562 0.9901 -0.1283
vn -0.1251 0.9116 -0.3917
vn -0.0757 0.9138 -0.3990
vn -0.0293 0.9145 -0.4035
vn -0.0819 0.9567 -0.2794
vn -0.0470 0.9579 -0.2831
vn -0.0150 0.9584 -0.2850
vn -0.0394 0.9886 -0.1450
vn -0.0216 0.9890 -0.1460
vn -0.0056 0.9892 -0.1462
vn -0.3519 0.8716 -0.3413
vn -0.2963 0.8855 -0.3580
vn -0.2379 0.8974 -0.3716
vn -0.2471 0.9355 -0.2524
vn -0.2063 0.9428 -0.2619
vn -0.1637 0.9491 -0.2692
vn -0.1260 0.9827 -0.1357
vn -0.1044 0.9847 -0.1394
vn -0.0819 0.9865 -0.1419
vn -0.1651 0.9361 0.3107
vn -0.1235 0.9640 0.2354
vn -0.0700 0.9893 0.1282
vn -0.2763 0.9098 0.3098
vn -0.2019 0.9515 0.2323
vn -0.1119 0.9856 0.1271
vn -0.3587 0.8813 0.3075
vn -0.2592 0.9381 0.2296
vn -0.1392 0.9822 0.1257
vn 0.3601 0.9199 -0.1549
vn 0.3746 0.9212 -0.1051
vn 0.3825 0.9224 -0.0538
vn 0.2548 0.9609 -0.1081
vn 0.2650 0.9615 -0.0732
vn 0.2706 0.9620 -0.0372
vn 0.1306 0.9899 -0.0547
vn 0.1360 0.9900 -0.0370
vn 0.1389 0.9901 -0.0187
vn 0.2356 0.9260 0.2950
vn 0.1666 0.9642 0.2065
vn 0.0852 0.9908 0.1049
vn 0.2712 0.9249 0.2664
vn 0.1918 0.9635 0.1867
vn 0.0983 0.9906 0.0950
vn 0.3020 0.9243 0.2333
vn 0.2135 0.9631 0.1639
vn 0.1095 0.9905 0.0836
vn 0.0615 0.9256 0.3735
vn 0.0451 0.9637 0.2632
vn 0.0236 0.9906 0.1348
vn 0.1050 0.9265 0.3613
vn 0.0749 0.9643 0.2540
vn 0.0385 0.9908 0.1296
vn 0.1496 0.9272 0.3435
vn 0.1060 0.9648 0.2409
vn 0.0541 0.9910 0.1225
vn -0.1135 0.9217 0.3708
vn -0.0753 0.9613 0.2650
vn -0.0368 0.9897 0.1383
vn -0.0669 0.9238 0.3770
vn -0.0423 0.9625 0.2681
vn -0.0199 0.9901 0.1392
vn -0.0232 0.9245 0.3805
vn -0.0121 0.9629 0.2695
vn -0.0047 0.9902 0.1393
vn 0.6184 0.7687 0.1634
vn 0.5009 0.8059 0.3156
vn 0.5437 0.7765 0.3184
vn 0.5788 0.7352 0.3529
vn 0.6715 0.7013 0.2393
vn 0.7552 0.6364 0.1572
vn 0.7101 0.6970 0.0997
vn 0.6883 0.7235 0.0520
vn 0.5977 0.7985 0.0723
vn 0.5264 0.8471 0.0727
vn 0.5464 0.8194 0.1736
vn -0.0167 0.9456 0.3249
vn 0.0298 0.9421 0.3341
vn 0.0923 0.9400 0.3284
vn -0.0189 0.9719 0.2346
vn 0.0139 0.9728 0.2314
vn 0.0535 0.9742 0.2193
vn -0.0121 0.9922 0.1237
vn 0.0051 0.9928 0.1199
vn 0.0247 0.9934 0.1119
vn -0.0103 0.8952 -0.4456
vn 0.0448 0.9001 -0.4334
vn -0.0121 0.9116 -0.4110
vn -0.0771 0.9224 -0.3784
vn -0.0690 0.9027 -0.4248
vn -0.0267 0.8729 -0.4872
vn 0.0338 0.8805 -0.4728
vn -0.4040 0.9053 0.1310
vn -0.3401 0.9267 0.1597
vn -0.3760 0.9102 0.1735
vn -0.4192 0.8878 0.1898
vn -0.4183 0.8958 0.1501
vn -0.3720 0.9166 0.1466
vn -0.3694 0.9211 0.1231
vn -0.3272 0.8861 0.3282
vn -0.2314 0.9423 0.2419
vn -0.1192 0.9843 0.1303
vn -0.2749 0.8986 0.3421
vn -0.1929 0.9489 0.2499
vn -0.0987 0.9861 0.1334
vn -0.2199 0.9092 0.3536
vn -0.1526 0.9545 0.2561
vn -0.0773 0.9877 0.1356
vn 0.1181 0.8276 -0.5488
vn 0.1272 0.6919 -0.7107
vn 0.0741 0.7469 -0.6608
vn 0.0388 0.7616 -0.6468
vn 0.0458 0.8485 -0.5272
vn 0.0318 0.8945 -0.4459
vn 0.1032 0.8733 -0.4762
vn 0.2140 0.8685 -0.4472
vn 0.2334 0.8476 -0.4765
vn 0.2804 0.8052 -0.5224
vn 0.1882 0.7669 -0.6136
vn -0.1391 0.8322 -0.5367
vn -0.0894 0.7157 -0.6927
vn -0.0474 0.4962 -0.8669
vn -0.2391 0.8685 -0.4342
vn -0.1754 0.7581 -0.6280
vn -0.1082 0.5259 -0.8436
vn -0.4218 0.8484 -0.3200
vn -0.3437 0.7573 -0.5553
vn -0.2269 0.5369 -0.8126
vn -0.3802 -0.9067 0.1828
vn -0.4555 -0.8645 0.2126
vn -0.5618 -0.7871 0.2548
vn -0.4148 -0.9014 0.1242
vn -0.4968 -0.8559 0.1432
vn -0.6098 -0.7743 0.1691
vn -0.4375 -0.8958 0.0780
vn -0.5238 -0.8472 0.0888
vn -0.6397 -0.7617 0.1030
vn -0.2031 -0.9057 0.3720
vn -0.2390 -0.8672 0.4368
vn -0.2922 -0.7943 0.5326
vn -0.2436 -0.9084 0.3398
vn -0.2892 -0.8706 0.3980
vn -0.3566 -0.7988 0.4845
vn -0.2871 -0.9098 0.2997
vn -0.3424 -0.8716 0.3507
vn -0.4236 -0.7995 0.4258
vn 0.0821 -0.8663 0.4928
vn 0.0906 -0.8119 0.5767
vn 0.1019 -0.7196 0.6869
vn 0.0417 -0.8678 0.4951
vn 0.0449 -0.8134 0.5800
vn 0.0493 -0.7210 0.6912
vn 0.0068 -0.8698 0.4934
vn 0.0080 -0.8155 0.5786
vn 0.0096 -0.7234 0.6904
vn 0.1748 -0.8731 0.4552
vn 0.1859 -0.8335 0.5203
vn 0.1771 -0.7701 0.6128
vn 0.2143 -0.8615 0.4603
vn 0.2376 -0.8111 0.5345
vn 0.2687 -0.7218 0.6378
vn 0.2272 -0.8554 0.4655
vn 0.2581 -0.7990 0.5432
vn 0.2994 -0.7037 0.6443
vn 0.1993 -0.8569 0.4753
vn 0.2304 -0.8000 0.5540
vn 0.2712 -0.7048 0.6556
vn 0.1781 -0.8595 0.4790
vn 0.2059 -0.8036 0.5585
vn 0.2424 -0.7094 0.6618
vn 0.1534 -0.8621 0.4830
vn 0.1762 -0.8069 0.5638
vn 0.2061 -0.7137 0.6694
vn -0.0458 -0.8786 0.4754
vn -0.0459 -0.8274 0.5598
vn -0.0466 -0.7383 0.6729
vn -0.0796 -0.8862 0.4565
vn -0.0851 -0.8383 0.5385
vn -0.0935 -0.7531 0.6512
vn -0.1195 -0.8943 0.4313
vn -0.1339 -0.8503 0.5089
vn -0.1552 -0.7700 0.6189
vn -0.4579 -0.8887 0.0244
vn -0.5475 -0.8363 0.0276
vn -0.6645 -0.7466 0.0316
vn -0.4612 -0.8873 0.0100
vn -0.5514 -0.8342 0.0114
vn -0.6684 -0.7436 0.0131
vn -0.4622 -0.8868 0.0026
vn -0.5526 -0.8334 0.0030
vn -0.6697 -0.7426 0.0035
vn -0.4228 -0.8509 0.3118
vn -0.2403 -0.8731 0.4241
vn -0.1402 -0.8391 0.5256
vn -0.3463 -0.7636 0.5449
vn -0.1772 -0.7664 0.6175
vn -0.0905 -0.7253 0.6824
vn -0.2309 -0.5467 0.8049
vn -0.1102 -0.5363 0.8368
vn -0.0483 -0.5067 0.8607
vn -0.1441 -0.8831 -0.4465
vn -0.2428 -0.9030 -0.3544
vn -0.4225 -0.8690 -0.2575
vn -0.0961 -0.7910 -0.6043
vn -0.1852 -0.8216 -0.5392
vn -0.3574 -0.8068 -0.4705
vn -0.0544 -0.5850 -0.8092
vn -0.1229 -0.6124 -0.7809
vn -0.2550 -0.6176 -0.7441
vn 0.0297 -0.9528 0.3022
vn 0.0203 -0.9764 0.2150
vn 0.0100 -0.9936 0.1129
vn -0.0103 -0.9580 0.2865
vn -0.0084 -0.9791 0.2032
vn -0.0053 -0.9943 0.1064
vn -0.0579 -0.9639 0.2598
vn -0.0422 -0.9822 0.1831
vn -0.0230 -0.9952 0.0948
vn 0.3093 -0.9509 -0.0110
vn 0.2192 -0.9756 -0.0089
vn 0.1147 -0.9934 -0.0052
vn 0.3095 -0.9509 -0.0041
vn 0.2196 -0.9756 -0.0033
vn 0.1152 -0.9933 -0.0020
vn 0.3095 -0.9509 -0.0009
vn 0.2197 -0.9756 -0.0008
vn 0.1154 -0.9933 -0.0005
vn 0.0389 -0.9357 -0.3507
vn 0.0290 -0.9678 -0.2501
vn 0.0158 -0.9912 -0.1312
vn 0.0663 -0.9371 -0.3426
vn 0.0486 -0.9686 -0.2440
vn 0.0261 -0.9915 -0.1277
vn 0.0967 -0.9388 -0.3307
vn 0.0700 -0.9694 -0.2352
vn 0.0372 -0.9917 -0.1229
vn -0.1724 -0.9212 -0.3487
vn -0.1212 -0.9603 -0.2511
vn -0.0625 -0.9892 -0.1329
vn -0.1475 -0.9235 -0.3540
vn -0.1044 -0.9614 -0.2547
vn -0.0542 -0.9894 -0.1347
vn -0.1269 -0.9253 -0.3574
vn -0.0898 -0.9623 -0.2568
vn -0.0467 -0.9896 -0.1357
vn -0.1314 -0.9389 -0.3182
vn -0.0959 -0.9666 -0.2377
vn -0.0523 -0.9904 -0.1277
vn -0.1900 -0.9265 -0.3249
vn -0.1344 -0.9617 -0.2387
vn -0.0711 -0.9892 -0.1279
vn -0.2162 -0.9180 -0.3323
vn -0.1511 -0.9586 -0.2413
vn -0.0781 -0.9886 -0.1286
vn -0.0802 -0.9290 -0.3612
vn -0.0555 -0.9644 -0.2587
vn -0.0282 -0.9903 -0.1361
vn -0.0478 -0.9313 -0.3611
vn -0.0323 -0.9656 -0.2582
vn -0.0159 -0.9906 -0.1355
vn -0.0141 -0.9332 -0.3591
vn -0.0085 -0.9665 -0.2565
vn -0.0037 -0.9909 -0.1346
vn 0.1612 -0.9430 -0.2912
vn 0.1144 -0.9716 -0.2072
vn 0.0598 -0.9923 -0.1082
vn 0.1951 -0.9460 -0.2587
vn 0.1370 -0.9731 -0.1850
vn 0.0709 -0.9928 -0.0968
vn 0.2293 -0.9494 -0.2146
vn 0.1597 -0.9749 -0.1550
vn 0.0820 -0.9933 -0.0815
vn 0.2855 -0.9522 -0.1082
vn 0.1990 -0.9766 -0.0814
vn 0.1019 -0.9938 -0.0441
vn 0.2996 -0.9517 -0.0673
vn 0.2100 -0.9763 -0.0518
vn 0.1083 -0.9937 -0.0288
vn 0.3061 -0.9512 -0.0394
vn 0.2158 -0.9760 -0.0310
vn 0.1121 -0.9935 -0.0176
vn 0.4341 -0.8973 0.0799
vn 0.4588 -0.8882 0.0244
vn 0.4777 -0.8785 -0.0064
vn 0.5268 -0.8476 0.0627
vn 0.5490 -0.8357 0.0155
vn 0.5647 -0.8252 -0.0116
vn 0.6524 -0.7566 0.0438
vn 0.6672 -0.7448 0.0091
vn 0.6759 -0.7369 -0.0117
vn 0.0930 -0.9407 -0.3263
vn 0.0547 -0.9742 -0.2191
vn 0.0255 -0.9934 -0.1123
vn 0.0297 -0.9419 -0.3345
vn 0.0142 -0.9725 -0.2324
vn 0.0053 -0.9927 -0.1206
vn -0.0162 -0.9450 -0.3267
vn -0.0178 -0.9716 -0.2360
vn -0.0113 -0.9922 -0.1243
vn 0.3322 -0.9426 -0.0354
vn 0.2283 -0.9734 -0.0206
vn 0.1185 -0.9929 -0.0090
vn 0.3233 -0.9414 -0.0961
vn 0.2148 -0.9748 -0.0603
vn 0.1102 -0.9935 -0.0289
vn 0.2768 -0.9421 -0.1893
vn 0.1765 -0.9767 -0.1218
vn 0.0888 -0.9942 -0.0610
vn -0.3819 -0.9161 0.1217
vn -0.3998 -0.9146 0.0607
vn -0.4163 -0.9039 0.0980
vn -0.3677 -0.9082 0.1998
vn -0.3216 -0.9244 0.2050
vn -0.2870 -0.9374 0.1971
vn -0.3576 -0.9274 0.1094
vn -0.3906 0.8972 0.2060
vn -0.4433 0.8924 0.0841
vn -0.4637 0.8857 0.0218
vn -0.4980 0.8560 0.1386
vn -0.5397 0.8401 0.0548
vn -0.5556 0.8313 0.0145
vn -0.6385 0.7656 0.0783
vn -0.6642 0.7469 0.0302
vn -0.6740 0.7387 0.0081
vn 0.5101 0.8321 0.2177
vn 0.5348 0.8322 0.1464
vn 0.5509 0.8315 0.0717
vn 0.5944 0.7631 0.2538
vn 0.6233 0.7632 0.1704
vn 0.6419 0.7623 0.0828
vn 0.6936 0.6566 0.2964
vn 0.7275 0.6567 0.1986
vn 0.7490 0.6556 0.0958
vn 0.0162 0.5437 0.8391
vn 0.0533 0.6610 0.7485
vn 0.1084 0.7554 0.6462
vn 0.0205 0.5338 0.8454
vn 0.0475 0.6419 0.7654
vn 0.0844 0.7317 0.6764
vn 0.0146 0.5248 0.8511
vn 0.0295 0.6285 0.7772
vn 0.0486 0.7169 0.6955
vn 0.2484 0.9150 0.3180
vn 0.2940 0.9464 0.1336
vn 0.3111 0.9498 0.0326
vn 0.1777 0.9164 0.3588
vn 0.2095 0.9653 0.1557
vn 0.2213 0.9745 0.0384
vn 0.0951 0.9182 0.3846
vn 0.1111 0.9791 0.1704
vn 0.1167 0.9923 0.0425
vn -0.0047 0.5490 0.8358
vn -0.0738 0.7074 0.7030
vn -0.1804 0.8193 0.5443
vn -0.0392 0.5404 0.8405
vn -0.1497 0.7277 0.6693
vn -0.2914 0.8373 0.4625
vn -0.1281 0.5179 0.8458
vn -0.3091 0.7176 0.6240
vn -0.4767 0.8021 0.3598
vn -0.1730 0.9339 -0.3128
vn -0.2928 0.9031 -0.3139
vn -0.3832 0.8687 -0.3140
vn -0.1286 0.9628 -0.2377
vn -0.2124 0.9482 -0.2363
vn -0.2751 0.9321 -0.2357
vn -0.0723 0.9889 -0.1295
vn -0.1168 0.9847 -0.1294
vn -0.1464 0.9807 -0.1292
vn 0.2440 0.9185 -0.3111
vn 0.2810 0.9180 -0.2800
vn 0.3126 0.9180 -0.2442
vn 0.1730 0.9608 -0.2167
vn 0.1991 0.9604 -0.1951
vn 0.2213 0.9602 -0.1703
vn 0.0883 0.9901 -0.1091
vn 0.1018 0.9899 -0.0984
vn 0.1133 0.9898 -0.0860
vn -0.0697 -0.8143 -0.5763
vn -0.0410 -0.7187 -0.6941
vn -0.0189 -0.5316 -0.8468
vn -0.0468 -0.7888 -0.6129
vn -0.0274 -0.6945 -0.7189
vn -0.0127 -0.5151 -0.8571
vn -0.0237 -0.7731 -0.6339
vn -0.0139 -0.6799 -0.7331
vn -0.0064 -0.5052 -0.8630
vn 0.6648 -0.7348 -0.1346
vn 0.5397 -0.8307 -0.1364
vn 0.4427 -0.8867 -0.1333
vn 0.6759 -0.7339 -0.0678
vn 0.5537 -0.8294 -0.0746
vn 0.4581 -0.8855 -0.0771
vn 0.6769 -0.7354 -0.0314
vn 0.5570 -0.8296 -0.0383
vn 0.4633 -0.8852 -0.0421
vn 0.3467 -0.7172 -0.6045
vn 0.2872 -0.8125 -0.5073
vn 0.2405 -0.8705 -0.4293
vn 0.4557 -0.7299 -0.5094
vn 0.3667 -0.8221 -0.4356
vn 0.3003 -0.8774 -0.3743
vn 0.5569 -0.7383 -0.3806
vn 0.4434 -0.8300 -0.3384
vn 0.3592 -0.8839 -0.2995
vn -0.1835 -0.6683 -0.7209
vn -0.1516 -0.7741 -0.6147
vn -0.1251 -0.8416 -0.5254
vn -0.1231 -0.6750 -0.7275
vn -0.0987 -0.7796 -0.6184
vn -0.0790 -0.8460 -0.5273
vn -0.0527 -0.6816 -0.7299
vn -0.0389 -0.7850 -0.6183
vn -0.0284 -0.8500 -0.5260
vn -0.5719 -0.6295 -0.5259
vn -0.4154 -0.7938 -0.4443
vn -0.2638 -0.8877 -0.3774
vn -0.5562 -0.6117 -0.5626
vn -0.4368 -0.7540 -0.4907
vn -0.3253 -0.8425 -0.4294
vn -0.5091 -0.6132 -0.6040
vn -0.4218 -0.7362 -0.5292
vn -0.3419 -0.8179 -0.4627
vn -0.3617 -0.6442 -0.6739
vn -0.3065 -0.7538 -0.5813
vn -0.2590 -0.8257 -0.5011
vn -0.3060 -0.6533 -0.6925
vn -0.2594 -0.7611 -0.5945
vn -0.2197 -0.8312 -0.5108
vn -0.2637 -0.6591 -0.7043
vn -0.2232 -0.7659 -0.6030
vn -0.1889 -0.8349 -0.5170
vn 0.0569 -0.6892 -0.7224
vn 0.0540 -0.7913 -0.6090
vn 0.0504 -0.8550 -0.5161
vn 0.1115 -0.6934 -0.7119
vn 0.1008 -0.7949 -0.5983
vn 0.0904 -0.8578 -0.5059
vn 0.1762 -0.6988 -0.6933
vn 0.1550 -0.7992 -0.5807
vn 0.1359 -0.8611 -0.4898
vn 0.6722 -0.7403 -0.0064
vn 0.5546 -0.8321 -0.0091
vn 0.4634 -0.8861 -0.0108
vn 0.6708 -0.7417 -0.0022
vn 0.5535 -0.8328 -0.0032
vn 0.4629 -0.8864 -0.0039
vn 0.6701 -0.7423 -0.0005
vn 0.5530 -0.8332 -0.0007
vn 0.4625 -0.8866 -0.0009
vn 0.1460 0.8775 0.4568
vn 0.0970 0.7825 0.6150
vn 0.0545 0.5743 0.8168
vn 0.2464 0.8986 0.3631
vn 0.1872 0.8142 0.5496
vn 0.1233 0.6021 0.7889
vn 0.4282 0.8643 0.2637
vn 0.3611 0.7998 0.4795
vn 0.2558 0.6074 0.7521
vn -0.1158 -0.9933 0.0060
vn -0.2192 -0.9756 0.0120
vn -0.3077 -0.9513 0.0172
vn -0.1158 -0.9933 0.0024
vn -0.2199 -0.9755 0.0047
vn -0.3092 -0.9510 0.0069
vn -0.1157 -0.9933 0.0006
vn -0.2199 -0.9755 0.0012
vn -0.3095 -0.9509 0.0017
vn -0.0163 -0.9910 0.1329
vn -0.0302 -0.9687 0.2463
vn -0.0398 -0.9408 0.3366
vn -0.0266 -0.9912 0.1295
vn -0.0490 -0.9698 0.2390
vn -0.0650 -0.9434 0.3253
vn -0.0378 -0.9915 0.1247
vn -0.0695 -0.9709 0.2291
vn -0.0928 -0.9461 0.3102
vn 0.0606 -0.9891 0.1340
vn 0.1095 -0.9624 0.2485
vn 0.1464 -0.9292 0.3392
vn 0.0533 -0.9893 0.1355
vn 0.0970 -0.9631 0.2512
vn 0.1304 -0.9304 0.3426
vn 0.0462 -0.9896 0.1365
vn 0.0842 -0.9638 0.2532
vn 0.1131 -0.9317 0.3453
vn 0.0460 -0.9917 0.1202
vn 0.0882 -0.9695 0.2289
vn 0.1228 -0.9397 0.3191
vn 0.0625 -0.9904 0.1235
vn 0.1160 -0.9655 0.2333
vn 0.1569 -0.9332 0.3231
vn 0.0705 -0.9893 0.1275
vn 0.1275 -0.9627 0.2387
vn 0.1695 -0.9292 0.3283
vn 0.0275 -0.9900 0.1383
vn 0.0491 -0.9654 0.2562
vn 0.0646 -0.9345 0.3502
vn 0.0152 -0.9903 0.1382
vn 0.0266 -0.9662 0.2562
vn 0.0342 -0.9359 0.3507
vn 0.0031 -0.9906 0.1370
vn 0.0047 -0.9671 0.2544
vn 0.0056 -0.9373 0.3486
vn -0.0600 -0.9920 0.1107
vn -0.1101 -0.9731 0.2025
vn -0.1483 -0.9507 0.2724
vn -0.0710 -0.9924 0.1009
vn -0.1300 -0.9741 0.1848
vn -0.1755 -0.9525 0.2490
vn -0.0826 -0.9927 0.0876
vn -0.1511 -0.9753 0.1611
vn -0.2045 -0.9542 0.2183
vn -0.1045 -0.9933 0.0500
vn -0.1925 -0.9768 0.0942
vn -0.2640 -0.9557 0.1304
vn -0.1106 -0.9933 0.0329
vn -0.2057 -0.9766 0.0630
vn -0.2845 -0.9546 0.0883
vn -0.1138 -0.9933 0.0202
vn -0.2134 -0.9762 0.0393
vn -0.2972 -0.9532 0.0555
vn 0.1266 -0.9808 0.1485
vn 0.1266 -0.9900 0.0624
vn 0.1224 -0.9923 0.0175
vn 0.2183 -0.9671 0.1306
vn 0.2257 -0.9727 0.0533
vn 0.2275 -0.9737 0.0136
vn 0.2957 -0.9486 0.1128
vn 0.3106 -0.9495 0.0439
vn 0.3192 -0.9476 0.0083
vn 0.0239 0.7638 0.6450
vn 0.0139 0.6693 0.7429
vn 0.0064 0.4944 0.8692
vn 0.0472 0.7799 0.6241
vn 0.0276 0.6840 0.7289
vn 0.0127 0.5043 0.8635
vn 0.0704 0.8061 0.5875
vn 0.0412 0.7086 0.7044
vn 0.0189 0.5208 0.8535
vn -0.1065 -0.9943 0.0098
vn -0.2025 -0.9791 0.0194
vn -0.2838 -0.9584 0.0308
vn -0.0916 -0.9955 0.0263
vn -0.1772 -0.9829 0.0498
vn -0.2504 -0.9655 0.0714
vn -0.0697 -0.9964 0.0492
vn -0.1372 -0.9860 0.0953
vn -0.1962 -0.9712 0.1351
vn -0.0025 -0.8947 0.4467
vn -0.0101 -0.8737 0.4864
vn 0.0430 -0.8809 0.4714
vn 0.0485 -0.9000 0.4331
vn -0.0077 -0.9107 0.4129
vn -0.0766 -0.9223 0.3788
vn -0.0632 -0.9037 0.4235
vn 0.1174 -0.8168 -0.5648
vn 0.2951 -0.7686 -0.5676
vn 0.2347 -0.8140 -0.5313
vn 0.1972 -0.8404 -0.5048
vn 0.0899 -0.8625 -0.4981
vn 0.0283 -0.8911 -0.4530
vn 0.0456 -0.8455 -0.5321
vn 0.0409 -0.7611 -0.6473
vn 0.0781 -0.7475 -0.6596
vn 0.1387 -0.6930 -0.7075
vn 0.1986 -0.7512 -0.6295
vn 0.6071 -0.7794 -0.1549
vn 0.6851 -0.7269 -0.0478
vn 0.5918 -0.8032 -0.0678
vn 0.5202 -0.8513 -0.0686
vn 0.5350 -0.8287 -0.1643
vn 0.4882 -0.8191 -0.3011
vn 0.5280 -0.7929 -0.3040
vn 0.5636 -0.7533 -0.3389
vn 0.6584 -0.7174 -0.2277
vn 0.7468 -0.6484 -0.1476
vn 0.7037 -0.7044 -0.0925
vn -0.0146 0.5248 0.8511
vn -0.0295 0.6285 0.7772
vn -0.0486 0.7169 0.6955
vn -0.0205 0.5338 0.8454
vn -0.0475 0.6419 0.7654
vn -0.0844 0.7317 0.6764
vn -0.0162 0.5437 0.8391
vn -0.0533 0.6610 0.7485
vn -0.1084 0.7554 0.6462
vn -0.0943 0.9175 0.3865
vn -0.1097 0.9788 0.1730
vn -0.1158 0.9923 0.0436
vn -0.1765 0.9151 0.3625
vn -0.2079 0.9649 0.1606
vn -0.2204 0.9746 0.0406
vn -0.2467 0.9136 0.3232
vn -0.2920 0.9461 0.1403
vn -0.3100 0.9501 0.0356
vn 0.6393 0.7653 0.0755
vn 0.6651 0.7463 0.0268
vn 0.6744 0.7383 0.0065
vn 0.4996 0.8559 0.1340
vn 0.5414 0.8393 0.0492
vn 0.5564 0.8308 0.0118
vn 0.3927 0.8976 0.2001
vn 0.4456 0.8919 0.0769
vn 0.4647 0.8853 0.0185
vn 0.1281 0.5179 0.8458
vn 0.3091 0.7176 0.6240
vn 0.4767 0.8021 0.3598
vn 0.0392 0.5404 0.8405
vn 0.1497 0.7277 0.6693
vn 0.2914 0.8373 0.4625
vn 0.0047 0.5490 0.8358
vn 0.0738 0.7074 0.7030
vn 0.1804 0.8193 0.5443
vn 0.4488 0.6359 -0.6279
vn 0.5248 0.6349 -0.5670
vn 0.5920 0.6356 -0.4956
vn 0.3936 0.7457 -0.5375
vn 0.4583 0.7449 -0.4849
vn 0.5149 0.7454 -0.4234
vn 0.3448 0.8185 -0.4595
vn 0.3998 0.8178 -0.4140
vn 0.4474 0.8181 -0.3613
vn -0.7766 0.5070 -0.3741
vn -0.7880 0.4677 -0.4004
vn -0.7781 0.4527 -0.4355
vn -0.5810 0.7329 -0.3539
vn -0.6490 0.6538 -0.3889
vn -0.6828 0.5994 -0.4177
vn -0.3603 0.8717 -0.3322
vn -0.4922 0.7862 -0.3737
vn -0.5753 0.7161 -0.3952
vn 0.1273 0.9904 0.0540
vn 0.1335 0.9904 0.0367
vn 0.1376 0.9903 0.0185
vn 0.2480 0.9630 0.1055
vn 0.2599 0.9630 0.0714
vn 0.2679 0.9628 0.0357
vn 0.3506 0.9245 0.1494
vn 0.3675 0.9245 0.1009
vn 0.3787 0.9242 0.0501
vn -0.6383 0.5389 0.5497
vn -0.5597 0.6620 0.4985
vn -0.4828 0.7533 0.4466
vn -0.5620 0.5697 0.5997
vn -0.4854 0.6906 0.5361
vn -0.4134 0.7771 0.4746
vn -0.4757 0.5975 0.6455
vn -0.4041 0.7157 0.5696
vn -0.3392 0.7975 0.4989
vn -0.2940 0.6338 0.7155
vn -0.2393 0.7471 0.6201
vn -0.1921 0.8224 0.5354
vn -0.2024 0.6424 0.7392
vn -0.1598 0.7539 0.6373
vn -0.1237 0.8273 0.5480
vn -0.1065 0.6480 0.7541
vn -0.0790 0.7578 0.6477
vn -0.0561 0.8296 0.5555
vn 0.0956 0.6569 0.7479
vn 0.0875 0.7639 0.6393
vn 0.0802 0.8332 0.5471
vn 0.1920 0.6603 0.7260
vn 0.1680 0.7666 0.6197
vn 0.1473 0.8352 0.5299
vn 0.2841 0.6622 0.6934
vn 0.2460 0.7681 0.5911
vn 0.2136 0.8363 0.5049
vn 0.4539 0.6594 0.5993
vn 0.3917 0.7656 0.5102
vn 0.3388 0.8342 0.4351
vn 0.5269 0.6567 0.5395
vn 0.4539 0.7633 0.4597
vn 0.3916 0.8323 0.3923
vn 0.5915 0.6555 0.4695
vn 0.5084 0.7622 0.4008
vn 0.4375 0.8314 0.3425
vn 0.6968 0.6422 -0.3193
vn 0.7306 0.6463 -0.2205
vn 0.7508 0.6500 -0.1172
vn 0.6019 0.7510 -0.2715
vn 0.6293 0.7544 -0.1865
vn 0.6453 0.7576 -0.0982
vn 0.5198 0.8226 -0.2306
vn 0.5422 0.8253 -0.1577
vn 0.5550 0.8278 -0.0822
vn -0.6830 0.5792 0.4449
vn -0.5112 0.7631 0.3954
vn -0.3276 0.8765 0.3527
vn -0.7504 0.5049 0.4266
vn -0.6116 0.6813 0.4023
vn -0.4618 0.8026 0.3775
vn -0.7388 0.4944 0.4581
vn -0.6414 0.6363 0.4286
vn -0.5373 0.7441 0.3970
vn -0.6777 0.4981 -0.5409
vn -0.5999 0.5310 -0.5985
vn -0.5116 0.5608 -0.6509
vn -0.6001 0.6243 -0.5001
vn -0.5229 0.6558 -0.5446
vn -0.4383 0.6835 -0.5837
vn -0.5203 0.7225 -0.4552
vn -0.4472 0.7491 -0.4887
vn -0.3690 0.7721 -0.5174
vn -0.3261 0.5994 -0.7310
vn -0.2320 0.6087 -0.7587
vn -0.1331 0.6150 -0.7772
vn -0.2672 0.7180 -0.6427
vn -0.1843 0.7255 -0.6631
vn -0.0997 0.7300 -0.6761
vn -0.2146 0.7999 -0.5604
vn -0.1426 0.8053 -0.5754
vn -0.0712 0.8080 -0.5848
vn 0.0765 0.6264 -0.7757
vn 0.1767 0.6315 -0.7550
vn 0.2724 0.6351 -0.7228
vn 0.0751 0.7381 -0.6705
vn 0.1596 0.7421 -0.6510
vn 0.2414 0.7451 -0.6217
vn 0.0730 0.8128 -0.5779
vn 0.1439 0.8158 -0.5602
vn 0.2138 0.8181 -0.5338
vn 0.1391 0.8322 -0.5367
vn 0.2391 0.8685 -0.4342
vn 0.4218 0.8484 -0.3200
vn 0.0894 0.7157 -0.6927
vn 0.1754 0.7581 -0.6280
vn 0.3437 0.7573 -0.5553
vn 0.0474 0.4962 -0.8669
vn 0.1082 0.5259 -0.8436
vn 0.2269 0.5369 -0.8126
vn -0.0105 0.9467 -0.3220
vn -0.0139 0.9723 -0.2335
vn -0.0094 0.9923 -0.1238
vn 0.0508 0.9456 -0.3213
vn 0.0307 0.9740 -0.2244
vn 0.0143 0.9930 -0.1175
vn 0.1312 0.9472 -0.2926
vn 0.0862 0.9761 -0.1993
vn 0.0434 0.9937 -0.1037
vn 0.1218 0.8130 0.5694
vn 0.0333 0.7639 0.6445
vn 0.0828 0.7466 0.6601
vn 0.1458 0.6880 0.7109
vn 0.2062 0.7422 0.6376
vn 0.3045 0.7552 0.5806
vn 0.2419 0.8039 0.5434
vn 0.2020 0.8332 0.5147
vn 0.0931 0.8597 0.5022
vn 0.0259 0.8897 0.4558
vn 0.0416 0.8457 0.5320
vn 0.0876 0.9942 0.0620
vn 0.1751 0.9766 0.1245
vn 0.2776 0.9406 0.1953
vn 0.1098 0.9935 0.0296
vn 0.2145 0.9748 0.0619
vn 0.3250 0.9404 0.0997
vn 0.1184 0.9929 0.0092
vn 0.2283 0.9733 0.0212
vn 0.3334 0.9421 0.0367
vn 0.0697 -0.8143 -0.5763
vn 0.0468 -0.7888 -0.6129
vn 0.0237 -0.7731 -0.6339
vn 0.0410 -0.7187 -0.6941
vn 0.0274 -0.6945 -0.7189
vn 0.0139 -0.6799 -0.7331
vn 0.0189 -0.5316 -0.8468
vn 0.0127 -0.5151 -0.8571
vn 0.0064 -0.5052 -0.8630
vn 0.0217 0.6901 -0.7234
vn 0.0430 0.7089 -0.7040
vn 0.0649 0.7402 -0.6693
vn 0.0123 0.5884 -0.8085
vn 0.0245 0.6042 -0.7965
vn 0.0369 0.6307 -0.7751
vn 0.0055 0.4183 -0.9083
vn 0.0108 0.4276 -0.9039
vn 0.0162 0.4434 -0.8962
vn -0.6491 0.7136 -0.2637
vn -0.6790 0.7114 -0.1812
vn -0.6976 0.7105 -0.0922
vn -0.5419 0.8109 -0.2210
vn -0.5676 0.8092 -0.1519
vn -0.5835 0.8084 -0.0773
vn -0.4565 0.8698 -0.1870
vn -0.4787 0.8685 -0.1285
vn -0.4923 0.8680 -0.0653
vn 0.0615 0.9909 0.1194
vn 0.0975 0.9876 0.1229
vn 0.1265 0.9837 0.1276
vn 0.1211 0.9656 0.2299
vn 0.1853 0.9544 0.2341
vn 0.2294 0.9434 0.2394
vn 0.1697 0.9313 0.3223
vn 0.2508 0.9118 0.3251
vn 0.3013 0.8948 0.3293
vn -0.0810 0.9919 0.0978
vn -0.0937 0.9917 0.0881
vn -0.1050 0.9914 0.0777
vn -0.1478 0.9729 0.1780
vn -0.1717 0.9720 0.1603
vn -0.1925 0.9711 0.1412
vn -0.2035 0.9481 0.2443
vn -0.2368 0.9464 0.2195
vn -0.2656 0.9445 0.1931
vn -0.0206 0.9914 0.1293
vn -0.0347 0.9917 0.1237
vn -0.0501 0.9919 0.1164
vn -0.0355 0.9710 0.2365
vn -0.0614 0.9722 0.2258
vn -0.0900 0.9731 0.2123
vn -0.0450 0.9444 0.3256
vn -0.0813 0.9469 0.3111
vn -0.1215 0.9486 0.2924
vn 0.0391 0.9890 0.1427
vn 0.0210 0.9899 0.1402
vn 0.0057 0.9905 0.1371
vn 0.0733 0.9621 0.2628
vn 0.0406 0.9653 0.2579
vn 0.0126 0.9677 0.2518
vn 0.1052 0.9265 0.3614
vn 0.0607 0.9329 0.3549
vn 0.0220 0.9378 0.3466
vn 0.1212 0.9829 0.1384
vn 0.1030 0.9845 0.1420
vn 0.0822 0.9862 0.1439
vn 0.2151 0.9425 0.2558
vn 0.1846 0.9472 0.2621
vn 0.1490 0.9525 0.2656
vn 0.2841 0.8928 0.3497
vn 0.2477 0.9000 0.3586
vn 0.2035 0.9089 0.3639
vn 0.0610 0.9910 -0.1191
vn 0.1207 0.9658 -0.2296
vn 0.1695 0.9314 -0.3222
vn 0.0965 0.9878 -0.1222
vn 0.1844 0.9547 -0.2335
vn 0.2505 0.9120 -0.3249
vn 0.1249 0.9841 -0.1265
vn 0.2280 0.9440 -0.2384
vn 0.3008 0.8951 -0.3290
vn -0.1326 0.9910 0.0176
vn -0.2436 0.9694 0.0321
vn -0.3358 0.9409 0.0442
vn -0.1291 0.9910 0.0346
vn -0.2370 0.9694 0.0632
vn -0.3266 0.9412 0.0868
vn -0.1232 0.9911 0.0507
vn -0.2261 0.9697 0.0924
vn -0.3115 0.9418 0.1267
vn -0.0801 0.9921 -0.0968
vn -0.1470 0.9731 -0.1772
vn -0.2030 0.9483 -0.2441
vn -0.0926 0.9919 -0.0874
vn -0.1704 0.9723 -0.1599
vn -0.2359 0.9466 -0.2197
vn -0.1037 0.9916 -0.0774
vn -0.1910 0.9714 -0.1414
vn -0.2643 0.9447 -0.1940
vn -0.0204 0.9916 -0.1274
vn -0.0353 0.9714 -0.2349
vn -0.0449 0.9447 -0.3250
vn -0.0343 0.9919 -0.1219
vn -0.0611 0.9726 -0.2244
vn -0.0811 0.9471 -0.3105
vn -0.0496 0.9921 -0.1149
vn -0.0895 0.9734 -0.2110
vn -0.1213 0.9487 -0.2919
vn 0.0384 0.9893 -0.1406
vn 0.0728 0.9626 -0.2610
vn 0.1050 0.9268 -0.3607
vn 0.0206 0.9902 -0.1381
vn 0.0403 0.9658 -0.2561
vn 0.0606 0.9332 -0.3542
vn 0.0055 0.9908 -0.1351
vn 0.0125 0.9681 -0.2501
vn 0.0219 0.9380 -0.3459
vn 0.1194 0.9834 -0.1367
vn 0.2136 0.9432 -0.2543
vn 0.2835 0.8931 -0.3491
vn 0.1013 0.9850 -0.1400
vn 0.1833 0.9479 -0.2605
vn 0.2472 0.9004 -0.3580
vn 0.0808 0.9866 -0.1419
vn 0.1479 0.9532 -0.2638
vn 0.2031 0.9093 -0.3632
vn -0.0486 0.9054 0.4219
vn 0.0321 0.9040 0.4264
vn 0.0069 0.8924 0.4512
vn -0.0885 0.8951 0.4370
vn -0.1333 0.9155 0.3796
vn -0.1404 0.9289 0.3426
vn -0.0465 0.9175 0.3951
vn -0.0684 0.9964 -0.0497
vn -0.0907 0.9955 -0.0267
vn -0.1062 0.9943 -0.0099
vn -0.1348 0.9862 -0.0963
vn -0.1757 0.9831 -0.0506
vn -0.2020 0.9792 -0.0197
vn -0.1929 0.9717 -0.1366
vn -0.2483 0.9660 -0.0725
vn -0.2830 0.9586 -0.0312
vn 0.0107 0.9936 -0.1122
vn -0.0051 0.9944 -0.1058
vn -0.0223 0.9953 -0.0946
vn 0.0217 0.9765 -0.2142
vn -0.0083 0.9794 -0.2020
vn -0.0411 0.9823 -0.1825
vn 0.0310 0.9529 -0.3016
vn -0.0107 0.9585 -0.2848
vn -0.0566 0.9643 -0.2589
vn 0.0077 0.9938 0.1108
vn 0.0161 0.9771 0.2124
vn 0.0232 0.9538 0.2994
vn -0.0135 0.9948 0.1014
vn -0.0243 0.9805 0.1951
vn -0.0335 0.9606 0.2758
vn -0.0372 0.9957 0.0852
vn -0.0707 0.9836 0.1661
vn -0.0993 0.9666 0.2363
vn -0.0785 0.9956 0.0507
vn -0.1603 0.9834 0.0851
vn -0.2312 0.9662 0.1143
vn -0.0791 0.9948 0.0636
vn -0.1697 0.9820 0.0825
vn -0.2480 0.9637 0.0986
vn -0.0715 0.9910 0.1129
vn -0.1634 0.9786 0.1254
vn -0.2434 0.9605 0.1353
vn 0.5532 0.8269 -0.1009
vn 0.4489 0.8705 -0.2017
vn 0.4810 0.8720 -0.0903
vn 0.4702 0.8825 -0.0087
vn 0.5396 0.8416 -0.0205
vn 0.6506 0.7593 -0.0116
vn 0.6717 0.7391 -0.0512
vn 0.7204 0.6866 -0.0979
vn 0.6152 0.7709 -0.1653
vn 0.5219 0.8110 -0.2642
vn 0.4770 0.8510 -0.2196
vn 0.3363 0.9293 -0.1526
vn 0.4412 0.8905 -0.1114
vn 0.5875 0.8060 -0.0726
vn 0.2574 0.9394 -0.2266
vn 0.3696 0.9118 -0.1789
vn 0.5282 0.8390 -0.1306
vn 0.1727 0.9250 -0.3385
vn 0.2902 0.9133 -0.2858
vn 0.4477 0.8669 -0.2193
vn 0.0241 0.9629 -0.2688
vn 0.1089 0.9618 -0.2512
vn 0.1871 0.9562 -0.2250
vn -0.0228 0.9350 -0.3538
vn 0.0501 0.9407 -0.3356
vn 0.1183 0.9441 -0.3076
vn -0.0754 0.8854 -0.4586
vn -0.0125 0.8967 -0.4425
vn 0.0458 0.9078 -0.4169
vn -0.3166 0.9208 -0.2279
vn -0.2341 0.9379 -0.2559
vn -0.1496 0.9505 -0.2722
vn -0.3314 0.8909 -0.3105
vn -0.2492 0.9065 -0.3407
vn -0.1716 0.9180 -0.3576
vn -0.3732 0.8308 -0.4129
vn -0.2844 0.8494 -0.4445
vn -0.2077 0.8627 -0.4611
vn -0.6806 0.7301 -0.0619
vn -0.5630 0.8198 -0.1045
vn -0.4746 0.8676 -0.1486
vn -0.7121 0.6917 -0.1200
vn -0.5953 0.7855 -0.1691
vn -0.5025 0.8361 -0.2198
vn -0.7671 0.6107 -0.1967
vn -0.6685 0.6988 -0.2544
vn -0.5720 0.7589 -0.3112
vn -0.6765 0.7365 -0.0023
vn -0.5598 0.8286 -0.0053
vn -0.4692 0.8830 -0.0088
vn -0.6756 0.7372 -0.0073
vn -0.5590 0.8290 -0.0164
vn -0.4689 0.8828 -0.0264
vn -0.6739 0.7387 -0.0155
vn -0.5573 0.8296 -0.0344
vn -0.4680 0.8820 -0.0545
vn -0.3148 0.9490 -0.0155
vn -0.2239 0.9744 -0.0182
vn -0.1183 0.9928 -0.0199
vn -0.3145 0.9482 -0.0454
vn -0.2242 0.9731 -0.0529
vn -0.1204 0.9910 -0.0578
vn -0.3136 0.9451 -0.0918
vn -0.2250 0.9686 -0.1061
vn -0.1253 0.9854 -0.1151
vn 0.1156 0.9931 -0.0197
vn 0.2214 0.9750 -0.0179
vn 0.3124 0.9498 -0.0154
vn 0.1087 0.9924 -0.0569
vn 0.2131 0.9756 -0.0519
vn 0.3036 0.9517 -0.0449
vn 0.0926 0.9892 -0.1134
vn 0.1937 0.9755 -0.1039
vn 0.2826 0.9550 -0.0905
vn 0.4670 0.8842 -0.0093
vn 0.5581 0.8297 -0.0062
vn 0.6753 0.7375 -0.0035
vn 0.4587 0.8882 -0.0276
vn 0.5508 0.8344 -0.0186
vn 0.6700 0.7423 -0.0107
vn 0.4379 0.8973 -0.0565
vn 0.5325 0.8456 -0.0385
vn 0.6565 0.7540 -0.0222
vn 0.1441 -0.8831 -0.4465
vn 0.0961 -0.7910 -0.6043
vn 0.0544 -0.5850 -0.8092
vn 0.2428 -0.9030 -0.3544
vn 0.1852 -0.8216 -0.5392
vn 0.1229 -0.6124 -0.7809
vn 0.4225 -0.8690 -0.2575
vn 0.3574 -0.8068 -0.4705
vn 0.2550 -0.6176 -0.7441
vn 0.4607 -0.8875 -0.0032
vn 0.4554 -0.8902 -0.0102
vn 0.4423 -0.8966 -0.0245
vn 0.5513 -0.8343 -0.0022
vn 0.5464 -0.8375 -0.0070
vn 0.5343 -0.8451 -0.0168
vn 0.6688 -0.7434 -0.0013
vn 0.6651 -0.7468 -0.0041
vn 0.6559 -0.7547 -0.0098
vn 0.3081 -0.9513 -0.0050
vn 0.2187 -0.9758 -0.0056
vn 0.1149 -0.9934 -0.0061
vn 0.3037 -0.9526 -0.0161
vn 0.2154 -0.9764 -0.0182
vn 0.1131 -0.9934 -0.0196
vn 0.2930 -0.9553 -0.0386
vn 0.2074 -0.9773 -0.0437
vn 0.1088 -0.9930 -0.0471
vn -0.3082 -0.9513 -0.0048
vn -0.3039 -0.9526 -0.0158
vn -0.2931 -0.9553 -0.0384
vn -0.2189 -0.9757 -0.0055
vn -0.2156 -0.9763 -0.0181
vn -0.2075 -0.9773 -0.0436
vn -0.1151 -0.9933 -0.0060
vn -0.1133 -0.9934 -0.0195
vn -0.1089 -0.9929 -0.0471
vn -0.4608 -0.8875 -0.0030
vn -0.5514 -0.8342 -0.0021
vn -0.6688 -0.7434 -0.0012
vn -0.4555 -0.8902 -0.0100
vn -0.5465 -0.8374 -0.0068
vn -0.6651 -0.7467 -0.0039
vn -0.4423 -0.8965 -0.0244
vn -0.5344 -0.8451 -0.0167
vn -0.6560 -0.7547 -0.0097
vn 0.0481 -0.7705 0.6357
vn 0.0694 -0.8270 0.5578
vn 0.0949 -0.8952 0.4354
vn 0.0930 -0.7879 0.6088
vn 0.1281 -0.8405 0.5264
vn 0.1667 -0.9003 0.4021
vn 0.1369 -0.8135 0.5652
vn 0.1829 -0.8569 0.4820
vn 0.2301 -0.9034 0.3618
vn 0.2488 -0.8743 0.4168
vn 0.3066 -0.8844 0.3519
vn 0.3588 -0.8955 0.2633
vn 0.3559 -0.8817 0.3097
vn 0.4119 -0.8723 0.2636
vn 0.4599 -0.8649 0.2011
vn 0.5233 -0.8300 0.1930
vn 0.5678 -0.8061 0.1666
vn 0.6044 -0.7858 0.1312
vn -0.5148 -0.8140 0.2691
vn -0.4917 -0.8655 0.0953
vn -0.4403 -0.8967 0.0447
vn -0.6148 -0.7710 0.1663
vn -0.5177 -0.8495 0.1012
vn -0.4407 -0.8941 0.0800
vn -0.6433 -0.7572 0.1131
vn -0.5206 -0.8444 0.1262
vn -0.4269 -0.8925 0.1459
vn -0.1336 -0.8028 0.5811
vn -0.1722 -0.8332 0.5255
vn -0.2099 -0.8764 0.4335
vn -0.0892 -0.7789 0.6208
vn -0.1151 -0.8206 0.5598
vn -0.1402 -0.8777 0.4582
vn -0.0444 -0.7653 0.6421
vn -0.0555 -0.8156 0.5759
vn -0.0648 -0.8824 0.4661
vn 0.1225 0.9923 -0.0170
vn 0.2276 0.9737 -0.0132
vn 0.3195 0.9476 -0.0078
vn 0.1269 0.9901 -0.0606
vn 0.2259 0.9728 -0.0517
vn 0.3106 0.9496 -0.0424
vn 0.1271 0.9813 -0.1444
vn 0.2186 0.9675 -0.1268
vn 0.2958 0.9489 -0.1095
vn 0.4787 0.8779 0.0073
vn 0.5658 0.8245 0.0129
vn 0.6766 0.7362 0.0132
vn 0.4589 0.8882 -0.0233
vn 0.5491 0.8356 -0.0145
vn 0.6673 0.7448 -0.0081
vn 0.4337 0.8977 -0.0779
vn 0.5264 0.8480 -0.0614
vn 0.6520 0.7570 -0.0432
vn -0.4417 0.8961 -0.0429
vn -0.4411 0.8941 -0.0779
vn -0.4264 0.8929 -0.1445
vn -0.4987 0.8625 -0.0860
vn -0.5210 0.8484 -0.0938
vn -0.5210 0.8445 -0.1238
vn -0.5437 0.8078 -0.2278
vn -0.6260 0.7670 -0.1410
vn -0.6456 0.7563 -0.1056
vn -0.3013 0.9531 -0.0286
vn -0.2124 0.9769 -0.0253
vn -0.1089 0.9938 -0.0225
vn -0.2903 0.9536 -0.0795
vn -0.2008 0.9765 -0.0781
vn -0.0978 0.9924 -0.0745
vn -0.2709 0.9471 -0.1722
vn -0.1839 0.9673 -0.1748
vn -0.0851 0.9817 -0.1706
vn -0.0648 -0.7402 -0.6693
vn -0.0369 -0.6307 -0.7751
vn -0.0162 -0.4434 -0.8962
vn -0.0430 -0.7089 -0.7040
vn -0.0245 -0.6042 -0.7965
vn -0.0108 -0.4276 -0.9039
vn -0.0217 -0.6901 -0.7234
vn -0.0123 -0.5884 -0.8085
vn -0.0055 -0.4183 -0.9083
vn 0.3751 -0.7854 -0.4924
vn 0.3390 -0.7935 -0.5054
vn 0.2899 -0.8064 -0.5154
vn 0.4182 -0.7104 -0.5660
vn 0.3845 -0.7175 -0.5808
vn 0.3354 -0.7313 -0.5939
vn 0.4670 -0.6005 -0.6491
vn 0.4356 -0.6061 -0.6655
vn 0.3868 -0.6198 -0.6828
vn 0.1675 -0.8374 -0.5202
vn 0.1048 -0.8507 -0.5150
vn 0.0472 -0.8610 -0.5063
vn 0.2042 -0.7682 -0.6067
vn 0.1320 -0.7853 -0.6048
vn 0.0637 -0.7989 -0.5980
vn 0.2471 -0.6608 -0.7087
vn 0.1644 -0.6814 -0.7132
vn 0.0833 -0.6983 -0.7109
vn -0.0548 -0.8753 -0.4805
vn -0.1106 -0.8805 -0.4609
vn -0.1731 -0.8841 -0.4341
vn -0.0596 -0.8179 -0.5723
vn -0.1274 -0.8249 -0.5508
vn -0.2038 -0.8297 -0.5197
vn -0.0663 -0.7223 -0.6884
vn -0.1495 -0.7312 -0.6656
vn -0.2438 -0.7373 -0.6300
vn -0.3007 -0.8830 -0.3603
vn -0.3504 -0.8795 -0.3221
vn -0.3917 -0.8756 -0.2828
vn -0.3594 -0.8282 -0.4300
vn -0.4187 -0.8235 -0.3829
vn -0.4670 -0.8183 -0.3350
vn -0.4348 -0.7355 -0.5196
vn -0.5057 -0.7295 -0.4606
vn -0.5624 -0.7229 -0.4013
vn -0.4924 -0.8680 0.0646
vn -0.4792 -0.8685 0.1266
vn -0.4577 -0.8698 0.1844
vn -0.5836 -0.8084 0.0764
vn -0.5682 -0.8091 0.1497
vn -0.5432 -0.8108 0.2180
vn -0.6977 -0.7105 0.0913
vn -0.6797 -0.7114 0.1788
vn -0.6505 -0.7135 0.2603
vn 0.2314 -0.8561 -0.4622
vn 0.3258 -0.8233 -0.4648
vn 0.3818 -0.7966 -0.4687
vn 0.2284 -0.8173 -0.5290
vn 0.3396 -0.7702 -0.5399
vn 0.4106 -0.7316 -0.5442
vn 0.1838 -0.7586 -0.6251
vn 0.3532 -0.6801 -0.6425
vn 0.4450 -0.6302 -0.6363
vn -0.0704 -0.8061 0.5875
vn -0.0472 -0.7799 0.6241
vn -0.0239 -0.7638 0.6450
vn -0.0412 -0.7086 0.7044
vn -0.0276 -0.6840 0.7289
vn -0.0139 -0.6693 0.7429
vn -0.0189 -0.5208 0.8535
vn -0.0127 -0.5043 0.8635
vn -0.0064 -0.4944 0.8692
vn -0.2717 0.9463 0.1750
vn -0.1847 0.9665 0.1783
vn -0.0858 0.9809 0.1745
vn -0.2908 0.9533 0.0811
vn -0.2013 0.9763 0.0800
vn -0.0983 0.9922 0.0764
vn -0.3016 0.9530 0.0291
vn -0.2126 0.9768 0.0258
vn -0.1091 0.9938 0.0230
vn 0.3751 -0.7854 0.4924
vn 0.4182 -0.7104 0.5660
vn 0.4670 -0.6005 0.6491
vn 0.3390 -0.7935 0.5054
vn 0.3845 -0.7175 0.5808
vn 0.4356 -0.6061 0.6655
vn 0.2899 -0.8064 0.5154
vn 0.3354 -0.7313 0.5939
vn 0.3868 -0.6198 0.6828
vn 0.1675 -0.8374 0.5202
vn 0.2042 -0.7682 0.6067
vn 0.2471 -0.6608 0.7087
vn 0.1048 -0.8507 0.5150
vn 0.1320 -0.7853 0.6048
vn 0.1644 -0.6814 0.7132
vn 0.0472 -0.8610 0.5063
vn 0.0637 -0.7989 0.5980
vn 0.0833 -0.6983 0.7109
vn -0.0548 -0.8753 0.4805
vn -0.0596 -0.8179 0.5723
vn -0.0663 -0.7223 0.6884
vn -0.1106 -0.8805 0.4609
vn -0.1274 -0.8249 0.5508
vn -0.1495 -0.7312 0.6656
vn -0.1731 -0.8841 0.4341
vn -0.2038 -0.8297 0.5197
vn -0.2438 -0.7373 0.6300
vn -0.3010 -0.8830 0.3601
vn -0.3597 -0.8282 0.4297
vn -0.4351 -0.7355 0.5193
vn -0.3511 -0.8794 0.3214
vn -0.4195 -0.8234 0.3821
vn -0.5066 -0.7294 0.4597
vn -0.3929 -0.8755 0.2813
vn -0.4684 -0.8183 0.3333
vn -0.5639 -0.7228 0.3994
vn 0.2269 -0.8588 0.4594
vn 0.2070 -0.8284 0.5205
vn 0.1106 -0.7878 0.6059
vn 0.3227 -0.8250 0.4639
vn 0.3265 -0.7773 0.5378
vn 0.3177 -0.6973 0.6425
vn 0.3807 -0.7972 0.4685
vn 0.4065 -0.7340 0.5441
vn 0.4353 -0.6354 0.6378
vn -0.3825 -0.9156 -0.1241
vn -0.2843 -0.9377 -0.1996
vn -0.3244 -0.9228 -0.2079
vn -0.3808 -0.9028 -0.2002
vn -0.4204 -0.9019 -0.0993
vn -0.3997 -0.9145 -0.0619
vn -0.3560 -0.9278 -0.1112
vn -0.4282 -0.8643 0.2637
vn -0.2464 -0.8986 0.3631
vn -0.1460 -0.8775 0.4568
vn -0.3611 -0.7998 0.4795
vn -0.1872 -0.8142 0.5496
vn -0.0970 -0.7825 0.6150
vn -0.2558 -0.6074 0.7521
vn -0.1233 -0.6021 0.7889
vn -0.0545 -0.5743 0.8168
vn -0.3103 -0.9419 -0.1286
vn -0.2247 -0.9699 -0.0937
vn -0.1221 -0.9912 -0.0512
vn -0.3260 -0.9412 -0.0882
vn -0.2362 -0.9696 -0.0642
vn -0.1284 -0.9911 -0.0350
vn -0.3356 -0.9409 -0.0447
vn -0.2432 -0.9694 -0.0325
vn -0.1322 -0.9911 -0.0177
vn 0.1120 -0.9932 -0.0323
vn 0.2073 -0.9753 -0.0759
vn 0.2991 -0.9465 -0.1212
vn 0.1315 -0.9912 0.0168
vn 0.2335 -0.9723 -0.0087
vn 0.3272 -0.9443 -0.0355
vn 0.1381 -0.9872 0.0795
vn 0.2366 -0.9698 0.0593
vn 0.3244 -0.9452 0.0375
vn 0.0609 -0.9159 -0.3968
vn 0.0457 -0.9593 -0.2787
vn 0.0242 -0.9896 -0.1417
vn 0.1071 -0.9172 -0.3837
vn 0.0772 -0.9601 -0.2687
vn 0.0398 -0.9899 -0.1360
vn 0.1542 -0.9185 -0.3642
vn 0.1099 -0.9608 -0.2544
vn 0.0562 -0.9901 -0.1283
vn -0.1251 -0.9116 -0.3917
vn -0.0819 -0.9567 -0.2794
vn -0.0394 -0.9886 -0.1450
vn -0.0757 -0.9138 -0.3990
vn -0.0470 -0.9579 -0.2831
vn -0.0216 -0.9890 -0.1460
vn -0.0293 -0.9145 -0.4035
vn -0.0150 -0.9584 -0.2850
vn -0.0056 -0.9892 -0.1462
vn -0.3519 -0.8716 -0.3413
vn -0.2471 -0.9355 -0.2524
vn -0.1260 -0.9827 -0.1357
vn -0.2963 -0.8855 -0.3580
vn -0.2063 -0.9428 -0.2619
vn -0.1044 -0.9847 -0.1394
vn -0.2379 -0.8974 -0.3716
vn -0.1637 -0.9491 -0.2692
vn -0.0819 -0.9865 -0.1419
vn -0.1651 -0.9361 0.3107
vn -0.2763 -0.9098 0.3098
vn -0.3587 -0.8813 0.3075
vn -0.1235 -0.9640 0.2354
vn -0.2019 -0.9515 0.2323
vn -0.2592 -0.9381 0.2296
vn -0.0700 -0.9893 0.1282
vn -0.1119 -0.9856 0.1271
vn -0.1392 -0.9822 0.1257
vn 0.3601 -0.9199 -0.1549
vn 0.2548 -0.9609 -0.1081
vn 0.1306 -0.9899 -0.0547
vn 0.3746 -0.9212 -0.1051
vn 0.2650 -0.9615 -0.0732
vn 0.1360 -0.9900 -0.0370
vn 0.3825 -0.9224 -0.0538
vn 0.2706 -0.9620 -0.0372
vn 0.1389 -0.9901 -0.0187
vn 0.2356 -0.9260 0.2950
vn 0.2712 -0.9249 0.2664
vn 0.3020 -0.9243 0.2333
vn 0.1666 -0.9642 0.2065
vn 0.1918 -0.9635 0.1867
vn 0.2135 -0.9631 0.1639
vn 0.0852 -0.9908 0.1049
vn 0.0983 -0.9906 0.0950
vn 0.1095 -0.9905 0.0836
vn 0.0615 -0.9256 0.3735
vn 0.1050 -0.9265 0.3613
vn 0.1496 -0.9272 0.3435
vn 0.0451 -0.9637 0.2632
vn 0.0749 -0.9643 0.2540
vn 0.1060 -0.9648 0.2409
vn 0.0236 -0.9906 0.1349
vn 0.0385 -0.9908 0.1296
vn 0.0541 -0.9910 0.1225
vn -0.1135 -0.9217 0.3708
vn -0.0669 -0.9238 0.3770
vn -0.0232 -0.9245 0.3805
vn -0.0753 -0.9613 0.2650
vn -0.0423 -0.9625 0.2681
vn -0.0121 -0.9629 0.2695
vn -0.0368 -0.9897 0.1383
vn -0.0199 -0.9901 0.1392
vn -0.0047 -0.9902 0.1393
vn 0.6184 -0.7687 0.1634
vn 0.5009 -0.8059 0.3156
vn 0.5464 -0.8194 0.1736
vn 0.5264 -0.8471 0.0727
vn 0.5977 -0.7985 0.0723
vn 0.6883 -0.7235 0.0520
vn 0.7101 -0.6970 0.0997
vn 0.7552 -0.6364 0.1572
vn 0.6715 -0.7013 0.2393
vn 0.5788 -0.7352 0.3529
vn 0.5437 -0.7765 0.3184
vn -0.0167 -0.9456 0.3249
vn -0.0189 -0.9719 0.2346
vn -0.0121 -0.9922 0.1237
vn 0.0298 -0.9421 0.3341
vn 0.0139 -0.9728 0.2314
vn 0.0051 -0.9928 0.1199
vn 0.0923 -0.9400 0.3284
vn 0.0535 -0.9742 0.2193
vn 0.0247 -0.9934 0.1119
vn -0.0103 -0.8952 -0.4456
vn 0.0448 -0.9001 -0.4334
vn 0.0338 -0.8805 -0.4728
vn -0.0267 -0.8729 -0.4872
vn -0.0690 -0.9027 -0.4248
vn -0.0771 -0.9224 -0.3784
vn -0.0121 -0.9116 -0.4110
vn -0.4040 -0.9053 0.1310
vn -0.3401 -0.9267 0.1597
vn -0.3694 -0.9211 0.1231
vn -0.3720 -0.9166 0.1466
vn -0.4183 -0.8958 0.1501
vn -0.4192 -0.8878 0.1898
vn -0.3760 -0.9102 0.1735
vn -0.3272 -0.8861 0.3282
vn -0.2749 -0.8986 0.3421
vn -0.2199 -0.9092 0.3536
vn -0.2314 -0.9423 0.2419
vn -0.1929 -0.9489 0.2499
vn -0.1526 -0.9545 0.2561
vn -0.1192 -0.9843 0.1303
vn -0.0987 -0.9861 0.1334
vn -0.0773 -0.9877 0.1356
vn 0.1181 -0.8276 -0.5488
vn 0.1272 -0.6919 -0.7107
vn 0.1882 -0.7669 -0.6136
vn 0.2804 -0.8052 -0.5224
vn 0.2334 -0.8476 -0.4765
vn 0.2140 -0.8685 -0.4472
vn 0.1032 -0.8733 -0.4762
vn 0.0318 -0.8945 -0.4459
vn 0.0458 -0.8485 -0.5272
vn 0.0388 -0.7616 -0.6468
vn 0.0741 -0.7469 -0.6608
vn -0.1391 -0.8322 -0.5367
vn -0.2391 -0.8685 -0.4342
vn -0.4218 -0.8484 -0.3200
vn -0.0894 -0.7157 -0.6927
vn -0.1754 -0.7581 -0.6280
vn -0.3437 -0.7573 -0.5553
vn -0.0474 -0.4962 -0.8669
vn -0.1082 -0.5259 -0.8436
vn -0.2269 -0.5369 -0.8126
vn -0.3802 0.9067 0.1828
vn -0.4148 0.9014 0.1242
vn -0.4375 0.8958 0.0780
vn -0.4555 0.8645 0.2126
vn -0.4968 0.8559 0.1432
vn -0.5238 0.8472 0.0888
vn -0.5618 0.7871 0.2548
vn -0.6098 0.7743 0.1691
vn -0.6397 0.7617 0.1030
vn -0.2031 0.9057 0.3720
vn -0.2436 0.9084 0.3398
vn -0.2871 0.9098 0.2997
vn -0.2390 0.8672 0.4368
vn -0.2892 0.8706 0.3980
vn -0.3424 0.8716 0.3507
vn -0.2922 0.7943 0.5326
vn -0.3566 0.7988 0.4845
vn -0.4236 0.7995 0.4258
vn 0.0821 0.8663 0.4928
vn 0.0417 0.8678 0.4951
vn 0.0068 0.8698 0.4934
vn 0.0906 0.8119 0.5767
vn 0.0449 0.8134 0.5800
vn 0.0080 0.8155 0.5786
vn 0.1019 0.7196 0.6869
vn 0.0493 0.7210 0.6912
vn 0.0096 0.7234 0.6904
vn 0.1748 0.8731 0.4552
vn 0.2143 0.8615 0.4603
vn 0.2272 0.8554 0.4655
vn 0.1859 0.8335 0.5203
vn 0.2376 0.8111 0.5345
vn 0.2581 0.7990 0.5432
vn 0.1771 0.7701 0.6128
vn 0.2687 0.7218 0.6378
vn 0.2994 0.7037 0.6443
vn 0.1993 0.8569 0.4753
vn 0.1781 0.8595 0.4790
vn 0.1534 0.8621 0.4830
vn 0.2304 0.8000 0.5540
vn 0.2059 0.8036 0.5585
vn 0.1762 0.8069 0.5638
vn 0.2712 0.7048 0.6556
vn 0.2424 0.7094 0.6618
vn 0.2061 0.7137 0.6694
vn -0.0458 0.8786 0.4754
vn -0.0796 0.8862 0.4565
vn -0.1195 0.8943 0.4313
vn -0.0459 0.8274 0.5598
vn -0.0851 0.8383 0.5385
vn -0.1339 0.8503 0.5089
vn -0.0466 0.7383 0.6729
vn -0.0935 0.7531 0.6512
vn -0.1552 0.7700 0.6189
vn -0.4579 0.8887 0.0244
vn -0.4612 0.8873 0.0100
vn -0.4622 0.8868 0.0026
vn -0.5475 0.8363 0.0276
vn -0.5514 0.8342 0.0114
vn -0.5526 0.8334 0.0030
vn -0.6645 0.7466 0.0316
vn -0.6684 0.7436 0.0131
vn -0.6697 0.7426 0.0035
vn -0.4228 0.8509 0.3118
vn -0.3463 0.7636 0.5449
vn -0.2309 0.5467 0.8049
vn -0.2403 0.8731 0.4241
vn -0.1772 0.7664 0.6175
vn -0.1102 0.5363 0.8368
vn -0.1402 0.8391 0.5256
vn -0.0905 0.7253 0.6824
vn -0.0483 0.5067 0.8607
vn -0.1441 0.8831 -0.4465
vn -0.0961 0.7910 -0.6043
vn -0.0544 0.5850 -0.8092
vn -0.2428 0.9030 -0.3544
vn -0.1852 0.8216 -0.5392
vn -0.1229 0.6124 -0.7809
vn -0.4225 0.8690 -0.2575
vn -0.3574 0.8068 -0.4705
vn -0.2550 0.6176 -0.7441
vn 0.0297 0.9528 0.3022
vn -0.0103 0.9580 0.2865
vn -0.0579 0.9639 0.2598
vn 0.0203 0.9764 0.2150
vn -0.0084 0.9791 0.2032
vn -0.0422 0.9822 0.1831
vn 0.0100 0.9936 0.1129
vn -0.0053 0.9943 0.1064
vn -0.0230 0.9952 0.0948
vn 0.3093 0.9509 -0.0110
vn 0.3095 0.9509 -0.0041
vn 0.3095 0.9509 -0.0009
vn 0.2192 0.9756 -0.0089
vn 0.2196 0.9756 -0.0033
vn 0.2197 0.9756 -0.0008
vn 0.1147 0.9934 -0.0052
vn 0.1152 0.9933 -0.0020
vn 0.1154 0.9933 -0.0005
vn 0.0389 0.9357 -0.3507
vn 0.0663 0.9371 -0.3426
vn 0.0967 0.9388 -0.3307
vn 0.0290 0.9678 -0.2501
vn 0.0486 0.9686 -0.2440
vn 0.0700 0.9694 -0.2352
vn 0.0158 0.9912 -0.1312
vn 0.0261 0.9915 -0.1277
vn 0.0372 0.9917 -0.1229
vn -0.1724 0.9212 -0.3487
vn -0.1475 0.9235 -0.3540
vn -0.1269 0.9253 -0.3574
vn -0.1212 0.9603 -0.2511
vn -0.1044 0.9614 -0.2547
vn -0.0898 0.9623 -0.2568
vn -0.0625 0.9892 -0.1329
vn -0.0542 0.9894 -0.1347
vn -0.0467 0.9896 -0.1357
vn -0.1314 0.9389 -0.3182
vn -0.1900 0.9265 -0.3249
vn -0.2162 0.9180 -0.3323
vn -0.0959 0.9666 -0.2377
vn -0.1344 0.9617 -0.2387
vn -0.1511 0.9586 -0.2413
vn -0.0523 0.9904 -0.1277
vn -0.0711 0.9892 -0.1279
vn -0.0781 0.9886 -0.1286
vn -0.0802 0.9290 -0.3612
vn -0.0478 0.9313 -0.3611
vn -0.0141 0.9332 -0.3591
vn -0.0555 0.9644 -0.2587
vn -0.0323 0.9656 -0.2582
vn -0.0085 0.9665 -0.2565
vn -0.0282 0.9903 -0.1361
vn -0.0159 0.9906 -0.1355
vn -0.0037 0.9909 -0.1346
vn 0.1612 0.9430 -0.2912
vn 0.1951 0.9460 -0.2587
vn 0.2293 0.9494 -0.2146
vn 0.1144 0.9716 -0.2072
vn 0.1370 0.9731 -0.1850
vn 0.1597 0.9749 -0.1550
vn 0.0598 0.9923 -0.1082
vn 0.0709 0.9928 -0.0968
vn 0.0820 0.9933 -0.0815
vn 0.2855 0.9522 -0.1082
vn 0.2996 0.9517 -0.0673
vn 0.3061 0.9512 -0.0394
vn 0.1990 0.9766 -0.0814
vn 0.2100 0.9763 -0.0518
vn 0.2158 0.9760 -0.0310
vn 0.1019 0.9938 -0.0441
vn 0.1083 0.9937 -0.0288
vn 0.1121 0.9935 -0.0176
vn 0.4341 0.8973 0.0799
vn 0.5268 0.8476 0.0627
vn 0.6524 0.7566 0.0438
vn 0.4588 0.8882 0.0244
vn 0.5490 0.8357 0.0155
vn 0.6672 0.7448 0.0091
vn 0.4777 0.8785 -0.0064
vn 0.5647 0.8252 -0.0116
vn 0.6759 0.7369 -0.0117
vn 0.0930 0.9407 -0.3263
vn 0.0297 0.9419 -0.3345
vn -0.0162 0.9450 -0.3267
vn 0.0547 0.9742 -0.2191
vn 0.0142 0.9725 -0.2324
vn -0.0178 0.9716 -0.2360
vn 0.0255 0.9934 -0.1123
vn 0.0053 0.9927 -0.1206
vn -0.0113 0.9922 -0.1243
vn 0.3322 0.9426 -0.0354
vn 0.3233 0.9414 -0.0961
vn 0.2768 0.9421 -0.1893
vn 0.2283 0.9734 -0.0206
vn 0.2148 0.9748 -0.0603
vn 0.1765 0.9767 -0.1218
vn 0.1185 0.9929 -0.0090
vn 0.1102 0.9935 -0.0289
vn 0.0888 0.9942 -0.0610
vn -0.3819 0.9161 0.1217
vn -0.3998 0.9146 0.0607
vn -0.3576 0.9274 0.1094
vn -0.2870 0.9374 0.1971
vn -0.3216 0.9244 0.2050
vn -0.3677 0.9082 0.1998
vn -0.4163 0.9039 0.0980
vn -0.3906 -0.8972 0.2060
vn -0.4980 -0.8560 0.1386
vn -0.6385 -0.7656 0.0783
vn -0.4433 -0.8924 0.0841
vn -0.5397 -0.8401 0.0548
vn -0.6642 -0.7469 0.0302
vn -0.4637 -0.8857 0.0218
vn -0.5556 -0.8313 0.0145
vn -0.6740 -0.7387 0.0081
vn 0.5101 -0.8321 0.2177
vn 0.5944 -0.7631 0.2538
vn 0.6936 -0.6566 0.2964
vn 0.5348 -0.8322 0.1464
vn 0.6233 -0.7632 0.1704
vn 0.7275 -0.6567 0.1986
vn 0.5509 -0.8315 0.0717
vn 0.6419 -0.7623 0.0828
vn 0.7490 -0.6556 0.0958
vn 0.0162 -0.5437 0.8391
vn 0.0205 -0.5338 0.8454
vn 0.0146 -0.5248 0.8511
vn 0.0533 -0.6610 0.7485
vn 0.0475 -0.6419 0.7654
vn 0.0295 -0.6285 0.7772
vn 0.1084 -0.7554 0.6462
vn 0.0844 -0.7317 0.6764
vn 0.0486 -0.7169 0.6955
vn 0.2484 -0.9150 0.3180
vn 0.1777 -0.9164 0.3588
vn 0.0951 -0.9182 0.3846
vn 0.2940 -0.9464 0.1336
vn 0.2095 -0.9653 0.1557
vn 0.1111 -0.9791 0.1704
vn 0.3111 -0.9498 0.0326
vn 0.2213 -0.9745 0.0384
vn 0.1167 -0.9923 0.0425
vn -0.0047 -0.5490 0.8358
vn -0.0392 -0.5404 0.8405
vn -0.1281 -0.5179 0.8458
vn -0.0738 -0.7074 0.7030
vn -0.1497 -0.7277 0.6693
vn -0.3091 -0.7176 0.6240
vn -0.1804 -0.8193 0.5443
vn -0.2914 -0.8373 0.4625
vn -0.4767 -0.8021 0.3598
vn -0.1730 -0.9339 -0.3128
vn -0.1286 -0.9628 -0.2377
vn -0.0723 -0.9889 -0.1295
vn -0.2928 -0.9031 -0.3139
vn -0.2124 -0.9482 -0.2363
vn -0.1168 -0.9847 -0.1294
vn -0.3832 -0.8687 -0.3140
vn -0.2751 -0.9321 -0.2357
vn -0.1464 -0.9807 -0.1292
vn 0.2440 -0.9185 -0.3111
vn 0.1730 -0.9608 -0.2167
vn 0.0883 -0.9901 -0.1091
vn 0.2810 -0.9180 -0.2800
vn 0.1991 -0.9604 -0.1951
vn 0.1018 -0.9899 -0.0984
vn 0.3126 -0.9180 -0.2442
vn 0.2213 -0.9602 -0.1703
vn 0.1133 -0.9898 -0.0860
vn -0.0697 0.8143 -0.5763
vn -0.0468 0.7888 -0.6129
vn -0.0237 0.7731 -0.6339
vn -0.0410 0.7187 -0.6941
vn -0.0274 0.6945 -0.7189
vn -0.0139 0.6799 -0.7331
vn -0.0189 0.5316 -0.8468
vn -0.0127 0.5151 -0.8571
vn -0.0064 0.5052 -0.8630
vn 0.6648 0.7348 -0.1346
vn 0.6759 0.7339 -0.0678
vn 0.6769 0.7354 -0.0314
vn 0.5397 0.8307 -0.1364
vn 0.5537 0.8294 -0.0746
vn 0.5570 0.8296 -0.0383
vn 0.4427 0.8867 -0.1333
vn 0.4581 0.8855 -0.0771
vn 0.4633 0.8852 -0.0421
vn 0.3467 0.7172 -0.6045
vn 0.4557 0.7299 -0.5094
vn 0.5569 0.7383 -0.3806
vn 0.2872 0.8125 -0.5073
vn 0.3667 0.8221 -0.4356
vn 0.4434 0.8300 -0.3384
vn 0.2405 0.8705 -0.4293
vn 0.3003 0.8774 -0.3743
vn 0.3592 0.8839 -0.2995
vn -0.1835 0.6683 -0.7209
vn -0.1231 0.6750 -0.7275
vn -0.0527 0.6816 -0.7299
vn -0.1516 0.7741 -0.6147
vn -0.0987 0.7796 -0.6184
vn -0.0389 0.7850 -0.6183
vn -0.1251 0.8416 -0.5254
vn -0.0790 0.8460 -0.5273
vn -0.0284 0.8500 -0.5260
vn -0.5719 0.6295 -0.5259
vn -0.5562 0.6117 -0.5626
vn -0.5091 0.6132 -0.6040
vn -0.4154 0.7938 -0.4443
vn -0.4368 0.7540 -0.4907
vn -0.4218 0.7362 -0.5292
vn -0.2638 0.8877 -0.3774
vn -0.3253 0.8425 -0.4294
vn -0.3419 0.8179 -0.4627
vn -0.3617 0.6442 -0.6739
vn -0.3060 0.6533 -0.6925
vn -0.2637 0.6591 -0.7043
vn -0.3065 0.7538 -0.5813
vn -0.2594 0.7611 -0.5945
vn -0.2232 0.7659 -0.6030
vn -0.2590 0.8257 -0.5011
vn -0.2197 0.8312 -0.5108
vn -0.1889 0.8349 -0.5170
vn 0.0569 0.6892 -0.7224
vn 0.1115 0.6934 -0.7119
vn 0.1762 0.6988 -0.6933
vn 0.0540 0.7913 -0.6090
vn 0.1008 0.7949 -0.5983
vn 0.1550 0.7992 -0.5807
vn 0.0504 0.8550 -0.5161
vn 0.0904 0.8578 -0.5059
vn 0.1359 0.8611 -0.4898
vn 0.6722 0.7403 -0.0064
vn 0.6708 0.7417 -0.0022
vn 0.6701 0.7423 -0.0005
vn 0.5546 0.8321 -0.0091
vn 0.5535 0.8328 -0.0032
vn 0.5530 0.8332 -0.0007
vn 0.4634 0.8861 -0.0108
vn 0.4629 0.8864 -0.0039
vn 0.4625 0.8866 -0.0009
vn 0.1460 -0.8775 0.4568
vn 0.2464 -0.8986 0.3631
vn 0.4282 -0.8643 0.2637
vn 0.0970 -0.7825 0.6150
vn 0.1872 -0.8142 0.5496
vn 0.3611 -0.7998 0.4795
vn 0.0545 -0.5743 0.8168
vn 0.1233 -0.6021 0.7889
vn 0.2558 -0.6074 0.7521
vn -0.1158 0.9933 0.0060
vn -0.1158 0.9933 0.0024
vn -0.1157 0.9933 0.0006
vn -0.2192 0.9756 0.0120
vn -0.2199 0.9755 0.0047
vn -0.2199 0.9755 0.0012
vn -0.3077 0.9513 0.0172
vn -0.3092 0.9510 0.0069
vn -0.3095 0.9509 0.0017
vn -0.0163 0.9910 0.1329
vn -0.0266 0.9912 0.1295
vn -0.0378 0.9915 0.1247
vn -0.0302 0.9687 0.2463
vn -0.0490 0.9698 0.2390
vn -0.0695 0.9709 0.2291
vn -0.0398 0.9408 0.3366
vn -0.0650 0.9434 0.3253
vn -0.0928 0.9461 0.3102
vn 0.0606 0.9891 0.1340
vn 0.0533 0.9893 0.1355
vn 0.0462 0.9896 0.1365
vn 0.1095 0.9624 0.2485
vn 0.0970 0.9631 0.2512
vn 0.0842 0.9638 0.2532
vn 0.1464 0.9292 0.3392
vn 0.1304 0.9304 0.3426
vn 0.1131 0.9317 0.3453
vn 0.0460 0.9917 0.1202
vn 0.0625 0.9904 0.1235
vn 0.0705 0.9893 0.1275
vn 0.0882 0.9695 0.2289
vn 0.1160 0.9655 0.2333
vn 0.1275 0.9627 0.2387
vn 0.1228 0.9397 0.3191
vn 0.1569 0.9332 0.3231
vn 0.1695 0.9292 0.3283
vn 0.0275 0.9900 0.1383
vn 0.0152 0.9903 0.1382
vn 0.0031 0.9906 0.1370
vn 0.0491 0.9654 0.2562
vn 0.0266 0.9662 0.2562
vn 0.0047 0.9671 0.2544
vn 0.0646 0.9345 0.3502
vn 0.0342 0.9359 0.3507
vn 0.0056 0.9373 0.3486
vn -0.0600 0.9920 0.1107
vn -0.0710 0.9924 0.1009
vn -0.0826 0.9927 0.0876
vn -0.1101 0.9731 0.2025
vn -0.1300 0.9741 0.1848
vn -0.1511 0.9753 0.1611
vn -0.1483 0.9507 0.2724
vn -0.1755 0.9525 0.2490
vn -0.2045 0.9542 0.2183
vn -0.1045 0.9933 0.0500
vn -0.1106 0.9933 0.0329
vn -0.1138 0.9933 0.0202
vn -0.1925 0.9768 0.0942
vn -0.2057 0.9766 0.0630
vn -0.2134 0.9762 0.0393
vn -0.2640 0.9557 0.1304
vn -0.2845 0.9546 0.0883
vn -0.2972 0.9532 0.0555
vn 0.1266 0.9808 0.1485
vn 0.2183 0.9671 0.1306
vn 0.2957 0.9486 0.1128
vn 0.1266 0.9900 0.0624
vn 0.2257 0.9727 0.0533
vn 0.3106 0.9495 0.0439
vn 0.1224 0.9923 0.0175
vn 0.2275 0.9737 0.0136
vn 0.3192 0.9476 0.0083
vn 0.0239 -0.7638 0.6450
vn 0.0472 -0.7799 0.6241
vn 0.0704 -0.8061 0.5875
vn 0.0139 -0.6693 0.7429
vn 0.0276 -0.6840 0.7289
vn 0.0412 -0.7086 0.7044
vn 0.0064 -0.4944 0.8692
vn 0.0127 -0.5043 0.8635
vn 0.0189 -0.5208 0.8535
vn -0.1065 0.9943 0.0098
vn -0.0916 0.9955 0.0263
vn -0.0697 0.9964 0.0492
vn -0.2025 0.9791 0.0194
vn -0.1772 0.9829 0.0498
vn -0.1372 0.9860 0.0953
vn -0.2838 0.9584 0.0308
vn -0.2504 0.9655 0.0714
vn -0.1962 0.9712 0.1351
vn -0.0025 0.8947 0.4467
vn -0.0101 0.8737 0.4864
vn -0.0632 0.9037 0.4235
vn -0.0766 0.9223 0.3788
vn -0.0077 0.9107 0.4129
vn 0.0485 0.9000 0.4331
vn 0.0430 0.8809 0.4714
vn 0.1174 0.8168 -0.5648
vn 0.2951 0.7686 -0.5676
vn 0.1986 0.7512 -0.6295
vn 0.1387 0.6930 -0.7075
vn 0.0781 0.7475 -0.6596
vn 0.0409 0.7611 -0.6473
vn 0.0456 0.8455 -0.5321
vn 0.0283 0.8911 -0.4530
vn 0.0899 0.8625 -0.4981
vn 0.1972 0.8404 -0.5048
vn 0.2347 0.8140 -0.5313
vn 0.6071 0.7794 -0.1549
vn 0.6851 0.7269 -0.0478
vn 0.7037 0.7044 -0.0925
vn 0.7468 0.6484 -0.1476
vn 0.6584 0.7174 -0.2277
vn 0.5636 0.7533 -0.3389
vn 0.5280 0.7929 -0.3040
vn 0.4882 0.8191 -0.3011
vn 0.5350 0.8287 -0.1643
vn 0.5202 0.8513 -0.0686
vn 0.5918 0.8032 -0.0678
vn -0.0146 -0.5248 0.8511
vn -0.0205 -0.5338 0.8454
vn -0.0162 -0.5437 0.8391
vn -0.0295 -0.6285 0.7772
vn -0.0475 -0.6419 0.7654
vn -0.0533 -0.6610 0.7485
vn -0.0486 -0.7169 0.6955
vn -0.0844 -0.7317 0.6764
vn -0.1084 -0.7554 0.6462
vn -0.0943 -0.9175 0.3865
vn -0.1765 -0.9151 0.3625
vn -0.2467 -0.9136 0.3232
vn -0.1097 -0.9788 0.1730
vn -0.2079 -0.9649 0.1606
vn -0.2920 -0.9461 0.1403
vn -0.1158 -0.9923 0.0436
vn -0.2204 -0.9746 0.0406
vn -0.3100 -0.9501 0.0356
vn 0.6393 -0.7653 0.0755
vn 0.4996 -0.8559 0.1340
vn 0.3927 -0.8976 0.2001
vn 0.6651 -0.7463 0.0268
vn 0.5414 -0.8393 0.0492
vn 0.4456 -0.8919 0.0769
vn 0.6744 -0.7383 0.0065
vn 0.5564 -0.8308 0.0118
vn 0.4647 -0.8853 0.0185
vn 0.1281 -0.5179 0.8458
vn 0.0392 -0.5404 0.8405
vn 0.0047 -0.5490 0.8358
vn 0.3091 -0.7176 0.6240
vn 0.1497 -0.7277 0.6693
vn 0.0738 -0.7074 0.7030
vn 0.4767 -0.8021 0.3598
vn 0.2914 -0.8373 0.4625
vn 0.1804 -0.8193 0.5443
vn 0.4488 -0.6359 -0.6279
vn 0.3936 -0.7457 -0.5375
vn 0.3448 -0.8185 -0.4595
vn 0.5248 -0.6349 -0.5670
vn 0.4583 -0.7449 -0.4849
vn 0.3998 -0.8178 -0.4140
vn 0.5920 -0.6356 -0.4956
vn 0.5149 -0.7454 -0.4234
vn 0.4474 -0.8181 -0.3613
vn -0.7766 -0.5070 -0.3741
vn -0.5810 -0.7329 -0.3539
vn -0.3603 -0.8717 -0.3322
vn -0.7880 -0.4677 -0.4004
vn -0.6490 -0.6538 -0.3889
vn -0.4922 -0.7862 -0.3737
vn -0.7781 -0.4527 -0.4355
vn -0.6828 -0.5994 -0.4177
vn -0.5753 -0.7161 -0.3952
vn 0.1273 -0.9904 0.0540
vn 0.2480 -0.9630 0.1055
vn 0.3506 -0.9245 0.1494
vn 0.1335 -0.9904 0.0367
vn 0.2599 -0.9630 0.0714
vn 0.3675 -0.9245 0.1009
vn 0.1376 -0.9903 0.0185
vn 0.2679 -0.9628 0.0357
vn 0.3787 -0.9242 0.0501
vn -0.6383 -0.5389 0.5497
vn -0.5620 -0.5697 0.5997
vn -0.4757 -0.5975 0.6455
vn -0.5597 -0.6620 0.4985
vn -0.4854 -0.6906 0.5361
vn -0.4041 -0.7157 0.5696
vn -0.4828 -0.7533 0.4466
vn -0.4134 -0.7771 0.4746
vn -0.3392 -0.7975 0.4989
vn -0.2940 -0.6338 0.7155
vn -0.2024 -0.6424 0.7392
vn -0.1065 -0.6480 0.7541
vn -0.2393 -0.7471 0.6201
vn -0.1598 -0.7539 0.6373
vn -0.0790 -0.7578 0.6477
vn -0.1921 -0.8224 0.5354
vn -0.1237 -0.8273 0.5480
vn -0.0561 -0.8296 0.5555
vn 0.0956 -0.6569 0.7479
vn 0.1920 -0.6603 0.7260
vn 0.2841 -0.6622 0.6934
vn 0.0875 -0.7639 0.6393
vn 0.1680 -0.7666 0.6197
vn 0.2460 -0.7681 0.5911
vn 0.0802 -0.8332 0.5471
vn 0.1473 -0.8352 0.5299
vn 0.2136 -0.8363 0.5049
vn 0.4539 -0.6594 0.5993
vn 0.5269 -0.6567 0.5395
vn 0.5915 -0.6555 0.4695
vn 0.3917 -0.7656 0.5102
vn 0.4539 -0.7633 0.4597
vn 0.5084 -0.7622 0.4008
vn 0.3388 -0.8342 0.4351
vn 0.3916 -0.8323 0.3923
vn 0.4375 -0.8314 0.3425
vn 0.6968 -0.6422 -0.3193
vn 0.6019 -0.7510 -0.2715
vn 0.5198 -0.8226 -0.2306
vn 0.7306 -0.6463 -0.2205
vn 0.6293 -0.7544 -0.1865
vn 0.5422 -0.8253 -0.1577
vn 0.7508 -0.6501 -0.1172
vn 0.6453 -0.7576 -0.0982
vn 0.5550 -0.8278 -0.0822
vn -0.6830 -0.5792 0.4449
vn -0.7504 -0.5049 0.4266
vn -0.7388 -0.4944 0.4581
vn -0.5112 -0.7631 0.3954
vn -0.6116 -0.6813 0.4023
vn -0.6414 -0.6363 0.4286
vn -0.3276 -0.8765 0.3527
vn -0.4618 -0.8026 0.3775
vn -0.5373 -0.7441 0.3970
vn -0.6777 -0.4981 -0.5409
vn -0.6001 -0.6243 -0.5001
vn -0.5203 -0.7225 -0.4552
vn -0.5999 -0.5310 -0.5985
vn -0.5229 -0.6558 -0.5446
vn -0.4472 -0.7491 -0.4887
vn -0.5116 -0.5608 -0.6509
vn -0.4383 -0.6835 -0.5837
vn -0.3690 -0.7721 -0.5174
vn -0.3261 -0.5994 -0.7310
vn -0.2672 -0.7180 -0.6427
vn -0.2146 -0.7999 -0.5604
vn -0.2320 -0.6087 -0.7587
vn -0.1843 -0.7255 -0.6631
vn -0.1426 -0.8053 -0.5754
vn -0.1331 -0.6150 -0.7772
vn -0.0997 -0.7300 -0.6761
vn -0.0712 -0.8080 -0.5848
vn 0.0765 -0.6264 -0.7757
vn 0.0751 -0.7381 -0.6705
vn 0.0730 -0.8128 -0.5779
vn 0.1767 -0.6315 -0.7550
vn 0.1596 -0.7421 -0.6510
vn 0.1439 -0.8158 -0.5602
vn 0.2724 -0.6351 -0.7228
vn 0.2414 -0.7451 -0.6217
vn 0.2138 -0.8181 -0.5338
vn 0.1391 -0.8322 -0.5367
vn 0.0894 -0.7157 -0.6927
vn 0.0474 -0.4962 -0.8669
vn 0.2391 -0.8685 -0.4342
vn 0.1754 -0.7581 -0.6280
vn 0.1082 -0.5259 -0.8436
vn 0.4218 -0.8484 -0.3200
vn 0.3437 -0.7573 -0.5553
vn 0.2269 -0.5369 -0.8126
vn -0.0105 -0.9467 -0.3220
vn 0.0508 -0.9456 -0.3213
vn 0.1312 -0.9472 -0.2926
vn -0.0139 -0.9723 -0.2335
vn 0.0307 -0.9740 -0.2244
vn 0.0862 -0.9761 -0.1993
vn -0.0094 -0.9923 -0.1238
vn 0.0143 -0.9930 -0.1175
vn 0.0434 -0.9937 -0.1037
vn 0.1218 -0.8130 0.5694
vn 0.0333 -0.7639 0.6445
vn 0.0416 -0.8457 0.5320
vn 0.0259 -0.8897 0.4558
vn 0.0931 -0.8597 0.5022
vn 0.2020 -0.8332 0.5147
vn 0.2419 -0.8039 0.5434
vn 0.3045 -0.7552 0.5806
vn 0.2062 -0.7422 0.6376
vn 0.1458 -0.6880 0.7109
vn 0.0828 -0.7466 0.6601
vn 0.0876 -0.9942 0.0620
vn 0.1098 -0.9935 0.0296
vn 0.1184 -0.9929 0.0092
vn 0.1751 -0.9766 0.1245
vn 0.2145 -0.9748 0.0619
vn 0.2283 -0.9733 0.0212
vn 0.2776 -0.9406 0.1953
vn 0.3250 -0.9404 0.0997
vn 0.3334 -0.9421 0.0367
vn 0.0697 0.8143 -0.5763
vn 0.0410 0.7187 -0.6941
vn 0.0189 0.5316 -0.8468
vn 0.0468 0.7888 -0.6129
vn 0.0274 0.6945 -0.7189
vn 0.0127 0.5151 -0.8571
vn 0.0237 0.7731 -0.6339
vn 0.0139 0.6799 -0.7331
vn 0.0064 0.5052 -0.8630
vn 0.0217 -0.6901 -0.7234
vn 0.0123 -0.5884 -0.8085
vn 0.0055 -0.4183 -0.9083
vn 0.0430 -0.7089 -0.7040
vn 0.0245 -0.6042 -0.7965
vn 0.0108 -0.4276 -0.9039
vn 0.0649 -0.7402 -0.6693
vn 0.0369 -0.6307 -0.7751
vn 0.0162 -0.4434 -0.8962
vn -0.6491 -0.7136 -0.2637
vn -0.5419 -0.8109 -0.2209
vn -0.4565 -0.8698 -0.1870
vn -0.6790 -0.7114 -0.1812
vn -0.5676 -0.8092 -0.1519
vn -0.4787 -0.8685 -0.1285
vn -0.6976 -0.7105 -0.0922
vn -0.5835 -0.8084 -0.0773
vn -0.4923 -0.8680 -0.0653
vn 0.0615 -0.9909 0.1194
vn 0.1211 -0.9656 0.2299
vn 0.1697 -0.9313 0.3223
vn 0.0975 -0.9876 0.1229
vn 0.1853 -0.9544 0.2341
vn 0.2508 -0.9118 0.3251
vn 0.1265 -0.9837 0.1276
vn 0.2294 -0.9434 0.2394
vn 0.3013 -0.8948 0.3293
vn -0.0810 -0.9919 0.0978
vn -0.1478 -0.9729 0.1780
vn -0.2035 -0.9481 0.2443
vn -0.0937 -0.9917 0.0881
vn -0.1717 -0.9720 0.1603
vn -0.2368 -0.9464 0.2195
vn -0.1050 -0.9914 0.0777
vn -0.1925 -0.9711 0.1412
vn -0.2656 -0.9445 0.1931
vn -0.0206 -0.9914 0.1293
vn -0.0355 -0.9710 0.2365
vn -0.0450 -0.9444 0.3256
vn -0.0347 -0.9917 0.1237
vn -0.0614 -0.9722 0.2258
vn -0.0813 -0.9469 0.3111
vn -0.0501 -0.9919 0.1164
vn -0.0900 -0.9731 0.2123
vn -0.1215 -0.9486 0.2924
vn 0.0391 -0.9890 0.1427
vn 0.0733 -0.9621 0.2628
vn 0.1052 -0.9265 0.3614
vn 0.0210 -0.9899 0.1402
vn 0.0406 -0.9653 0.2579
vn 0.0607 -0.9329 0.3549
vn 0.0057 -0.9905 0.1371
vn 0.0126 -0.9677 0.2518
vn 0.0220 -0.9378 0.3466
vn 0.1212 -0.9829 0.1384
vn 0.2151 -0.9425 0.2558
vn 0.2841 -0.8928 0.3497
vn 0.1030 -0.9845 0.1420
vn 0.1846 -0.9472 0.2621
vn 0.2477 -0.9000 0.3586
vn 0.0822 -0.9862 0.1439
vn 0.1490 -0.9525 0.2656
vn 0.2035 -0.9089 0.3639
vn 0.0610 -0.9910 -0.1191
vn 0.0965 -0.9878 -0.1222
vn 0.1249 -0.9841 -0.1266
vn 0.1207 -0.9658 -0.2296
vn 0.1844 -0.9547 -0.2335
vn 0.2280 -0.9440 -0.2384
vn 0.1695 -0.9314 -0.3222
vn 0.2505 -0.9120 -0.3249
vn 0.3008 -0.8951 -0.3290
vn -0.1326 -0.9910 0.0176
vn -0.1291 -0.9910 0.0346
vn -0.1232 -0.9911 0.0507
vn -0.2436 -0.9694 0.0321
vn -0.2370 -0.9694 0.0632
vn -0.2261 -0.9697 0.0924
vn -0.3358 -0.9409 0.0442
vn -0.3266 -0.9412 0.0868
vn -0.3115 -0.9418 0.1267
vn -0.0801 -0.9921 -0.0968
vn -0.0926 -0.9919 -0.0874
vn -0.1037 -0.9916 -0.0774
vn -0.1470 -0.9731 -0.1772
vn -0.1704 -0.9723 -0.1599
vn -0.1910 -0.9714 -0.1414
vn -0.2030 -0.9483 -0.2441
vn -0.2359 -0.9466 -0.2197
vn -0.2643 -0.9447 -0.1940
vn -0.0204 -0.9916 -0.1274
vn -0.0343 -0.9919 -0.1219
vn -0.0496 -0.9921 -0.1149
vn -0.0353 -0.9714 -0.2349
vn -0.0611 -0.9726 -0.2244
vn -0.0895 -0.9734 -0.2110
vn -0.0449 -0.9447 -0.3250
vn -0.0811 -0.9471 -0.3105
vn -0.1213 -0.9487 -0.2919
vn 0.0384 -0.9893 -0.1406
vn 0.0206 -0.9902 -0.1381
vn 0.0055 -0.9908 -0.1351
vn 0.0728 -0.9626 -0.2610
vn 0.0403 -0.9658 -0.2561
vn 0.0125 -0.9681 -0.2501
vn 0.1050 -0.9268 -0.3607
vn 0.0606 -0.9332 -0.3542
vn 0.0219 -0.9380 -0.3459
vn 0.1194 -0.9834 -0.1367
vn 0.1013 -0.9850 -0.1400
vn 0.0808 -0.9866 -0.1419
vn 0.2136 -0.9432 -0.2543
vn 0.1833 -0.9479 -0.2605
vn 0.1479 -0.9532 -0.2638
vn 0.2835 -0.8931 -0.3491
vn 0.2473 -0.9004 -0.3580
vn 0.2031 -0.9093 -0.3632
vn -0.0486 -0.9054 0.4219
vn 0.0321 -0.9040 0.4264
vn -0.0465 -0.9175 0.3951
vn -0.1404 -0.9289 0.3426
vn -0.1333 -0.9155 0.3796
vn -0.0885 -0.8951 0.4370
vn 0.0069 -0.8924 0.4512
vn -0.0684 -0.9964 -0.0497
vn -0.1348 -0.9862 -0.0963
vn -0.1929 -0.9717 -0.1366
vn -0.0907 -0.9955 -0.0267
vn -0.1757 -0.9831 -0.0506
vn -0.2483 -0.9660 -0.0725
vn -0.1062 -0.9943 -0.0099
vn -0.2020 -0.9792 -0.0197
vn -0.2830 -0.9586 -0.0312
vn 0.0107 -0.9936 -0.1122
vn 0.0217 -0.9765 -0.2142
vn 0.0310 -0.9529 -0.3016
vn -0.0051 -0.9944 -0.1058
vn -0.0083 -0.9794 -0.2020
vn -0.0107 -0.9585 -0.2848
vn -0.0223 -0.9953 -0.0946
vn -0.0411 -0.9823 -0.1825
vn -0.0566 -0.9643 -0.2589
vn 0.0077 -0.9938 0.1108
vn -0.0135 -0.9948 0.1014
vn -0.0372 -0.9957 0.0852
vn 0.0161 -0.9771 0.2124
vn -0.0243 -0.9805 0.1951
vn -0.0707 -0.9836 0.1661
vn 0.0232 -0.9538 0.2994
vn -0.0335 -0.9606 0.2758
vn -0.0993 -0.9666 0.2363
vn -0.0785 -0.9956 0.0507
vn -0.0791 -0.9948 0.0636
vn -0.0715 -0.9910 0.1129
vn -0.1603 -0.9834 0.0851
vn -0.1697 -0.9820 0.0825
vn -0.1634 -0.9786 0.1254
vn -0.2312 -0.9662 0.1143
vn -0.2480 -0.9637 0.0986
vn -0.2434 -0.9605 0.1353
vn 0.5532 -0.8269 -0.1009
vn 0.4489 -0.8705 -0.2017
vn 0.4770 -0.8510 -0.2196
vn 0.5219 -0.8110 -0.2642
vn 0.6152 -0.7709 -0.1653
vn 0.7204 -0.6866 -0.0979
vn 0.6717 -0.7391 -0.0512
vn 0.6506 -0.7593 -0.0116
vn 0.5396 -0.8416 -0.0205
vn 0.4702 -0.8825 -0.0087
vn 0.4810 -0.8720 -0.0903
vn 0.3363 -0.9293 -0.1526
vn 0.2574 -0.9394 -0.2266
vn 0.1727 -0.9250 -0.3385
vn 0.4412 -0.8905 -0.1114
vn 0.3696 -0.9118 -0.1789
vn 0.2902 -0.9133 -0.2858
vn 0.5875 -0.8060 -0.0726
vn 0.5282 -0.8390 -0.1306
vn 0.4477 -0.8669 -0.2193
vn 0.0241 -0.9629 -0.2688
vn -0.0228 -0.9350 -0.3538
vn -0.0754 -0.8854 -0.4586
vn 0.1089 -0.9618 -0.2512
vn 0.0501 -0.9407 -0.3356
vn -0.0125 -0.8967 -0.4425
vn 0.1871 -0.9562 -0.2250
vn 0.1183 -0.9441 -0.3076
vn 0.0458 -0.9078 -0.4169
vn -0.3166 -0.9208 -0.2279
vn -0.3314 -0.8909 -0.3105
vn -0.3732 -0.8308 -0.4129
vn -0.2341 -0.9379 -0.2559
vn -0.2492 -0.9065 -0.3407
vn -0.2844 -0.8494 -0.4445
vn -0.1496 -0.9505 -0.2722
vn -0.1716 -0.9180 -0.3576
vn -0.2077 -0.8627 -0.4611
vn -0.6806 -0.7301 -0.0619
vn -0.7121 -0.6917 -0.1200
vn -0.7671 -0.6107 -0.1967
vn -0.5630 -0.8198 -0.1045
vn -0.5953 -0.7855 -0.1691
vn -0.6685 -0.6988 -0.2544
vn -0.4746 -0.8676 -0.1486
vn -0.5025 -0.8361 -0.2198
vn -0.5720 -0.7589 -0.3112
vn -0.6765 -0.7365 -0.0023
vn -0.6756 -0.7372 -0.0073
vn -0.6739 -0.7387 -0.0155
vn -0.5598 -0.8286 -0.0053
vn -0.5590 -0.8290 -0.0164
vn -0.5573 -0.8296 -0.0344
vn -0.4692 -0.8830 -0.0088
vn -0.4689 -0.8828 -0.0264
vn -0.4680 -0.8820 -0.0545
vn -0.3148 -0.9490 -0.0155
vn -0.3145 -0.9482 -0.0454
vn -0.3136 -0.9451 -0.0918
vn -0.2239 -0.9744 -0.0182
vn -0.2242 -0.9731 -0.0529
vn -0.2250 -0.9686 -0.1061
vn -0.1183 -0.9928 -0.0199
vn -0.1204 -0.9910 -0.0578
vn -0.1253 -0.9854 -0.1151
vn 0.1156 -0.9931 -0.0197
vn 0.1087 -0.9924 -0.0569
vn 0.0926 -0.9892 -0.1134
vn 0.2214 -0.9750 -0.0179
vn 0.2131 -0.9756 -0.0519
vn 0.1937 -0.9755 -0.1039
vn 0.3124 -0.9498 -0.0154
vn 0.3036 -0.9517 -0.0449
vn 0.2826 -0.9550 -0.0905
vn 0.4670 -0.8842 -0.0093
vn 0.4587 -0.8882 -0.0276
vn 0.4379 -0.8973 -0.0565
vn 0.5581 -0.8297 -0.0062
vn 0.5508 -0.8344 -0.0186
vn 0.5325 -0.8456 -0.0385
vn 0.6753 -0.7375 -0.0035
vn 0.6700 -0.7423 -0.0107
vn 0.6565 -0.7540 -0.0222
vn 0.1441 0.8831 -0.4465
vn 0.2428 0.9030 -0.3544
vn 0.4225 0.8690 -0.2575
vn 0.0961 0.7910 -0.6043
vn 0.1852 0.8216 -0.5392
vn 0.3574 0.8068 -0.4705
vn 0.0544 0.5850 -0.8092
vn 0.1229 0.6124 -0.7809
vn 0.2550 0.6176 -0.7441
vn 0.4607 0.8875 -0.0032
vn 0.5513 0.8343 -0.0022
vn 0.6688 0.7434 -0.0013
vn 0.4554 0.8902 -0.0102
vn 0.5464 0.8375 -0.0070
vn 0.6651 0.7468 -0.0041
vn 0.4423 0.8966 -0.0245
vn 0.5343 0.8451 -0.0168
vn 0.6559 0.7547 -0.0098
vn 0.3081 0.9513 -0.0050
vn 0.3037 0.9526 -0.0161
vn 0.2930 0.9553 -0.0386
vn 0.2187 0.9758 -0.0056
vn 0.2154 0.9764 -0.0182
vn 0.2074 0.9773 -0.0437
vn 0.1149 0.9934 -0.0061
vn 0.1131 0.9934 -0.0196
vn 0.1088 0.9930 -0.0471
vn -0.3082 0.9513 -0.0048
vn -0.2189 0.9757 -0.0055
vn -0.1151 0.9933 -0.0060
vn -0.3039 0.9526 -0.0158
vn -0.2156 0.9763 -0.0181
vn -0.1133 0.9934 -0.0195
vn -0.2931 0.9553 -0.0384
vn -0.2075 0.9773 -0.0436
vn -0.1089 0.9929 -0.0471
vn -0.4608 0.8875 -0.0030
vn -0.4555 0.8902 -0.0100
vn -0.4423 0.8965 -0.0244
vn -0.5514 0.8342 -0.0021
vn -0.5465 0.8374 -0.0068
vn -0.5344 0.8451 -0.0167
vn -0.6688 0.7434 -0.0012
vn -0.6651 0.7467 -0.0039
vn -0.6560 0.7547 -0.0097
vn 0.0481 0.7705 0.6357
vn 0.0930 0.7879 0.6088
vn 0.1369 0.8135 0.5652
vn 0.0694 0.8270 0.5578
vn 0.1281 0.8405 0.5264
vn 0.1829 0.8569 0.4820
vn 0.0949 0.8952 0.4354
vn 0.1667 0.9003 0.4021
vn 0.2301 0.9034 0.3618
vn 0.2488 0.8743 0.4168
vn 0.3559 0.8817 0.3097
vn 0.5233 0.8300 0.1930
vn 0.3066 0.8844 0.3519
vn 0.4119 0.8723 0.2636
vn 0.5678 0.8061 0.1666
vn 0.3588 0.8955 0.2633
vn 0.4599 0.8649 0.2011
vn 0.6044 0.7858 0.1312
vn -0.5148 0.8140 0.2691
vn -0.6148 0.7710 0.1663
vn -0.6433 0.7572 0.1131
vn -0.4917 0.8655 0.0953
vn -0.5177 0.8495 0.1012
vn -0.5206 0.8444 0.1262
vn -0.4403 0.8967 0.0447
vn -0.4407 0.8941 0.0800
vn -0.4269 0.8925 0.1459
vn -0.1336 0.8028 0.5811
vn -0.0892 0.7789 0.6208
vn -0.0444 0.7653 0.6421
vn -0.1722 0.8332 0.5255
vn -0.1151 0.8206 0.5598
vn -0.0555 0.8156 0.5759
vn -0.2099 0.8764 0.4335
vn -0.1402 0.8777 0.4582
vn -0.0648 0.8824 0.4661
vn 0.1225 -0.9923 -0.0170
vn 0.1269 -0.9901 -0.0606
vn 0.1271 -0.9813 -0.1444
vn 0.2276 -0.9737 -0.0132
vn 0.2259 -0.9728 -0.0517
vn 0.2186 -0.9675 -0.1268
vn 0.3195 -0.9476 -0.0078
vn 0.3106 -0.9496 -0.0424
vn 0.2958 -0.9489 -0.1095
vn 0.4787 -0.8779 0.0073
vn 0.4589 -0.8882 -0.0233
vn 0.4337 -0.8977 -0.0779
vn 0.5658 -0.8245 0.0129
vn 0.5491 -0.8356 -0.0145
vn 0.5264 -0.8480 -0.0614
vn 0.6766 -0.7362 0.0132
vn 0.6673 -0.7448 -0.0081
vn 0.6520 -0.7570 -0.0432
vn -0.4417 -0.8961 -0.0429
vn -0.4987 -0.8625 -0.0860
vn -0.5437 -0.8078 -0.2278
vn -0.4411 -0.8941 -0.0779
vn -0.5210 -0.8484 -0.0938
vn -0.6260 -0.7670 -0.1410
vn -0.4264 -0.8929 -0.1445
vn -0.5210 -0.8445 -0.1238
vn -0.6456 -0.7563 -0.1056
vn -0.3013 -0.9531 -0.0286
vn -0.2903 -0.9536 -0.0795
vn -0.2709 -0.9471 -0.1722
vn -0.2124 -0.9769 -0.0253
vn -0.2008 -0.9765 -0.0781
vn -0.1839 -0.9673 -0.1748
vn -0.1089 -0.9938 -0.0225
vn -0.0978 -0.9924 -0.0745
vn -0.0851 -0.9817 -0.1706
vn -0.9312 -0.3636 -0.0258
vn -0.9365 -0.3499 -0.0236
vn -0.9409 -0.3381 -0.0206
vn -1.0000 -0.0000 -0.0047
vn -1.0000 -0.0000 -0.0044
vn -1.0000 -0.0000 -0.0039
vn -0.9312 0.3636 -0.0258
vn -0.9365 0.3499 -0.0236
vn -0.9409 0.3381 -0.0206
vn -0.9429 -0.3253 -0.0712
vn -0.9114 -0.3348 -0.2394
vn -0.7181 -0.3852 -0.5796
vn -0.9980 -0.0000 -0.0629
vn -0.9683 -0.0000 -0.2497
vn -0.7274 -0.0000 -0.6863
vn -0.9429 0.3253 -0.0712
vn -0.9114 0.3348 -0.2395
vn -0.7181 0.3852 -0.5796
vn 0.2933 -0.2827 -0.9133
vn 0.4580 -0.2567 -0.8511
vn 0.5332 -0.2433 -0.8102
vn 0.3346 -0.0000 -0.9424
vn 0.4837 -0.0000 -0.8752
vn 0.5494 -0.0000 -0.8356
vn 0.2933 0.2827 -0.9133
vn 0.4580 0.2567 -0.8511
vn 0.5332 0.2433 -0.8102
vn 0.5559 -0.2294 -0.7990
vn 0.5274 -0.2312 -0.8176
vn 0.4797 -0.2380 -0.8445
vn 0.5695 -0.0000 -0.8220
vn 0.5414 -0.0000 -0.8408
vn 0.4940 -0.0000 -0.8694
vn 0.5559 0.2294 -0.7990
vn 0.5274 0.2312 -0.8176
vn 0.4797 0.2380 -0.8445
vn 0.3286 -0.2622 -0.9074
vn 0.2277 -0.2760 -0.9338
vn 0.1225 -0.2880 -0.9498
vn 0.3418 -0.0000 -0.9398
vn 0.2384 -0.0000 -0.9712
vn 0.1292 -0.0000 -0.9916
vn 0.3286 0.2622 -0.9074
vn 0.2277 0.2760 -0.9338
vn 0.1225 0.2880 -0.9498
vn -0.0835 -0.3061 -0.9483
vn -0.2019 -0.3132 -0.9280
vn -0.3378 -0.3181 -0.8858
vn -0.0868 -0.0000 -0.9962
vn -0.2119 -0.0000 -0.9773
vn -0.3558 -0.0000 -0.9346
vn -0.0835 0.3061 -0.9483
vn -0.2019 0.3132 -0.9280
vn -0.3378 0.3181 -0.8858
vn -0.6086 -0.3167 -0.7276
vn -0.7034 -0.3119 -0.6387
vn -0.7760 -0.3068 -0.5512
vn -0.6415 -0.0000 -0.7671
vn -0.7404 -0.0000 -0.6722
vn -0.8154 -0.0000 -0.5789
vn -0.6086 0.3167 -0.7276
vn -0.7034 0.3119 -0.6387
vn -0.7760 0.3068 -0.5512
vn -0.8844 -0.2996 -0.3580
vn -0.9224 -0.2980 -0.2457
vn -0.9466 -0.2973 -0.1250
vn -0.9270 -0.0000 -0.3751
vn -0.9663 -0.0000 -0.2573
vn -0.9914 -0.0000 -0.1309
vn -0.8844 0.2996 -0.3580
vn -0.9224 0.2980 -0.2457
vn -0.9466 0.2973 -0.1250
vn -0.9467 -0.2973 0.1237
vn -0.9233 -0.2980 0.2425
vn -0.8862 -0.2995 0.3535
vn -0.9916 -0.0000 0.1296
vn -0.9672 -0.0000 0.2540
vn -0.9288 -0.0000 0.3705
vn -0.9467 0.2973 0.1237
vn -0.9233 0.2980 0.2425
vn -0.8862 0.2995 0.3535
vn -0.7779 -0.3067 0.5485
vn -0.7046 -0.3118 0.6374
vn -0.6090 -0.3167 0.7272
vn -0.8174 -0.0000 0.5761
vn -0.7416 -0.0000 0.6708
vn -0.6420 -0.0000 0.7667
vn -0.7779 0.3067 0.5485
vn -0.7046 0.3118 0.6374
vn -0.6090 0.3167 0.7272
vn -0.3378 -0.3181 0.8858
vn -0.2019 -0.3132 0.9280
vn -0.0835 -0.3061 0.9483
vn -0.3558 -0.0000 0.9346
vn -0.2119 -0.0000 0.9773
vn -0.0868 -0.0000 0.9962
vn -0.3378 0.3181 0.8858
vn -0.2019 0.3132 0.9280
vn -0.0835 0.3061 0.9483
vn 0.1225 -0.2880 0.9498
vn 0.2277 -0.2760 0.9338
vn 0.3286 -0.2622 0.9074
vn 0.1292 -0.0000 0.9916
vn 0.2384 -0.0000 0.9712
vn 0.3418 -0.0000 0.9398
vn 0.1225 0.2880 0.9498
vn 0.2277 0.2760 0.9338
vn 0.3286 0.2622 0.9074
vn 0.4797 -0.2380 0.8445
vn 0.5274 -0.2312 0.8176
vn 0.5559 -0.2294 0.7990
vn 0.4940 -0.0000 0.8694
vn 0.5414 -0.0000 0.8408
vn 0.5695 -0.0000 0.8220
vn 0.4797 0.2380 0.8445
vn 0.5274 0.2312 0.8176
vn 0.5559 0.2294 0.7990
vn 0.5126 -0.2487 0.8218
vn 0.3632 -0.2807 0.8884
vn -0.0112 -0.3561 0.9344
vn 0.5274 -0.0000 0.8496
vn 0.3807 -0.0000 0.9247
vn -0.0284 -0.0000 0.9996
vn 0.5126 0.2487 0.8218
vn 0.3632 0.2807 0.8884
vn -0.0112 0.3561 0.9344
vn -0.9137 -0.3863 0.1264
vn -0.8418 -0.3648 0.3979
vn -0.6134 -0.2756 0.7401
vn -0.9939 -0.0000 0.1099
vn -0.9199 -0.0000 0.3920
vn -0.6580 -0.0000 0.7530
vn -0.9137 0.3863 0.1264
vn -0.8418 0.3648 0.3980
vn -0.6134 0.2756 0.7401
vn -0.1301 -0.1401 0.9815
vn -0.0524 -0.1376 0.9891
vn -0.0155 -0.1335 0.9909
vn -0.1297 -0.0000 0.9916
vn -0.0477 -0.0000 0.9989
vn -0.0129 -0.0000 0.9999
vn -0.1301 0.1401 0.9815
vn -0.0524 0.1376 0.9891
vn -0.0155 0.1335 0.9909
vn -0.0013 -0.1278 0.9918
vn -0.0009 -0.1261 0.9920
vn -0.0004 -0.1251 0.9921
vn -0.0002 -0.0000 1.0000
vn -0.0001 -0.0000 1.0000
vn -0.0013 0.1278 0.9918
vn -0.0009 0.1261 0.9920
vn -0.0004 0.1251 0.9921
vn 0.0004 -0.1251 0.9921
vn 0.0009 -0.1261 0.9920
vn 0.0013 -0.1278 0.9918
vn 0.0001 -0.0000 1.0000
vn 0.0002 -0.0000 1.0000
vn 0.0004 0.1251 0.9921
vn 0.0009 0.1261 0.9920
vn 0.0013 0.1278 0.9918
vn 0.0155 -0.1335 0.9909
vn 0.0524 -0.1376 0.9891
vn 0.1301 -0.1401 0.9815
vn 0.0129 -0.0000 0.9999
vn 0.0477 -0.0000 0.9989
vn 0.1297 -0.0000 0.9916
vn 0.0155 0.1335 0.9909
vn 0.0524 0.1376 0.9891
vn 0.1301 0.1401 0.9815
vn 0.9311 -0.3642 0.0189
vn 0.9362 -0.3511 0.0146
vn 0.9404 -0.3400 0.0100
vn 1.0000 -0.0000 0.0038
vn 1.0000 -0.0000 0.0035
vn 1.0000 -0.0000 0.0032
vn 0.9311 0.3642 0.0189
vn 0.9362 0.3511 0.0146
vn 0.9404 0.3400 0.0100
vn 0.9467 -0.3222 -0.0031
vn 0.9522 -0.3049 -0.0196
vn 0.9615 -0.2704 -0.0490
vn 1.0000 -0.0000 -0.0035
vn 0.9988 -0.0000 -0.0493
vn 0.9467 0.3222 -0.0031
vn 0.9522 0.3049 -0.0196
vn 0.9615 0.2704 -0.0490
vn 0.9400 -0.2820 -0.1920
vn 0.8871 -0.3494 -0.3016
vn 0.7971 -0.3979 -0.4543
vn 0.9802 -0.0000 -0.1980
vn 0.9452 -0.0000 -0.3264
vn 0.8656 -0.0000 -0.5008
vn 0.9400 0.2820 -0.1920
vn 0.8871 0.3494 -0.3016
vn 0.7971 0.3979 -0.4543
vn 0.4705 -0.3905 -0.7913
vn 0.3332 -0.3424 -0.8785
vn 0.2351 -0.2818 -0.9302
vn 0.5156 -0.0000 -0.8568
vn 0.3583 -0.0000 -0.9336
vn 0.2429 -0.0000 -0.9700
vn 0.4705 0.3905 -0.7913
vn 0.3332 0.3424 -0.8785
vn 0.2351 0.2818 -0.9302
vn 0.0827 -0.2848 -0.9550
vn 0.0410 -0.3200 -0.9465
vn 0.0174 -0.3308 -0.9435
vn 0.0826 -0.0000 -0.9966
vn 0.0379 -0.0000 -0.9993
vn 0.0141 -0.0000 -0.9999
vn 0.0827 0.2848 -0.9550
vn 0.0410 0.3200 -0.9465
vn 0.0174 0.3308 -0.9435
vn -0.9105 -0.1369 -0.3902
vn -0.8992 -0.1386 -0.4149
vn -0.8772 -0.1450 -0.4576
vn -0.9200 -0.0000 -0.3920
vn -0.9090 -0.0000 -0.4168
vn -0.8879 -0.0000 -0.4601
vn -0.9105 0.1369 -0.3902
vn -0.8992 0.1386 -0.4149
vn -0.8772 0.1450 -0.4576
vn -0.7865 -0.1699 -0.5937
vn -0.7147 -0.1856 -0.6744
vn -0.6275 -0.2008 -0.7523
vn -0.8002 -0.0000 -0.5998
vn -0.7298 -0.0000 -0.6837
vn -0.6434 -0.0000 -0.7655
vn -0.7865 0.1699 -0.5937
vn -0.7147 0.1856 -0.6744
vn -0.6275 0.2008 -0.7523
vn -0.4269 -0.2219 -0.8766
vn -0.3162 -0.2278 -0.9210
vn -0.1939 -0.2323 -0.9531
vn -0.4418 -0.0000 -0.8971
vn -0.3289 -0.0000 -0.9444
vn -0.2034 -0.0000 -0.9791
vn -0.4269 0.2219 -0.8766
vn -0.3162 0.2278 -0.9210
vn -0.1939 0.2323 -0.9531
vn 0.0776 -0.2409 -0.9675
vn 0.2073 -0.2442 -0.9473
vn 0.3291 -0.2466 -0.9116
vn 0.0775 -0.0000 -0.9970
vn 0.2119 -0.0000 -0.9773
vn 0.3377 -0.0000 -0.9412
vn 0.0776 0.2409 -0.9675
vn 0.2073 0.2442 -0.9473
vn 0.3291 0.2466 -0.9116
vn 0.5506 -0.2471 -0.7973
vn 0.6475 -0.2466 -0.7211
vn 0.7350 -0.2471 -0.6315
vn 0.5664 -0.0000 -0.8241
vn 0.6666 -0.0000 -0.7455
vn 0.7573 -0.0000 -0.6530
vn 0.5506 0.2471 -0.7973
vn 0.6475 0.2466 -0.7211
vn 0.7350 0.2471 -0.6315
vn 0.8764 -0.2513 -0.4109
vn 0.9239 -0.2539 -0.2861
vn 0.9542 -0.2564 -0.1543
vn 0.9049 -0.0000 -0.4256
vn 0.9549 -0.0000 -0.2968
vn 0.9870 -0.0000 -0.1604
vn 0.8764 0.2513 -0.4109
vn 0.9239 0.2539 -0.2861
vn 0.9542 0.2564 -0.1543
vn 0.9580 -0.2600 0.1210
vn 0.9315 -0.2607 0.2537
vn 0.8876 -0.2606 0.3797
vn 0.9922 -0.0000 0.1250
vn 0.9649 -0.0000 0.2627
vn 0.9194 -0.0000 0.3934
vn 0.9580 0.2600 0.1210
vn 0.9315 0.2607 0.2537
vn 0.8876 0.2606 0.3797
vn 0.7535 -0.2599 0.6039
vn 0.6692 -0.2607 0.6958
vn 0.5753 -0.2623 0.7747
vn 0.7798 -0.0000 0.6260
vn 0.6924 -0.0000 0.7215
vn 0.5952 -0.0000 0.8036
vn 0.7535 0.2599 0.6039
vn 0.6692 0.2607 0.6958
vn 0.5753 0.2623 0.7747
vn 0.3587 -0.2640 0.8953
vn 0.2388 -0.2628 0.9348
vn 0.1106 -0.2603 0.9592
vn 0.3709 -0.0000 0.9287
vn 0.2464 -0.0000 0.9692
vn 0.1128 -0.0000 0.9936
vn 0.3587 0.2640 0.8953
vn 0.2388 0.2628 0.9348
vn 0.1106 0.2603 0.9592
vn -0.1598 -0.2531 0.9542
vn -0.2824 -0.2487 0.9265
vn -0.3941 -0.2429 0.8864
vn -0.1685 -0.0000 0.9857
vn -0.2952 -0.0000 0.9554
vn -0.4097 -0.0000 0.9122
vn -0.1598 0.2531 0.9542
vn -0.2824 0.2487 0.9265
vn -0.3941 0.2429 0.8864
vn -0.5972 -0.2214 0.7709
vn -0.6851 -0.2062 0.6987
vn -0.7576 -0.1905 0.6244
vn -0.6149 -0.0000 0.7886
vn -0.7022 -0.0000 0.7119
vn -0.7735 -0.0000 0.6338
vn -0.5972 0.2214 0.7709
vn -0.6851 0.2062 0.6987
vn -0.7576 0.1905 0.6244
vn -0.8506 -0.1648 0.4993
vn -0.8741 -0.1574 0.4595
vn -0.8517 -0.1808 0.4918
vn -0.8635 -0.0000 0.5043
vn -0.8860 -0.0000 0.4637
vn -0.8689 -0.0000 0.4950
vn -0.8506 0.1648 0.4993
vn -0.8741 0.1574 0.4595
vn -0.8517 0.1808 0.4918
vn -0.0051 -0.3368 0.9416
vn 0.0489 -0.3263 0.9440
vn 0.1000 -0.2925 0.9510
vn -0.0134 -0.0000 0.9999
vn 0.0451 -0.0000 0.9990
vn 0.1001 -0.0000 0.9950
vn -0.0051 0.3368 0.9416
vn 0.0489 0.3263 0.9440
vn 0.1000 0.2925 0.9510
vn 0.2742 -0.2821 0.9194
vn 0.3707 -0.3240 0.8704
vn 0.4974 -0.3457 0.7957
vn 0.2861 -0.0000 0.9582
vn 0.3986 -0.0000 0.9171
vn 0.5373 -0.0000 0.8434
vn 0.2742 0.2821 0.9194
vn 0.3707 0.3240 0.8704
vn 0.4974 0.3457 0.7957
vn 0.7939 -0.3260 0.5133
vn 0.8803 -0.2905 0.3750
vn 0.9318 -0.2466 0.2664
vn 0.8391 -0.0000 0.5440
vn 0.9190 -0.0000 0.3943
vn 0.9620 -0.0000 0.2729
vn 0.7939 0.3260 0.5133
vn 0.8803 0.2905 0.3750
vn 0.9318 0.2466 0.2664
vn 0.9582 -0.2693 0.0967
vn 0.9505 -0.3066 0.0498
vn 0.9466 -0.3218 0.0210
vn 0.9955 -0.0000 0.0944
vn 0.9990 -0.0000 0.0446
vn 0.9999 -0.0000 0.0164
vn 0.9582 0.2693 0.0967
vn 0.9505 0.3066 0.0498
vn 0.9466 0.3218 0.0210
vn 0.9471 -0.3208 0.0044
vn 0.9469 -0.3215 -0.0005
vn 0.9457 -0.3249 -0.0075
vn 1.0000 -0.0000 0.0025
vn 1.0000 -0.0000 0.0009
vn 1.0000 -0.0000 -0.0012
vn 0.9471 0.3208 0.0044
vn 0.9469 0.3215 -0.0005
vn 0.9457 0.3249 -0.0075
vn 0.9101 -0.3842 -0.1554
vn 0.8128 -0.3511 -0.4649
vn 0.5468 -0.2463 -0.8002
vn 0.9908 -0.0000 -0.1352
vn 0.8891 -0.0000 -0.4577
vn 0.5863 -0.0000 -0.8101
vn 0.9101 0.3842 -0.1554
vn 0.8128 0.3511 -0.4649
vn 0.5468 0.2463 -0.8002
vn 0.1056 -0.1138 -0.9879
vn 0.0424 -0.1115 -0.9929
vn 0.0125 -0.1080 -0.9941
vn 0.1049 -0.0000 -0.9945
vn 0.0384 -0.0000 -0.9993
vn 0.0104 -0.0000 -0.9999
vn 0.1056 0.1138 -0.9879
vn 0.0424 0.1115 -0.9929
vn 0.0125 0.1080 -0.9941
vn 0.0010 -0.1033 -0.9946
vn 0.0007 -0.1020 -0.9948
vn 0.0004 -0.1011 -0.9949
vn 0.0002 -0.0000 -1.0000
vn 0.0001 -0.0000 -1.0000
vn 0.0010 0.1033 -0.9946
vn 0.0007 0.1020 -0.9948
vn 0.0004 0.1011 -0.9949
vn -0.0004 -0.1011 -0.9949
vn -0.0007 -0.1020 -0.9948
vn -0.0010 -0.1033 -0.9946
vn -0.0001 -0.0000 -1.0000
vn -0.0002 -0.0000 -1.0000
vn -0.0004 0.1011 -0.9949
vn -0.0007 0.1020 -0.9948
vn -0.0010 0.1033 -0.9946
vn -0.0125 -0.1080 -0.9941
vn -0.0424 -0.1115 -0.9929
vn -0.1056 -0.1138 -0.9879
vn -0.0104 -0.0000 -0.9999
vn -0.0384 -0.0000 -0.9993
vn -0.1049 -0.0000 -0.9945
vn -0.0125 0.1080 -0.9941
vn -0.0424 0.1115 -0.9929
vn -0.1056 0.1138 -0.9879
vn -0.0208 -0.1740 0.9845
vn -0.0138 -0.1516 0.9883
vn 0.0114 -0.1277 0.9917
vn -0.0175 -0.0000 0.9998
vn -0.0109 -0.0000 0.9999
vn 0.0152 -0.0000 0.9999
vn -0.0208 0.1740 0.9845
vn -0.0138 0.1516 0.9883
vn 0.0114 0.1277 0.9917
vn 0.3807 -0.2283 0.8961
vn 0.7554 -0.3425 0.5587
vn 0.9152 -0.3621 0.1769
vn 0.4095 -0.0000 0.9123
vn 0.8305 -0.0000 0.5571
vn 0.9886 -0.0000 0.1506
vn 0.3807 0.2283 0.8961
vn 0.7554 0.3425 0.5587
vn 0.9152 0.3621 0.1769
vn 0.9451 -0.3268 0.0087
vn 0.9472 -0.3208 0.0030
vn 0.9480 -0.3184 0.0007
vn 1.0000 -0.0000 0.0015
vn 1.0000 -0.0000 0.0005
vn 1.0000 -0.0000 0.0001
vn 0.9451 0.3268 0.0087
vn 0.9472 0.3208 0.0030
vn 0.9480 0.3184 0.0007
vn 0.9480 -0.3182 -0.0004
vn 0.9474 -0.3201 -0.0013
vn 0.9458 -0.3247 -0.0027
vn 1.0000 -0.0000 -0.0001
vn 1.0000 -0.0000 -0.0002
vn 0.9480 0.3182 -0.0004
vn 0.9474 0.3201 -0.0013
vn 0.9458 0.3247 -0.0027
vn 0.9348 -0.3547 -0.0173
vn 0.9140 -0.4032 -0.0443
vn 0.8624 -0.5003 -0.0769
vn 1.0000 -0.0000 -0.0088
vn 0.9996 -0.0000 -0.0266
vn 0.9988 -0.0000 -0.0483
vn 0.9348 0.3547 -0.0173
vn 0.9140 0.4032 -0.0443
vn 0.8624 0.5003 -0.0769
vn 0.2154 -0.7077 -0.6728
vn 0.1237 -0.6298 -0.7668
vn 0.0240 -0.5825 -0.8124
vn 0.1875 -0.0000 -0.9823
vn 0.0874 -0.0000 -0.9962
vn -0.0079 -0.0000 -1.0000
vn 0.2154 0.7077 -0.6728
vn 0.1237 0.6298 -0.7668
vn 0.0240 0.5825 -0.8124
vn -0.0889 -0.5379 -0.8383
vn -0.1454 -0.5223 -0.8403
vn -0.2091 -0.5075 -0.8359
vn -0.1202 -0.0000 -0.9928
vn -0.1803 -0.0000 -0.9836
vn -0.2484 -0.0000 -0.9687
vn -0.0889 0.5379 -0.8383
vn -0.1454 0.5223 -0.8403
vn -0.2091 0.5075 -0.8359
vn -0.3543 -0.4760 -0.8049
vn -0.4506 -0.4551 -0.7680
vn -0.5671 -0.4257 -0.7051
vn -0.4022 -0.0000 -0.9156
vn -0.5031 -0.0000 -0.8642
vn -0.6226 -0.0000 -0.7825
vn -0.3543 0.4760 -0.8049
vn -0.4506 0.4551 -0.7680
vn -0.5671 0.4257 -0.7051
vn -0.7996 -0.3285 -0.5028
vn -0.8732 -0.2703 -0.4056
vn -0.9234 -0.2138 -0.3188
vn -0.8449 -0.0000 -0.5349
vn -0.9064 -0.0000 -0.4224
vn -0.9461 -0.0000 -0.3239
vn -0.7996 0.3285 -0.5028
vn -0.8732 0.2703 -0.4056
vn -0.9234 0.2138 -0.3188
vn -0.9636 -0.2290 -0.1380
vn -0.9592 -0.2754 -0.0637
vn -0.9529 -0.3030 -0.0123
vn -0.9904 -0.0000 -0.1380
vn -0.9982 -0.0000 -0.0597
vn -1.0000 -0.0000 -0.0086
vn -0.9636 0.2290 -0.1380
vn -0.9592 0.2754 -0.0637
vn -0.9529 0.3030 -0.0123
vn -0.9486 -0.3165 0.0052
vn -0.9483 -0.3174 0.0024
vn -0.9482 -0.3177 0.0007
vn -1.0000 -0.0000 0.0067
vn -1.0000 -0.0000 0.0031
vn -1.0000 -0.0000 0.0009
vn -0.9486 0.3165 0.0052
vn -0.9483 0.3174 0.0024
vn -0.9482 0.3177 0.0007
vn -0.9479 -0.3184 0.0010
vn -0.9471 -0.3209 0.0034
vn -0.9451 -0.3268 0.0091
vn -1.0000 -0.0000 0.0002
vn -1.0000 -0.0000 0.0006
vn -1.0000 -0.0000 0.0016
vn -0.9479 0.3184 0.0010
vn -0.9471 0.3209 0.0034
vn -0.9451 0.3268 0.0091
vn -0.9152 -0.3621 0.1769
vn -0.7554 -0.3425 0.5587
vn -0.3807 -0.2283 0.8961
vn -0.9886 -0.0000 0.1506
vn -0.8305 -0.0000 0.5571
vn -0.4095 -0.0000 0.9123
vn -0.9152 0.3621 0.1769
vn -0.7554 0.3425 0.5586
vn -0.3807 0.2283 0.8961
vn -0.0114 -0.1277 0.9917
vn 0.0138 -0.1516 0.9883
vn 0.0208 -0.1740 0.9845
vn -0.0152 -0.0000 0.9999
vn 0.0109 -0.0000 0.9999
vn 0.0175 -0.0000 0.9998
vn -0.0114 0.1277 0.9917
vn 0.0138 0.1516 0.9883
vn 0.0208 0.1740 0.9845
vn 0.0082 -0.2003 0.9797
vn 0.0023 -0.2033 0.9791
vn -0.0002 -0.2032 0.9791
vn 0.0086 -0.0000 1.0000
vn 0.0037 -0.0000 1.0000
vn 0.0010 -0.0000 1.0000
vn 0.0082 0.2003 0.9797
vn 0.0023 0.2033 0.9791
vn -0.0002 0.2032 0.9791
vn 0.0002 -0.2032 0.9791
vn -0.0023 -0.2033 0.9791
vn -0.0082 -0.2003 0.9797
vn -0.0010 -0.0000 1.0000
vn -0.0037 -0.0000 1.0000
vn -0.0086 -0.0000 1.0000
vn 0.0002 0.2032 0.9791
vn -0.0023 0.2033 0.9791
vn -0.0082 0.2003 0.9797
vn 0.1087 0.1171 0.9872
vn 0.0437 0.1148 0.9924
vn 0.0129 0.1112 0.9937
vn 0.1080 -0.0000 0.9942
vn 0.0395 -0.0000 0.9992
vn 0.0107 -0.0000 0.9999
vn 0.1087 -0.1171 0.9872
vn 0.0437 -0.1148 0.9924
vn 0.0129 -0.1112 0.9937
vn 0.0010 0.1064 0.9943
vn 0.0007 0.1050 0.9945
vn 0.0004 0.1041 0.9946
vn 0.0010 -0.1064 0.9943
vn 0.0007 -0.1050 0.9945
vn 0.0004 -0.1041 0.9946
vn -0.0004 0.1041 0.9946
vn -0.0007 0.1050 0.9945
vn -0.0010 0.1064 0.9943
vn -0.0004 -0.1041 0.9946
vn -0.0007 -0.1050 0.9945
vn -0.0010 -0.1064 0.9943
vn -0.0129 0.1112 0.9937
vn -0.0437 0.1148 0.9924
vn -0.1087 0.1171 0.9872
vn -0.0107 -0.0000 0.9999
vn -0.0395 -0.0000 0.9992
vn -0.1080 -0.0000 0.9942
vn -0.0129 -0.1112 0.9937
vn -0.0437 -0.1148 0.9924
vn -0.1087 -0.1171 0.9872
vn -0.9312 0.3636 0.0251
vn -0.9365 0.3499 0.0229
vn -0.9409 0.3381 0.0200
vn -1.0000 -0.0000 0.0046
vn -1.0000 -0.0000 0.0043
vn -1.0000 -0.0000 0.0038
vn -0.9312 -0.3636 0.0251
vn -0.9365 -0.3499 0.0229
vn -0.9409 -0.3381 0.0200
vn -0.9379 0.3295 0.1082
vn -0.8556 0.3498 0.3815
vn -0.5178 0.3954 0.7587
vn -0.9941 -0.0000 0.1088
vn -0.9010 -0.0000 0.4337
vn -0.4446 -0.0000 0.8957
vn -0.9379 -0.3295 0.1082
vn -0.8556 -0.3498 0.3815
vn -0.5178 -0.3954 0.7587
vn 0.3161 0.2864 0.9045
vn 0.3889 0.2859 0.8758
vn 0.4052 0.2891 0.8673
vn 0.3536 -0.0000 0.9354
vn 0.4146 -0.0000 0.9100
vn 0.4252 -0.0000 0.9051
vn 0.3161 -0.2864 0.9045
vn 0.3889 -0.2859 0.8758
vn 0.4052 -0.2891 0.8673
vn 0.3633 0.2953 0.8836
vn 0.3255 0.2988 0.8971
vn 0.2752 0.3022 0.9127
vn 0.3800 -0.0000 0.9250
vn 0.3407 -0.0000 0.9402
vn 0.2879 -0.0000 0.9577
vn 0.3633 -0.2953 0.8836
vn 0.3255 -0.2988 0.8971
vn 0.2752 -0.3022 0.9127
vn 0.1295 0.3066 0.9430
vn 0.0608 0.3074 0.9496
vn 0.0133 0.3090 0.9510
vn 0.1346 -0.0000 0.9909
vn 0.0629 -0.0000 0.9980
vn 0.0140 -0.0000 0.9999
vn 0.1295 -0.3066 0.9430
vn 0.0608 -0.3074 0.9496
vn 0.0133 -0.3090 0.9510
vn -0.0517 0.3205 0.9458
vn -0.1198 0.3334 0.9352
vn -0.2175 0.3492 0.9115
vn -0.0529 -0.0000 0.9986
vn -0.1255 -0.0000 0.9921
vn -0.2313 -0.0000 0.9729
vn -0.0517 -0.3205 0.9458
vn -0.1198 -0.3334 0.9352
vn -0.2175 -0.3492 0.9115
vn -0.4486 0.3741 0.8117
vn -0.5550 0.3788 0.7406
vn -0.6606 0.3789 0.6481
vn -0.4844 -0.0000 0.8748
vn -0.6007 -0.0000 0.7994
vn -0.7149 -0.0000 0.6992
vn -0.4486 -0.3741 0.8117
vn -0.5550 -0.3788 0.7406
vn -0.6606 -0.3789 0.6481
vn -0.8527 0.3645 0.3742
vn -0.9048 0.3517 0.2401
vn -0.9299 0.3397 0.1406
vn -0.9161 -0.0000 0.4009
vn -0.9668 -0.0000 0.2556
vn -0.9889 -0.0000 0.1486
vn -0.8527 -0.3645 0.3742
vn -0.9048 -0.3517 0.2401
vn -0.9299 -0.3397 0.1407
vn -0.9443 0.3264 0.0415
vn -0.9459 0.3239 0.0173
vn -0.9464 0.3231 0.0046
vn -0.9991 -0.0000 0.0435
vn -0.9998 -0.0000 0.0182
vn -1.0000 -0.0000 0.0048
vn -0.9443 -0.3264 0.0415
vn -0.9459 -0.3239 0.0173
vn -0.9464 -0.3231 0.0046
vn -0.9463 0.3233 -0.0001
vn -0.9458 0.3246 -0.0005
vn -0.9447 0.3278 -0.0012
vn -1.0000 -0.0000 -0.0000
vn -1.0000 -0.0000 -0.0001
vn -0.9463 -0.3233 -0.0001
vn -0.9458 -0.3246 -0.0005
vn -0.9447 -0.3278 -0.0012
vn -0.9114 0.3921 -0.1248
vn -0.8410 0.3709 -0.3938
vn -0.6155 0.2818 -0.7360
vn -0.9941 -0.0000 -0.1088
vn -0.9213 -0.0000 -0.3889
vn -0.6616 -0.0000 -0.7498
vn -0.9114 -0.3921 -0.1248
vn -0.8410 -0.3709 -0.3938
vn -0.6155 -0.2818 -0.7360
vn -0.1314 0.1441 -0.9808
vn -0.0529 0.1416 -0.9885
vn -0.0156 0.1373 -0.9904
vn -0.1311 -0.0000 -0.9914
vn -0.0482 -0.0000 -0.9988
vn -0.0130 -0.0000 -0.9999
vn -0.1314 -0.1441 -0.9808
vn -0.0529 -0.1416 -0.9885
vn -0.0156 -0.1373 -0.9904
vn -0.0013 0.1315 -0.9913
vn -0.0009 0.1298 -0.9915
vn -0.0004 0.1288 -0.9917
vn -0.0013 -0.1315 -0.9913
vn -0.0009 -0.1298 -0.9915
vn -0.0004 -0.1288 -0.9917
vn 0.0004 0.1288 -0.9917
vn 0.0009 0.1298 -0.9915
vn 0.0013 0.1315 -0.9913
vn 0.0004 -0.1288 -0.9917
vn 0.0009 -0.1298 -0.9915
vn 0.0013 -0.1315 -0.9913
vn 0.0156 0.1373 -0.9904
vn 0.0529 0.1416 -0.9885
vn 0.1314 0.1441 -0.9808
vn 0.0130 -0.0000 -0.9999
vn 0.0482 -0.0000 -0.9988
vn 0.1311 -0.0000 -0.9914
vn 0.0156 -0.1373 -0.9904
vn 0.0529 -0.1416 -0.9885
vn 0.1314 -0.1441 -0.9808
vn 0.9289 0.3699 -0.0164
vn 0.9345 0.3558 -0.0102
vn 0.9392 0.3434 -0.0056
vn 1.0000 -0.0000 -0.0030
vn 1.0000 -0.0000 -0.0019
vn 1.0000 -0.0000 -0.0010
vn 0.9289 -0.3699 -0.0164
vn 0.9345 -0.3558 -0.0102
vn 0.9392 -0.3434 -0.0056
vn 0.9447 0.3278 -0.0012
vn 0.9458 0.3246 -0.0005
vn 0.9463 0.3233 -0.0002
vn 0.9447 -0.3278 -0.0012
vn 0.9458 -0.3246 -0.0005
vn 0.9463 -0.3233 -0.0002
vn 0.9465 0.3227 -0.0000
vn 0.9467 0.3221 -0.0000
vn 0.9472 0.3205 -0.0001
vn 1.0000 -0.0000 0.0004
vn 1.0000 -0.0000 0.0011
vn 0.9465 -0.3227 -0.0000
vn 0.9467 -0.3221 -0.0000
vn 0.9472 -0.3205 -0.0001
vn 0.9492 0.3143 -0.0135
vn 0.9491 0.3113 -0.0475
vn 0.9432 0.3102 -0.1189
vn 1.0000 -0.0000 -0.0097
vn 0.9991 -0.0000 -0.0429
vn 0.9934 -0.0000 -0.1143
vn 0.9492 -0.3143 -0.0135
vn 0.9491 -0.3113 -0.0475
vn 0.9432 -0.3102 -0.1189
vn 0.8320 0.3178 -0.4547
vn 0.6746 0.3153 -0.6675
vn 0.4830 0.3046 -0.8210
vn 0.8855 -0.0000 -0.4646
vn 0.7186 -0.0000 -0.6954
vn 0.5088 -0.0000 -0.8609
vn 0.8320 -0.3178 -0.4547
vn 0.6746 -0.3153 -0.6675
vn 0.4830 -0.3046 -0.8210
vn 0.2151 0.2880 -0.9332
vn 0.1291 0.2841 -0.9501
vn 0.0594 0.2813 -0.9578
vn 0.2210 -0.0000 -0.9753
vn 0.1314 -0.0000 -0.9913
vn 0.0593 -0.0000 -0.9982
vn 0.2151 -0.2880 -0.9332
vn 0.1291 -0.2841 -0.9501
vn 0.0594 -0.2813 -0.9578
vn -0.0829 0.2763 -0.9575
vn -0.1736 0.2716 -0.9466
vn -0.2474 0.2673 -0.9313
vn -0.0884 -0.0000 -0.9961
vn -0.1823 -0.0000 -0.9832
vn -0.2581 -0.0000 -0.9661
vn -0.0829 -0.2763 -0.9575
vn -0.1736 -0.2716 -0.9466
vn -0.2474 -0.2673 -0.9313
vn -0.3431 0.2616 -0.9021
vn -0.3960 0.2578 -0.8813
vn -0.4660 0.2516 -0.8483
vn -0.3561 -0.0000 -0.9344
vn -0.4107 -0.0000 -0.9118
vn -0.4826 -0.0000 -0.8758
vn -0.3431 -0.2616 -0.9021
vn -0.3960 -0.2578 -0.8813
vn -0.4660 -0.2516 -0.8483
vn -0.6452 0.2277 -0.7293
vn -0.7094 0.2173 -0.6705
vn -0.7453 0.2134 -0.6317
vn -0.6645 -0.0000 -0.7473
vn -0.7286 -0.0000 -0.6849
vn -0.7646 -0.0000 -0.6445
vn -0.6452 -0.2277 -0.7293
vn -0.7094 -0.2173 -0.6705
vn -0.7453 -0.2134 -0.6317
vn 0.0182 0.3317 -0.9432
vn 0.0443 0.3245 -0.9449
vn 0.0927 0.2926 -0.9517
vn 0.0143 -0.0000 -0.9999
vn 0.0408 -0.0000 -0.9992
vn 0.0931 -0.0000 -0.9957
vn 0.0182 -0.3317 -0.9432
vn 0.0443 -0.3245 -0.9449
vn 0.0927 -0.2926 -0.9517
vn 0.2671 0.2897 -0.9191
vn 0.3650 0.3347 -0.8688
vn 0.4927 0.3593 -0.7925
vn 0.2800 -0.0000 -0.9600
vn 0.3948 -0.0000 -0.9188
vn 0.5356 -0.0000 -0.8444
vn 0.2671 -0.2897 -0.9191
vn 0.3650 -0.3347 -0.8688
vn 0.4927 -0.3593 -0.7925
vn 0.7907 0.3421 -0.5076
vn 0.8784 0.3050 -0.3680
vn 0.9312 0.2576 -0.2581
vn 0.8405 -0.0000 -0.5417
vn 0.9211 -0.0000 -0.3894
vn 0.9640 -0.0000 -0.2657
vn 0.7907 -0.3421 -0.5076
vn 0.8784 -0.3050 -0.3680
vn 0.9312 -0.2576 -0.2581
vn 0.9582 0.2722 -0.0884
vn 0.9505 0.3075 -0.0443
vn 0.9467 0.3215 -0.0182
vn 0.9962 -0.0000 -0.0866
vn 0.9992 -0.0000 -0.0397
vn 0.9999 -0.0000 -0.0141
vn 0.9582 -0.2722 -0.0884
vn 0.9505 -0.3075 -0.0443
vn 0.9467 -0.3215 -0.0182
vn 0.9472 -0.3206 -0.0034
vn 1.0000 -0.0000 -0.0017
vn 0.9472 0.3206 -0.0034
vn 0.9469 -0.3214 0.0010
vn 0.9469 0.3214 0.0010
vn 0.9458 -0.3248 0.0076
vn 1.0000 -0.0000 0.0013
vn 0.9458 0.3248 0.0076
vn 0.9312 -0.3637 0.0249
vn 0.9364 -0.3502 0.0223
vn 0.9407 -0.3387 0.0189
vn 1.0000 -0.0000 0.0046
vn 1.0000 -0.0000 0.0042
vn 1.0000 -0.0000 0.0037
vn 0.9312 0.3637 0.0249
vn 0.9364 0.3502 0.0223
vn 0.9407 0.3387 0.0189
vn 0.6134 -0.2756 0.7401
vn 0.8418 -0.3648 0.3979
vn 0.9137 -0.3863 0.1264
vn 0.6580 -0.0000 0.7530
vn 0.9199 -0.0000 0.3921
vn 0.9939 -0.0000 0.1099
vn 0.6134 0.2756 0.7401
vn 0.8418 0.3648 0.3980
vn 0.9137 0.3863 0.1264
vn -0.8888 -0.3649 0.2773
vn -0.9283 -0.3517 0.1206
vn -0.9304 -0.3629 0.0521
vn -0.9586 -0.0000 0.2848
vn -0.9945 -0.0000 0.1048
vn -0.9994 -0.0000 0.0342
vn -0.8888 0.3649 0.2773
vn -0.9283 0.3517 0.1206
vn -0.9304 0.3629 0.0521
vn 0.1100 -0.9467 0.3028
vn 0.1882 -0.9446 0.2687
vn 0.2586 -0.9388 0.2276
vn 0.0806 -0.8957 0.4373
vn 0.1447 -0.9042 0.4018
vn 0.2044 -0.9127 0.3539
vn 0.0540 -0.8376 0.5436
vn 0.1026 -0.8519 0.5136
vn 0.1495 -0.8714 0.4672
vn 0.3881 -0.9119 0.1335
vn 0.4747 -0.8754 0.0910
vn 0.6060 -0.7934 0.0571
vn 0.3275 -0.9170 0.2279
vn 0.4233 -0.8916 0.1607
vn 0.5702 -0.8155 0.0994
vn 0.2611 -0.9095 0.3234
vn 0.3636 -0.9019 0.2333
vn 0.5260 -0.8383 0.1434
vn -0.5271 -0.8170 0.2337
vn -0.4246 -0.8745 0.2344
vn -0.3423 -0.8989 0.2736
vn -0.5452 -0.8136 0.2020
vn -0.4006 -0.8782 0.2613
vn -0.3037 -0.8937 0.3301
vn -0.5202 -0.8342 0.1830
vn -0.3571 -0.8925 0.2756
vn -0.2532 -0.8948 0.3678
vn -0.2066 -0.9194 0.3347
vn -0.1362 -0.9289 0.3445
vn -0.0587 -0.9379 0.3419
vn -0.1764 -0.8840 0.4330
vn -0.1175 -0.8814 0.4575
vn -0.0545 -0.8831 0.4659
vn -0.1403 -0.8541 0.5008
vn -0.0942 -0.8383 0.5370
vn -0.0464 -0.8302 0.5555
vn 0.1100 0.9467 0.3028
vn 0.0806 0.8957 0.4373
vn 0.0540 0.8376 0.5436
vn 0.1882 0.9446 0.2687
vn 0.1447 0.9042 0.4018
vn 0.1026 0.8519 0.5136
vn 0.2586 0.9388 0.2276
vn 0.2044 0.9127 0.3539
vn 0.1495 0.8714 0.4672
vn 0.3881 0.9119 0.1335
vn 0.3275 0.9170 0.2279
vn 0.2611 0.9095 0.3234
vn 0.4747 0.8754 0.0910
vn 0.4233 0.8916 0.1607
vn 0.3636 0.9019 0.2333
vn 0.6060 0.7934 0.0571
vn 0.5702 0.8155 0.0994
vn 0.5260 0.8383 0.1434
vn -0.5271 0.8170 0.2337
vn -0.5452 0.8136 0.2020
vn -0.5202 0.8342 0.1830
vn -0.4246 0.8745 0.2344
vn -0.4006 0.8782 0.2613
vn -0.3571 0.8925 0.2756
vn -0.3423 0.8989 0.2736
vn -0.3037 0.8937 0.3301
vn -0.2532 0.8948 0.3678
vn -0.2066 0.9194 0.3347
vn -0.1764 0.8840 0.4330
vn -0.1403 0.8541 0.5008
vn -0.1362 0.9289 0.3445
vn -0.1175 0.8814 0.4575
vn -0.0942 0.8383 0.5370
vn -0.0587 0.9379 0.3419
vn -0.0545 0.8831 0.4659
vn -0.0464 0.8302 0.5555
vn 0.9406 -0.3388 -0.0194
vn 0.9364 -0.3502 -0.0229
vn 0.9312 -0.3637 -0.0256
vn 1.0000 -0.0000 -0.0038
vn 1.0000 -0.0000 -0.0043
vn 1.0000 -0.0000 -0.0047
vn 0.9406 0.3388 -0.0194
vn 0.9364 0.3502 -0.0229
vn 0.9312 0.3637 -0.0256
vn -0.5468 -0.2463 -0.8002
vn -0.8128 -0.3511 -0.4649
vn -0.9101 -0.3842 -0.1554
vn -0.5863 -0.0000 -0.8101
vn -0.8891 -0.0000 -0.4576
vn -0.9908 -0.0000 -0.1352
vn -0.5468 0.2463 -0.8002
vn -0.8128 0.3511 -0.4649
vn -0.9101 0.3842 -0.1554
vn 0.0957 -0.8959 -0.4339
vn 0.0696 -0.8243 -0.5618
vn 0.0479 -0.7634 -0.6441
vn 0.1671 -0.9010 -0.4002
vn 0.1280 -0.8383 -0.5299
vn 0.0923 -0.7814 -0.6172
vn 0.2302 -0.9041 -0.3599
vn 0.1825 -0.8550 -0.4854
vn 0.1360 -0.8078 -0.5736
vn 0.3581 -0.8959 -0.2631
vn 0.3056 -0.8831 -0.3559
vn 0.2477 -0.8707 -0.4249
vn 0.4591 -0.8652 -0.2019
vn 0.4110 -0.8715 -0.2675
vn 0.3550 -0.8796 -0.3167
vn 0.6037 -0.7861 -0.1325
vn 0.5672 -0.8059 -0.1698
vn 0.5227 -0.8292 -0.1979
vn -0.3540 -0.8749 -0.3304
vn -0.4604 -0.8525 -0.2476
vn -0.6067 -0.7796 -0.1552
vn -0.3026 -0.8661 -0.3978
vn -0.4112 -0.8624 -0.2954
vn -0.5685 -0.8020 -0.1832
vn -0.2465 -0.8632 -0.4407
vn -0.3548 -0.8758 -0.3272
vn -0.5231 -0.8278 -0.2028
vn -0.2088 -0.8756 -0.4357
vn -0.1709 -0.8292 -0.5321
vn -0.1323 -0.7959 -0.5908
vn -0.1392 -0.8773 -0.4593
vn -0.1140 -0.8166 -0.5658
vn -0.0883 -0.7714 -0.6302
vn -0.0639 -0.8824 -0.4662
vn -0.0547 -0.8120 -0.5811
vn -0.0438 -0.7578 -0.6510
vn 0.0957 0.8959 -0.4339
vn 0.1671 0.9010 -0.4002
vn 0.2302 0.9041 -0.3599
vn 0.0696 0.8243 -0.5618
vn 0.1280 0.8383 -0.5299
vn 0.1825 0.8550 -0.4854
vn 0.0479 0.7634 -0.6441
vn 0.0923 0.7814 -0.6172
vn 0.1360 0.8078 -0.5736
vn 0.3581 0.8959 -0.2631
vn 0.4591 0.8652 -0.2019
vn 0.6037 0.7861 -0.1325
vn 0.3056 0.8831 -0.3559
vn 0.4110 0.8715 -0.2675
vn 0.5672 0.8059 -0.1698
vn 0.2477 0.8707 -0.4249
vn 0.3550 0.8796 -0.3167
vn 0.5227 0.8292 -0.1979
vn -0.3540 0.8749 -0.3304
vn -0.3026 0.8661 -0.3978
vn -0.2465 0.8632 -0.4407
vn -0.4604 0.8525 -0.2476
vn -0.4112 0.8624 -0.2954
vn -0.3548 0.8758 -0.3272
vn -0.6067 0.7796 -0.1552
vn -0.5685 0.8020 -0.1832
vn -0.5231 0.8278 -0.2028
vn -0.2088 0.8756 -0.4357
vn -0.1392 0.8773 -0.4593
vn -0.0639 0.8824 -0.4662
vn -0.1709 0.8293 -0.5321
vn -0.1140 0.8166 -0.5658
vn -0.0547 0.8120 -0.5811
vn -0.1323 0.7959 -0.5908
vn -0.0883 0.7714 -0.6302
vn -0.0438 0.7578 -0.6510
vn 0.5561 -0.2503 0.7925
vn 0.8172 -0.3531 0.4555
vn 0.9107 -0.3845 0.1512
vn 0.5963 -0.0000 0.8028
vn 0.8938 -0.0000 0.4485
vn 0.9913 -0.0000 0.1315
vn 0.5561 0.2503 0.7925
vn 0.8172 0.3531 0.4555
vn 0.9107 0.3845 0.1512
vn -0.5561 0.2503 0.7925
vn -0.8172 0.3531 0.4555
vn -0.9107 0.3845 0.1512
vn -0.5963 -0.0000 0.8028
vn -0.8938 -0.0000 0.4485
vn -0.9913 -0.0000 0.1315
vn -0.5561 -0.2503 0.7925
vn -0.8172 -0.3531 0.4555
vn -0.9107 -0.3845 0.1512
vn -0.0165 0.4536 0.8910
vn -0.0110 0.4377 0.8991
vn -0.0056 0.4283 0.9036
vn -0.0375 0.6416 0.7661
vn -0.0249 0.6153 0.7879
vn -0.0125 0.5996 0.8002
vn -0.0657 0.7498 0.6584
vn -0.0437 0.7192 0.6935
vn -0.0220 0.7007 0.7132
vn 0.0483 0.5067 0.8607
vn 0.1102 0.5363 0.8368
vn 0.2309 0.5467 0.8049
vn 0.0905 0.7253 0.6824
vn 0.1772 0.7664 0.6175
vn 0.3463 0.7636 0.5449
vn 0.1402 0.8391 0.5256
vn 0.2403 0.8731 0.4241
vn 0.4228 0.8509 0.3118
vn 0.0056 0.4283 0.9036
vn 0.0110 0.4377 0.8991
vn 0.0165 0.4536 0.8910
vn 0.0125 0.5996 0.8002
vn 0.0249 0.6153 0.7879
vn 0.0375 0.6416 0.7661
vn 0.0220 0.7007 0.7132
vn 0.0437 0.7192 0.6935
vn 0.0657 0.7498 0.6584
vn -0.6073 0.7798 0.1520
vn -0.5691 0.8026 0.1787
vn -0.5236 0.8288 0.1974
vn -0.4614 0.8531 0.2435
vn -0.4122 0.8640 0.2891
vn -0.3558 0.8783 0.3192
vn -0.3552 0.8760 0.3264
vn -0.3039 0.8690 0.3906
vn -0.2477 0.8676 0.4312
vn -0.0165 -0.4536 0.8910
vn -0.0375 -0.6416 0.7661
vn -0.0657 -0.7498 0.6584
vn -0.0110 -0.4377 0.8991
vn -0.0249 -0.6153 0.7879
vn -0.0437 -0.7192 0.6935
vn -0.0056 -0.4283 0.9036
vn -0.0125 -0.5996 0.8002
vn -0.0220 -0.7007 0.7132
vn 0.0483 -0.5067 0.8607
vn 0.0905 -0.7253 0.6824
vn 0.1402 -0.8391 0.5256
vn 0.1102 -0.5363 0.8368
vn 0.1772 -0.7664 0.6175
vn 0.2403 -0.8731 0.4241
vn 0.2309 -0.5467 0.8049
vn 0.3463 -0.7636 0.5449
vn 0.4228 -0.8509 0.3118
vn 0.0056 -0.4283 0.9036
vn 0.0125 -0.5996 0.8002
vn 0.0220 -0.7007 0.7132
vn 0.0110 -0.4377 0.8991
vn 0.0249 -0.6153 0.7879
vn 0.0437 -0.7192 0.6935
vn 0.0165 -0.4536 0.8910
vn 0.0375 -0.6416 0.7661
vn 0.0657 -0.7498 0.6584
vn -0.6073 -0.7798 0.1520
vn -0.4614 -0.8531 0.2435
vn -0.3552 -0.8760 0.3264
vn -0.5691 -0.8026 0.1787
vn -0.4122 -0.8640 0.2891
vn -0.3039 -0.8690 0.3906
vn -0.5236 -0.8288 0.1974
vn -0.3558 -0.8783 0.3192
vn -0.2477 -0.8676 0.4312
vn 0.6155 0.2818 -0.7360
vn 0.8410 0.3709 -0.3938
vn 0.9114 0.3921 -0.1248
vn 0.6616 -0.0000 -0.7498
vn 0.9213 -0.0000 -0.3889
vn 0.9941 -0.0000 -0.1088
vn 0.6155 -0.2818 -0.7360
vn 0.8410 -0.3709 -0.3938
vn 0.9114 -0.3921 -0.1248
vn -0.9392 0.3434 -0.0056
vn -0.9345 0.3558 -0.0102
vn -0.9289 0.3699 -0.0164
vn -1.0000 -0.0000 -0.0010
vn -1.0000 -0.0000 -0.0019
vn -1.0000 -0.0000 -0.0030
vn -0.9392 -0.3434 -0.0056
vn -0.9345 -0.3558 -0.0102
vn -0.9289 -0.3699 -0.0164
vn 0.3765 0.9198 -0.1109
vn 0.4732 0.8776 -0.0769
vn 0.6094 0.7916 -0.0452
vn 0.3216 0.9263 -0.1966
vn 0.4215 0.8962 -0.1384
vn 0.5695 0.8179 -0.0823
vn 0.2579 0.9186 -0.2994
vn 0.3604 0.9076 -0.2152
vn 0.5215 0.8432 -0.1303
vn 0.2398 0.9559 -0.1696
vn 0.1962 0.9360 -0.2922
vn 0.1473 0.8916 -0.4283
vn 0.1681 0.9673 -0.1902
vn 0.1360 0.9363 -0.3237
vn 0.1006 0.8781 -0.4677
vn 0.0875 0.9752 -0.2033
vn 0.0703 0.9366 -0.3432
vn 0.0515 0.8695 -0.4912
vn -0.2398 0.9559 -0.1696
vn -0.1681 0.9673 -0.1902
vn -0.0875 0.9752 -0.2033
vn -0.1962 0.9360 -0.2922
vn -0.1360 0.9363 -0.3237
vn -0.0703 0.9366 -0.3432
vn -0.1473 0.8916 -0.4283
vn -0.1006 0.8781 -0.4677
vn -0.0515 0.8695 -0.4912
vn -0.3765 0.9198 -0.1109
vn -0.3216 0.9263 -0.1966
vn -0.2579 0.9186 -0.2994
vn -0.4732 0.8776 -0.0769
vn -0.4215 0.8962 -0.1384
vn -0.3604 0.9076 -0.2152
vn -0.6094 0.7916 -0.0452
vn -0.5695 0.8179 -0.0823
vn -0.5215 0.8432 -0.1303
vn 0.3765 -0.9198 -0.1109
vn 0.3216 -0.9263 -0.1966
vn 0.2579 -0.9186 -0.2994
vn 0.4732 -0.8776 -0.0769
vn 0.4215 -0.8962 -0.1384
vn 0.3604 -0.9076 -0.2152
vn 0.6094 -0.7916 -0.0452
vn 0.5695 -0.8179 -0.0823
vn 0.5215 -0.8432 -0.1303
vn 0.2398 -0.9559 -0.1696
vn 0.1681 -0.9673 -0.1902
vn 0.0875 -0.9752 -0.2033
vn 0.1962 -0.9360 -0.2922
vn 0.1360 -0.9363 -0.3237
vn 0.0703 -0.9366 -0.3432
vn 0.1473 -0.8916 -0.4283
vn 0.1006 -0.8781 -0.4677
vn 0.0515 -0.8695 -0.4912
vn -0.2398 -0.9559 -0.1696
vn -0.1962 -0.9360 -0.2922
vn -0.1473 -0.8916 -0.4283
vn -0.1681 -0.9673 -0.1902
vn -0.1360 -0.9363 -0.3237
vn -0.1006 -0.8781 -0.4677
vn -0.0875 -0.9752 -0.2033
vn -0.0703 -0.9366 -0.3432
vn -0.0515 -0.8695 -0.4912
vn -0.3765 -0.9198 -0.1109
vn -0.4732 -0.8776 -0.0769
vn -0.6094 -0.7916 -0.0452
vn -0.3216 -0.9263 -0.1966
vn -0.4215 -0.8962 -0.1384
vn -0.5695 -0.8179 -0.0823
vn -0.2579 -0.9186 -0.2994
vn -0.3604 -0.9076 -0.2152
vn -0.5215 -0.8432 -0.1303
vt 0.312500 0.980771
vt 0.375000 0.980771
vt 0.375000 0.987536
vt 0.312500 0.987536
vt 0.437500 0.980771
vt 0.437500 0.987536
vt 0.375000 0.992644
vt 0.312500 0.992644
vt 0.437500 0.992644
vt 0.250000 0.972232
vt 0.312500 0.972232
vt 0.250000 0.980771
vt 0.375000 0.972231
vt 0.437500 0.972231
vt 0.500000 0.972232
vt 0.500000 0.980771
vt 0.500000 0.987536
vt 0.500000 0.992644
vt 0.500000 0.996213
vt 0.437500 0.996213
vt 0.375000 0.996213
vt 0.312500 0.996213
vt 0.250000 0.992644
vt 0.250000 0.996213
vt 0.250000 0.987536
vt 0.000000 0.831544
vt 0.000000 0.854444
vt 0.000000 0.854444
vt 0.000000 0.831544
vt 0.000000 0.874255
vt 0.000000 0.874256
vt 0.000000 0.831544
vt 0.000000 0.807101
vt 0.000000 0.807101
vt 0.000000 0.854444
vt 0.000000 0.874255
vt 0.000000 0.889436
vt 0.000000 0.889436
vt 0.000000 0.807101
vt 0.007658 0.833152
vt 0.006945 0.855290
vt 0.002054 0.854734
vt 0.002269 0.832025
vt 0.007481 0.875437
vt 0.002165 0.874686
vt 0.000257 0.854480
vt 0.000284 0.831604
vt 0.000271 0.874309
vt 0.021991 0.813962
vt 0.018163 0.835260
vt 0.009277 0.809996
vt 0.016544 0.855695
vt 0.018546 0.874995
vt 0.025257 0.894600
vt 0.007491 0.891536
vt 0.002065 0.890061
vt 0.000258 0.889514
vt 0.000000 0.874256
vt 0.000344 0.807208
vt 0.002749 0.807959
vt 0.312500 0.976182
vt 0.312500 0.985101
vt 0.375000 0.985101
vt 0.375000 0.976182
vt 0.312500 0.992845
vt 0.375000 0.992845
vt 0.437500 0.985101
vt 0.437500 0.976182
vt 0.437500 0.992845
vt 0.250000 0.965498
vt 0.250000 0.976182
vt 0.312500 0.965498
vt 0.250000 0.985101
vt 0.250000 0.992845
vt 0.250000 1.000000
vt 0.312500 1.000000
vt 0.375000 1.000000
vt 0.437500 1.000000
vt 0.500000 1.000000
vt 0.500000 0.992845
vt 0.500000 0.985101
vt 0.500000 0.976182
vt 0.437500 0.965498
vt 0.500000 0.965498
vt 0.375000 0.965498
vt 0.000000 0.000000
vt 0.000000 0.874255
vt 0.000000 0.807101
vt 0.000000 0.889436
vt 0.000000 0.831678
vt 0.000000 0.831587
vt 0.000000 0.854787
vt 0.000000 0.855516
vt 0.000000 0.831550
vt 0.000000 0.854486
vt 0.000000 0.875270
vt 0.000000 0.877570
vt 0.000000 0.874382
vt 0.000000 0.831801
vt 0.000000 0.889636
vt 0.000000 0.891037
vt 0.000000 0.895075
vt 0.000000 0.881202
vt 0.000000 0.905903
vt 0.000000 0.856502
vt 0.115052 0.869201
vt 0.131929 0.875313
vt 0.109308 0.880272
vt 0.091540 0.878008
vt 0.141658 0.882244
vt 0.106631 0.886322
vt 0.131929 0.875313
vt 0.075141 0.886853
vt 0.091540 0.878008
vt 0.106631 0.886322
vt 0.119491 0.850665
vt 0.143579 0.859804
vt 0.094519 0.862028
vt 0.164037 0.867967
vt 0.071305 0.872484
vt 0.193684 0.884878
vt 0.148894 0.889955
vt 0.180036 0.876199
vt 0.106054 0.893876
vt 0.049626 0.882294
vt 0.065773 0.895800
vt 0.071305 0.872484
vt 0.106054 0.893876
vt 0.062500 0.977421
vt 0.062500 0.985510
vt 0.125000 0.985232
vt 0.125000 0.976557
vt 0.062500 0.992896
vt 0.125000 0.992861
vt 0.187500 0.985118
vt 0.187500 0.976229
vt 0.187500 0.992847
vt 0.000000 0.971771
vt 0.000000 0.978828
vt 0.062500 0.967393
vt 0.000000 0.985886
vt 0.000000 0.992943
vt 0.000000 1.000000
vt 0.062500 1.000000
vt 0.125000 1.000000
vt 0.187500 1.000000
vt 0.187500 0.965563
vt 0.125000 0.966021
vt 0.000000 0.782400
vt 0.000000 0.782401
vt 0.000000 0.757700
vt 0.000000 0.733000
vt 0.000000 0.733000
vt 0.000000 0.732999
vt 0.000000 0.757700
vt 0.000000 0.708299
vt 0.000000 0.708299
vt 0.407775 0.799524
vt 0.460662 0.831464
vt 0.533532 0.814756
vt 0.480251 0.777028
vt 0.501796 0.863150
vt 0.571975 0.852458
vt 0.608324 0.798058
vt 0.554260 0.754412
vt 0.643704 0.841810
vt 0.282469 0.794022
vt 0.341655 0.819709
vt 0.343208 0.769790
vt 0.393129 0.846415
vt 0.435269 0.872705
vt 0.466451 0.897144
vt 0.531170 0.892125
vt 0.597838 0.886506
vt 0.665362 0.880915
vt 0.732646 0.875979
vt 0.714879 0.832385
vt 0.681622 0.783138
vt 0.624981 0.733868
vt 0.478386 0.715727
vt 0.541411 0.690454
vt 0.410415 0.742932
vt 0.000000 0.634198
vt 0.000000 0.634198
vt 0.000000 0.658898
vt 0.000000 0.658898
vt 0.000000 0.683599
vt 0.000000 0.683599
vt 0.000000 0.609497
vt 0.000000 0.609497
vt 0.000000 0.634198
vt 0.000000 0.658898
vt 0.036952 0.637860
vt 0.032009 0.663437
vt 0.009484 0.660243
vt 0.010902 0.635281
vt 0.026156 0.688832
vt 0.007750 0.685149
vt 0.001186 0.659066
vt 0.001363 0.634333
vt 0.000969 0.683792
vt 0.087246 0.615769
vt 0.088470 0.642907
vt 0.034958 0.612097
vt 0.075872 0.669657
vt 0.061999 0.696004
vt 0.049602 0.721572
vt 0.020926 0.713898
vt 0.006200 0.709958
vt 0.000775 0.708507
vt 0.000000 0.708299
vt 0.000000 0.683599
vt 0.000000 0.634198
vt 0.001282 0.609593
vt 0.000000 0.609497
vt 0.010253 0.610266
vt 0.000000 0.683599
vt 0.677693 0.694411
vt 0.736146 0.683116
vt 0.818999 0.737969
vt 0.735740 0.735973
vt 0.777120 0.667251
vt 0.848908 0.710289
vt 0.736146 0.683116
vt 0.904810 0.747401
vt 0.898094 0.776235
vt 0.848908 0.710289
vt 0.900044 0.811898
vt 0.836400 0.788625
vt 0.898094 0.776235
vt 0.763422 0.776980
vt 0.735740 0.735973
vt 0.532031 0.677169
vt 0.589579 0.657399
vt 0.608794 0.707657
vt 0.640083 0.641164
vt 0.658203 0.741574
vt 0.720733 0.614949
vt 0.804696 0.652618
vt 0.685093 0.626623
vt 0.868637 0.692222
vt 0.940086 0.752841
vt 0.943613 0.774116
vt 0.914532 0.728068
vt 0.945632 0.803543
vt 0.950456 0.864167
vt 0.904784 0.845692
vt 0.947902 0.835237
vt 0.845187 0.826857
vt 0.945632 0.803543
vt 0.701196 0.809812
vt 0.685671 0.776260
vt 0.776114 0.814141
vt 0.658203 0.741574
vt 0.170413 0.651249
vt 0.271096 0.663643
vt 0.229691 0.693444
vt 0.144891 0.679691
vt 0.374759 0.680657
vt 0.317583 0.710548
vt 0.188157 0.722504
vt 0.118456 0.707458
vt 0.261096 0.740075
vt 0.186797 0.622764
vt 0.306534 0.634441
vt 0.427042 0.652528
vt 0.532031 0.677169
vt 0.465983 0.702164
vt 0.395788 0.730423
vt 0.327254 0.759078
vt 0.266188 0.785259
vt 0.210726 0.767104
vt 0.151077 0.749441
vt 0.094837 0.733766
vt 0.075872 0.669657
vt 0.034604 0.838661
vt 0.054181 0.844186
vt 0.045912 0.854739
vt 0.031404 0.855462
vt 0.073969 0.852897
vt 0.055276 0.863463
vt 0.054181 0.844186
vt 0.035902 0.870653
vt 0.021991 0.813962
vt 0.042033 0.820368
vt 0.018163 0.835260
vt 0.066875 0.829185
vt 0.119491 0.850665
vt 0.094519 0.862028
vt 0.093361 0.839910
vt 0.071305 0.872484
vt 0.049626 0.882294
vt 0.016544 0.855695
vt 0.130464 0.875614
vt 0.103238 0.884322
vt 0.127577 0.889297
vt 0.154965 0.885542
vt 0.082737 0.895240
vt 0.125542 0.897867
vt 0.103238 0.884322
vt 0.169763 0.896792
vt 0.154965 0.885541
vt 0.129630 0.854672
vt 0.102503 0.865407
vt 0.162706 0.867487
vt 0.075810 0.876057
vt 0.192853 0.880345
vt 0.067690 0.908676
vt 0.046929 0.887728
vt 0.123987 0.910077
vt 0.232639 0.908190
vt 0.216272 0.893860
vt 0.178367 0.909669
vt 0.192853 0.880345
vt 0.346811 0.535313
vt 0.245706 0.538999
vt 0.347734 0.574739
vt 0.464469 0.560929
vt 0.125772 0.538054
vt 0.160393 0.565864
vt 0.164306 0.593143
vt 0.325458 0.606927
vt 0.160393 0.565864
vt 0.473277 0.631984
vt 0.522186 0.608516
vt 0.325458 0.606927
vt 0.594995 0.587969
vt 0.464469 0.560929
vt 0.522186 0.608516
vt 0.316307 0.510695
vt 0.237230 0.510695
vt 0.437168 0.529747
vt 0.158153 0.510695
vt 0.558029 0.548800
vt 0.000000 0.510695
vt 0.000000 0.535396
vt 0.079077 0.510695
vt 0.000000 0.560096
vt 0.152178 0.620038
vt 0.000000 0.584797
vt 0.297850 0.634796
vt 0.541411 0.690454
vt 0.596367 0.668360
vt 0.430230 0.657567
vt 0.650452 0.646571
vt 0.297850 0.634796
vt 0.799751 0.586904
vt 0.678890 0.567852
vt 0.713041 0.621380
vt 0.650452 0.646571
vt 0.188162 0.980770
vt 0.188235 0.987528
vt 0.130883 0.987474
vt 0.130293 0.980764
vt 0.188394 0.992621
vt 0.132149 0.992458
vt 0.082128 0.987359
vt 0.080334 0.980749
vt 0.086128 0.992094
vt 0.250000 0.972232
vt 0.250000 0.980771
vt 0.188151 0.972232
vt 0.250000 0.987536
vt 0.250000 0.992644
vt 0.250000 0.996213
vt 0.188489 0.996173
vt 0.132909 0.995889
vt 0.088907 0.995189
vt 0.062500 0.994320
vt 0.052937 0.991841
vt 0.045235 0.987290
vt 0.042113 0.980741
vt 0.080078 0.972232
vt 0.041667 0.972232
vt 0.130208 0.972232
vt 0.000000 0.585054
vt 0.000000 0.585054
vt 0.000000 0.562155
vt 0.000000 0.562155
vt 0.000000 0.542343
vt 0.000000 0.542343
vt 0.000000 0.527162
vt 0.000000 0.527162
vt 0.000000 0.658898
vt 0.812500 0.976229
vt 0.812500 0.985118
vt 0.875000 0.985232
vt 0.875000 0.976558
vt 0.812500 0.992847
vt 0.875000 0.992861
vt 0.937500 0.985510
vt 0.937500 0.977421
vt 0.937500 0.992896
vt 0.750000 0.965498
vt 0.750000 0.976182
vt 0.812500 0.965563
vt 0.750000 0.985101
vt 0.750000 0.992845
vt 0.750000 1.000000
vt 0.812500 1.000000
vt 0.875000 1.000000
vt 0.937500 1.000000
vt 1.000000 1.000000
vt 1.000000 0.992943
vt 1.000000 0.985886
vt 1.000000 0.978828
vt 0.937500 0.967393
vt 1.000000 0.971771
vt 0.875000 0.966021
vt 0.562500 0.976182
vt 0.562500 0.985101
vt 0.625000 0.985101
vt 0.625000 0.976182
vt 0.562500 0.992845
vt 0.625000 0.992845
vt 0.687500 0.985101
vt 0.687500 0.976182
vt 0.687500 0.992845
vt 0.562500 0.965498
vt 0.562500 1.000000
vt 0.625000 1.000000
vt 0.687500 1.000000
vt 0.687500 0.965498
vt 0.625000 0.965498
vt 0.000000 0.542343
vt 0.000000 0.585054
vt 0.000000 0.585054
vt 0.000000 0.539089
vt 0.000000 0.541356
vt 0.000000 0.561812
vt 0.000000 0.561082
vt 0.000000 0.542219
vt 0.000000 0.562112
vt 0.000000 0.585011
vt 0.000000 0.584920
vt 0.000000 0.585049
vt 0.000000 0.510695
vt 0.000000 0.522188
vt 0.000000 0.525790
vt 0.000000 0.526991
vt 0.000000 0.584797
vt 0.000000 0.562155
vt 0.000847 0.542396
vt 0.006775 0.562577
vt 0.002168 0.562290
vt 0.000271 0.542360
vt 0.020708 0.586394
vt 0.006431 0.585471
vt 0.000271 0.562172
vt 0.000034 0.542345
vt 0.000804 0.585106
vt 0.009673 0.527323
vt 0.013418 0.542741
vt 0.025605 0.563374
vt 0.052244 0.588184
vt 0.811838 0.980770
vt 0.869707 0.980764
vt 0.869117 0.987475
vt 0.811765 0.987528
vt 0.919666 0.980749
vt 0.917872 0.987359
vt 0.867851 0.992458
vt 0.811606 0.992621
vt 0.913872 0.992094
vt 0.750000 0.972232
vt 0.811849 0.972232
vt 0.750000 0.980771
vt 0.869792 0.972232
vt 0.919922 0.972232
vt 0.958333 0.972232
vt 0.957887 0.980740
vt 0.954765 0.987290
vt 0.947063 0.991841
vt 0.937500 0.994320
vt 0.911093 0.995189
vt 0.867091 0.995889
vt 0.811512 0.996173
vt 0.750000 0.992644
vt 0.750000 0.996213
vt 0.750000 0.987536
vt 0.134245 0.647447
vt 0.113744 0.675054
vt 0.223060 0.693193
vt 0.262725 0.663692
vt 0.093021 0.702193
vt 0.183158 0.721974
vt 0.323485 0.715246
vt 0.379557 0.685751
vt 0.267522 0.744121
vt 0.074422 0.728197
vt 0.147322 0.748708
vt 0.217179 0.770445
vt 0.282469 0.794022
vt 0.343208 0.769790
vt 0.410415 0.742932
vt 0.430230 0.657567
vt 0.541411 0.690454
vt 0.297850 0.634796
vt 0.142279 0.545911
vt 0.269646 0.547904
vt 0.352059 0.576886
vt 0.172136 0.568586
vt 0.363335 0.546099
vt 0.453067 0.566855
vt 0.269646 0.547904
vt 0.570412 0.593392
vt 0.515442 0.607488
vt 0.453067 0.566855
vt 0.471167 0.627877
vt 0.331943 0.606603
vt 0.515442 0.607489
vt 0.185913 0.594822
vt 0.172136 0.568585
vt 0.009673 0.527323
vt 0.114437 0.529033
vt 0.219061 0.530562
vt 0.362325 0.533192
vt 0.422264 0.542791
vt 0.305020 0.531706
vt 0.512323 0.560012
vt 0.219061 0.530562
vt 0.720733 0.614949
vt 0.617836 0.583930
vt 0.640083 0.641164
vt 0.512323 0.560013
vt 0.532031 0.677169
vt 0.427042 0.652528
vt 0.306534 0.634441
vt 0.186797 0.622764
vt 0.025605 0.563374
vt 0.306534 0.634441
vt 0.378934 0.778597
vt 0.454474 0.752437
vt 0.495658 0.775962
vt 0.417727 0.798452
vt 0.532872 0.727653
vt 0.577284 0.755779
vt 0.524463 0.800395
vt 0.447565 0.818651
vt 0.605002 0.785062
vt 0.266188 0.785259
vt 0.327254 0.759078
vt 0.311582 0.802724
vt 0.395788 0.730423
vt 0.465983 0.702164
vt 0.532031 0.677170
vt 0.608794 0.707657
vt 0.658203 0.741574
vt 0.685671 0.776260
vt 0.701196 0.809812
vt 0.623740 0.814345
vt 0.546585 0.825229
vt 0.472451 0.839213
vt 0.377819 0.836222
vt 0.404060 0.853043
vt 0.347893 0.819581
vt 0.562500 0.980771
vt 0.625000 0.980771
vt 0.625000 0.987536
vt 0.562500 0.987536
vt 0.687500 0.980771
vt 0.687500 0.987536
vt 0.625000 0.992644
vt 0.562500 0.992644
vt 0.687500 0.992644
vt 0.562500 0.972232
vt 0.625000 0.972231
vt 0.687500 0.972232
vt 0.750000 0.987536
vt 0.750000 0.992644
vt 0.687500 0.996213
vt 0.625000 0.996213
vt 0.562500 0.996213
vt 0.000000 0.831544
vt 0.000000 0.889436
vt 0.000000 0.757700
vt 0.000000 0.782401
vt 0.000000 0.733000
vt 0.000000 0.757700
vt 0.016801 0.738501
vt 0.013663 0.762669
vt 0.004048 0.759172
vt 0.004978 0.734630
vt 0.011245 0.786477
vt 0.003332 0.783608
vt 0.000506 0.757884
vt 0.000622 0.733203
vt 0.000416 0.782552
vt 0.039824 0.746039
vt 0.032387 0.769479
vt 0.026654 0.792064
vt 0.000000 0.782400
vt 0.027087 0.837257
vt 0.024794 0.855874
vt 0.043945 0.855258
vt 0.052816 0.844188
vt 0.029895 0.873382
vt 0.055570 0.865081
vt 0.024794 0.855874
vt 0.076890 0.854284
vt 0.032914 0.817536
vt 0.065394 0.828828
vt 0.046929 0.887728
vt 0.075810 0.876057
vt 0.000000 0.856502
vt 0.097295 0.841493
vt 0.065394 0.828828
vt 0.256389 0.822176
vt 0.289409 0.836473
vt 0.240932 0.849434
vt 0.211880 0.837378
vt 0.317790 0.850262
vt 0.266260 0.860966
vt 0.199972 0.859565
vt 0.175222 0.849523
vt 0.221064 0.869292
vt 0.311582 0.802724
vt 0.216938 0.806764
vt 0.347893 0.819581
vt 0.404060 0.853043
vt 0.343372 0.864139
vt 0.289307 0.872618
vt 0.240025 0.879268
vt 0.193685 0.884878
vt 0.180036 0.876199
vt 0.164037 0.867967
vt 0.143579 0.859804
vt 0.146525 0.838323
vt 0.178029 0.824071
vt 0.076192 0.757991
vt 0.121695 0.773194
vt 0.099135 0.794015
vt 0.061984 0.780277
vt 0.170536 0.790007
vt 0.139287 0.809177
vt 0.081497 0.812485
vt 0.051001 0.800958
vt 0.114417 0.825512
vt 0.093361 0.839910
vt 0.066875 0.829185
vt 0.042033 0.820368
vt 0.026654 0.792064
vt 0.032387 0.769479
vt 0.059743 0.752557
vt 0.048573 0.775386
vt 0.096902 0.793255
vt 0.118838 0.772386
vt 0.039951 0.796955
vt 0.079695 0.811881
vt 0.144778 0.811449
vt 0.176639 0.792753
vt 0.119147 0.827405
vt 0.097295 0.841493
vt 0.129630 0.854672
vt 0.158710 0.843175
vt 0.192137 0.829938
vt 0.232520 0.813905
vt 0.285548 0.835923
vt 0.238460 0.848629
vt 0.281256 0.867356
vt 0.333537 0.858264
vt 0.198232 0.858819
vt 0.234841 0.874460
vt 0.317649 0.885920
vt 0.374005 0.880221
vt 0.265354 0.890299
vt 0.341655 0.819709
vt 0.162706 0.867487
vt 0.192853 0.880345
vt 0.216272 0.893860
vt 0.232639 0.908190
vt 0.288050 0.906345
vt 0.345199 0.904065
vt 0.404520 0.901086
vt 0.435269 0.872705
vt 0.466451 0.897144
vt 0.393129 0.846415
vt 0.689206 0.716308
vt 0.752383 0.771400
vt 0.834578 0.762767
vt 0.748127 0.696449
vt 0.784467 0.826016
vt 0.855225 0.828402
vt 0.927982 0.846529
vt 0.926588 0.802667
vt 0.855225 0.828402
vt 0.936067 0.762456
vt 0.869621 0.717241
vt 0.799534 0.666989
vt 0.748127 0.696449
vt 0.869621 0.717241
vt 0.541411 0.690454
vt 0.624981 0.733868
vt 0.596367 0.668360
vt 0.681622 0.783138
vt 0.798985 0.872893
vt 0.714879 0.832385
vt 0.865232 0.875135
vt 0.681622 0.783138
vt 1.000000 0.905903
vt 1.000000 0.872150
vt 0.932328 0.885775
vt 1.000000 0.838396
vt 0.865232 0.875135
vt 1.000000 0.770889
vt 0.949938 0.724892
vt 1.000000 0.804642
vt 0.899876 0.678896
vt 0.713041 0.621381
vt 0.849813 0.632900
vt 0.899876 0.678896
vt 0.495549 0.860054
vt 0.566728 0.849944
vt 0.585048 0.873879
vt 0.516581 0.880667
vt 0.640202 0.842630
vt 0.655116 0.869262
vt 0.600567 0.896341
vt 0.534412 0.900438
vt 0.667711 0.893664
vt 0.428665 0.870296
vt 0.713975 0.840780
vt 0.725425 0.868768
vt 0.735017 0.893649
vt 0.742221 0.915294
vt 0.677220 0.915263
vt 0.612305 0.916634
vt 0.547905 0.918756
vt 0.470070 0.904715
vt 0.484448 0.920977
vt 0.451072 0.887671
vt 0.785756 0.846252
vt 0.852090 0.857692
vt 0.857953 0.882535
vt 0.794196 0.873673
vt 0.909144 0.872498
vt 0.912773 0.893098
vt 0.862662 0.902872
vt 0.801141 0.897076
vt 0.915639 0.909485
vt 0.776114 0.814141
vt 0.845187 0.826857
vt 0.904784 0.845692
vt 0.952740 0.886288
vt 0.954631 0.902585
vt 0.956118 0.915298
vt 0.957189 0.926672
vt 0.917709 0.923650
vt 0.866102 0.920193
vt 0.806297 0.917131
vt 0.157162 0.898186
vt 0.166041 0.907028
vt 0.115030 0.909606
vt 0.109432 0.901583
vt 0.174318 0.916641
vt 0.120651 0.918310
vt 0.070301 0.911709
vt 0.066179 0.904020
vt 0.074145 0.919738
vt 0.207182 0.894182
vt 0.148894 0.889955
vt 0.220148 0.904163
vt 0.231561 0.914845
vt 0.240395 0.926246
vt 0.180922 0.927185
vt 0.125206 0.928065
vt 0.077001 0.928826
vt 0.040066 0.929410
vt 0.038499 0.920845
vt 0.035935 0.913414
vt 0.031954 0.906077
vt 0.065773 0.895800
vt 0.258213 0.889886
vt 0.311165 0.884878
vt 0.331156 0.897686
vt 0.275061 0.901154
vt 0.367497 0.878550
vt 0.389478 0.893334
vt 0.348158 0.910847
vt 0.289523 0.912980
vt 0.408122 0.908180
vt 0.193685 0.884878
vt 0.240025 0.879268
vt 0.207182 0.894182
vt 0.289307 0.872618
vt 0.343372 0.864139
vt 0.422234 0.922778
vt 0.361050 0.924164
vt 0.300551 0.925274
vt 0.231561 0.914845
vt 0.220148 0.904163
vt 0.312500 0.980830
vt 0.312500 0.988009
vt 0.375000 0.988009
vt 0.375000 0.980830
vt 0.312500 0.994241
vt 0.375000 0.994241
vt 0.437500 0.988009
vt 0.437500 0.980830
vt 0.437500 0.994241
vt 0.250000 0.972232
vt 0.250000 0.980830
vt 0.312500 0.972232
vt 0.250000 0.988009
vt 0.250000 0.994241
vt 0.500000 0.994241
vt 0.500000 0.988009
vt 0.500000 0.980830
vt 0.437500 0.972232
vt 0.500000 0.972232
vt 0.375000 0.972232
vt 0.000000 0.875250
vt 0.000000 0.877526
vt 0.000000 0.874380
vt 0.000000 0.889615
vt 0.000000 0.890872
vt 0.000000 0.894580
vt 0.312500 0.976108
vt 0.375000 0.976108
vt 0.375000 0.984513
vt 0.312500 0.984513
vt 0.437500 0.976108
vt 0.437500 0.984513
vt 0.375000 0.990860
vt 0.312500 0.990860
vt 0.437500 0.990860
vt 0.250000 0.965498
vt 0.312500 0.965498
vt 0.250000 0.976108
vt 0.375000 0.965498
vt 0.437500 0.965498
vt 0.500000 0.965498
vt 0.500000 0.976108
vt 0.500000 0.984513
vt 0.500000 0.990860
vt 0.500000 0.995295
vt 0.437500 0.995295
vt 0.375000 0.995295
vt 0.312500 0.995295
vt 0.250000 0.990860
vt 0.250000 0.995295
vt 0.250000 0.984513
vt 0.007686 0.833189
vt 0.007164 0.855587
vt 0.002124 0.854835
vt 0.002277 0.832038
vt 0.008152 0.876413
vt 0.002367 0.874997
vt 0.000265 0.854492
vt 0.000285 0.831606
vt 0.000296 0.874348
vt 0.018215 0.835317
vt 0.016959 0.856153
vt 0.019974 0.876667
vt 0.029040 0.900414
vt 0.008527 0.893528
vt 0.002347 0.890630
vt 0.000293 0.889585
vt 0.114882 0.869276
vt 0.090206 0.878601
vt 0.108642 0.880576
vt 0.131824 0.875360
vt 0.070830 0.888701
vt 0.105237 0.886920
vt 0.090206 0.878601
vt 0.141481 0.882320
vt 0.131824 0.875361
vt 0.105237 0.886920
vt 0.119491 0.850666
vt 0.094261 0.862130
vt 0.143579 0.859804
vt 0.069240 0.873295
vt 0.164037 0.867967
vt 0.056937 0.898890
vt 0.042135 0.885338
vt 0.103510 0.894726
vt 0.180036 0.876199
vt 0.148576 0.890061
vt 0.164037 0.867967
vt 0.103510 0.894727
vt 0.080334 0.976081
vt 0.130293 0.976099
vt 0.130883 0.984437
vt 0.082128 0.984294
vt 0.188162 0.976107
vt 0.188235 0.984504
vt 0.132149 0.990629
vt 0.086128 0.990177
vt 0.188394 0.990831
vt 0.041667 0.965498
vt 0.080078 0.965498
vt 0.042113 0.976070
vt 0.130208 0.965498
vt 0.188151 0.965498
vt 0.250000 0.965498
vt 0.250000 0.976108
vt 0.250000 0.990860
vt 0.250000 0.995295
vt 0.188489 0.995245
vt 0.132909 0.994892
vt 0.088907 0.994023
vt 0.052937 0.989863
vt 0.062500 0.992943
vt 0.045235 0.984208
vt 0.407775 0.799524
vt 0.480250 0.777028
vt 0.533532 0.814756
vt 0.460662 0.831464
vt 0.608324 0.798058
vt 0.571975 0.852458
vt 0.501796 0.863150
vt 0.643704 0.841809
vt 0.343208 0.769790
vt 0.410415 0.742932
vt 0.478386 0.715727
vt 0.624981 0.733868
vt 0.681622 0.783138
vt 0.714879 0.832385
vt 0.732646 0.875979
vt 0.665362 0.880915
vt 0.597838 0.886506
vt 0.466451 0.897144
vt 0.393129 0.846415
vt 0.678559 0.694102
vt 0.736564 0.736085
vt 0.826625 0.739055
vt 0.742969 0.680428
vt 0.764233 0.777482
vt 0.842941 0.792862
vt 0.736564 0.736085
vt 0.922200 0.826873
vt 0.922756 0.787957
vt 0.934837 0.752315
vt 0.867972 0.704996
vt 0.922756 0.787957
vt 0.799352 0.657424
vt 0.742969 0.680428
vt 0.867972 0.704995
vt 0.532031 0.677169
vt 0.590665 0.657017
vt 0.658203 0.741574
vt 0.648771 0.638111
vt 0.776888 0.814685
vt 0.685671 0.776260
vt 0.851380 0.831212
vt 1.000000 0.870276
vt 0.925685 0.860821
vt 1.000000 0.834649
vt 1.000000 0.763394
vt 0.951380 0.718723
vt 1.000000 0.799022
vt 0.902759 0.674052
vt 0.805519 0.584709
vt 0.715371 0.615955
vt 0.854139 0.629380
vt 0.133461 0.647587
vt 0.112882 0.675152
vt 0.220207 0.692099
vt 0.260193 0.662559
vt 0.092300 0.702225
vt 0.180407 0.720953
vt 0.316397 0.710380
vt 0.373396 0.680521
vt 0.260127 0.739881
vt 0.151839 0.620165
vt 0.073911 0.728166
vt 0.144877 0.747782
vt 0.209951 0.766897
vt 0.327254 0.759078
vt 0.465983 0.702164
vt 0.425760 0.652432
vt 0.296281 0.633671
vt 0.026914 0.837189
vt 0.024331 0.855691
vt 0.042832 0.854818
vt 0.051739 0.843763
vt 0.028388 0.872743
vt 0.052937 0.864020
vt 0.024331 0.855691
vt 0.073424 0.852912
vt 0.051739 0.843763
vt 0.052937 0.864020
vt 0.032755 0.817473
vt 0.064126 0.828327
vt 0.042135 0.885338
vt 0.069240 0.873295
vt 0.093017 0.839803
vt 0.094261 0.862130
vt 0.130660 0.875576
vt 0.155087 0.885518
vt 0.128349 0.889144
vt 0.104778 0.884025
vt 0.169967 0.896754
vt 0.127154 0.897570
vt 0.155087 0.885518
vt 0.087711 0.894322
vt 0.127154 0.897570
vt 0.129630 0.854672
vt 0.102796 0.865357
vt 0.192853 0.880345
vt 0.078157 0.875650
vt 0.232639 0.908190
vt 0.178733 0.909619
vt 0.126913 0.909670
vt 0.192853 0.880345
vt 0.055456 0.886180
vt 0.077862 0.907221
vt 0.078157 0.875650
vt 0.126913 0.909670
vt 0.354772 0.546442
vt 0.446407 0.567900
vt 0.348694 0.577609
vt 0.263825 0.548018
vt 0.566143 0.596300
vt 0.514299 0.611085
vt 0.446407 0.567900
vt 0.473114 0.632358
vt 0.331723 0.607622
vt 0.185411 0.594709
vt 0.170350 0.568563
vt 0.331723 0.607622
vt 0.139317 0.545898
vt 0.170350 0.568563
vt 0.350888 0.533540
vt 0.411465 0.543342
vt 0.295035 0.531899
vt 0.503116 0.561158
vt 0.211755 0.530608
vt 0.716539 0.619569
vt 0.683590 0.633009
vt 0.610978 0.586341
vt 0.642017 0.649905
vt 0.503116 0.561158
vt 0.431517 0.657659
vt 0.595313 0.668777
vt 0.308145 0.635537
vt 0.087506 0.615539
vt 0.042400 0.587664
vt 0.187271 0.622540
vt 0.013054 0.562928
vt 0.308145 0.635537
vt 0.110590 0.529025
vt 0.001632 0.542439
vt 0.187500 0.980868
vt 0.125000 0.981133
vt 0.125000 0.988114
vt 0.187500 0.988022
vt 0.062500 0.981828
vt 0.062500 0.988338
vt 0.125000 0.994254
vt 0.187500 0.994243
vt 0.062500 0.994282
vt 0.187500 0.972284
vt 0.250000 0.980830
vt 0.125000 0.972652
vt 0.062500 0.973757
vt 0.000000 0.977280
vt 0.000000 0.982960
vt 0.000000 0.988640
vt 0.000000 0.994320
vt 0.250000 0.994241
vt 0.000000 0.527162
vt 0.037137 0.637755
vt 0.032198 0.663349
vt 0.009540 0.660217
vt 0.010958 0.635250
vt 0.026297 0.688773
vt 0.007792 0.685132
vt 0.001193 0.659063
vt 0.001370 0.634329
vt 0.000974 0.683790
vt 0.088899 0.642658
vt 0.035093 0.611999
vt 0.076321 0.669448
vt 0.062334 0.695863
vt 0.049784 0.721496
vt 0.021003 0.713867
vt 0.006223 0.709949
vt 0.000778 0.708505
vt 0.001287 0.609590
vt 0.010295 0.610237
vt 0.811838 0.976107
vt 0.869707 0.976099
vt 0.869117 0.984437
vt 0.811765 0.984504
vt 0.919666 0.976081
vt 0.917872 0.984294
vt 0.867851 0.990629
vt 0.811606 0.990831
vt 0.913872 0.990177
vt 0.811849 0.965498
vt 0.750000 0.976108
vt 0.869792 0.965498
vt 0.919922 0.965498
vt 0.958333 0.965498
vt 0.957887 0.976070
vt 0.954765 0.984208
vt 0.947063 0.989863
vt 0.937500 0.992943
vt 0.911093 0.994023
vt 0.867091 0.994892
vt 0.811512 0.995245
vt 0.750000 0.990860
vt 0.750000 0.995295
vt 0.750000 0.984513
vt 0.562500 0.976108
vt 0.625000 0.976108
vt 0.625000 0.984513
vt 0.562500 0.984513
vt 0.687500 0.976108
vt 0.687500 0.984513
vt 0.625000 0.990860
vt 0.562500 0.990860
vt 0.687500 0.990860
vt 0.562500 0.965498
vt 0.625000 0.965498
vt 0.750000 0.965498
vt 0.750000 0.976108
vt 0.750000 0.984513
vt 0.750000 0.990860
vt 0.687500 0.995295
vt 0.625000 0.995295
vt 0.562500 0.995295
vt 0.000850 0.542393
vt 0.006799 0.562558
vt 0.002176 0.562284
vt 0.000272 0.542359
vt 0.020782 0.586336
vt 0.006454 0.585453
vt 0.000272 0.562171
vt 0.000034 0.542345
vt 0.000807 0.585104
vt 0.001632 0.542439
vt 0.042400 0.587664
vt 0.000000 0.542219
vt 0.000000 0.562112
vt 0.000000 0.526991
vt 0.000000 0.542343
vt 0.812500 0.980868
vt 0.812500 0.988022
vt 0.875000 0.988114
vt 0.875000 0.981133
vt 0.812500 0.994243
vt 0.875000 0.994254
vt 0.937500 0.988338
vt 0.937500 0.981828
vt 0.937500 0.994282
vt 0.750000 0.972232
vt 0.750000 0.980830
vt 0.812500 0.972284
vt 0.750000 0.988009
vt 0.750000 0.994241
vt 1.000000 0.994320
vt 1.000000 0.988640
vt 1.000000 0.982960
vt 0.937500 0.973757
vt 1.000000 0.977280
vt 0.875000 0.972652
vt 0.171381 0.651004
vt 0.273682 0.664745
vt 0.232600 0.694512
vt 0.145942 0.679505
vt 0.380927 0.685882
vt 0.324677 0.715411
vt 0.190949 0.723507
vt 0.119318 0.707367
vt 0.268496 0.744313
vt 0.187271 0.622540
vt 0.088899 0.642658
vt 0.431517 0.657659
vt 0.478386 0.715727
vt 0.217957 0.770652
vt 0.153545 0.750358
vt 0.095425 0.733765
vt 0.049784 0.721496
vt 0.129224 0.538060
vt 0.162353 0.565866
vt 0.351573 0.574019
vt 0.252887 0.538889
vt 0.164900 0.593198
vt 0.325744 0.605891
vt 0.162353 0.565866
vt 0.471369 0.627514
vt 0.523624 0.605018
vt 0.325744 0.605891
vt 0.600270 0.585395
vt 0.472811 0.559919
vt 0.523624 0.605018
vt 0.358366 0.534995
vt 0.252887 0.538889
vt 0.472811 0.559918
vt 0.084000 0.510695
vt 0.167999 0.510695
vt 0.296281 0.633671
vt 0.590665 0.657017
vt 0.296281 0.633671
vt 0.688139 0.566206
vt 0.715371 0.615955
vt 0.570759 0.547702
vt 0.648771 0.638111
vt 0.335999 0.510695
vt 0.251999 0.510695
vt 0.453379 0.529199
vt 0.570759 0.547702
vt 0.417727 0.798452
vt 0.447565 0.818651
vt 0.577284 0.755779
vt 0.532872 0.727653
vt 0.605002 0.785062
vt 0.347893 0.819581
vt 0.377819 0.836222
vt 0.472451 0.839213
vt 0.623740 0.814345
vt 0.685671 0.776260
vt 0.532031 0.677170
vt 0.395788 0.730423
vt 0.562500 0.980830
vt 0.562500 0.988009
vt 0.625000 0.988009
vt 0.625000 0.980830
vt 0.562500 0.994241
vt 0.625000 0.994241
vt 0.687500 0.988009
vt 0.687500 0.980830
vt 0.687500 0.994241
vt 0.562500 0.972232
vt 0.687500 0.972232
vt 0.625000 0.972232
vt 0.016833 0.738487
vt 0.013673 0.762666
vt 0.004051 0.759171
vt 0.004988 0.734626
vt 0.011246 0.786477
vt 0.003332 0.783608
vt 0.000506 0.757884
vt 0.000623 0.733203
vt 0.000417 0.782551
vt 0.039901 0.746007
vt 0.032409 0.769470
vt 0.026657 0.792062
vt 0.034806 0.838768
vt 0.055275 0.844636
vt 0.047131 0.855331
vt 0.032090 0.855948
vt 0.077461 0.854306
vt 0.058115 0.864820
vt 0.055275 0.844636
vt 0.038079 0.872226
vt 0.058115 0.864820
vt 0.042191 0.820430
vt 0.018215 0.835317
vt 0.068142 0.829686
vt 0.016959 0.856153
vt 0.129630 0.854672
vt 0.102796 0.865357
vt 0.097638 0.841600
vt 0.078157 0.875650
vt 0.078157 0.875650
vt 0.256389 0.822176
vt 0.211880 0.837378
vt 0.240932 0.849434
vt 0.289409 0.836473
vt 0.175222 0.849523
vt 0.266260 0.860966
vt 0.317790 0.850262
vt 0.221064 0.869292
vt 0.216938 0.806765
vt 0.311582 0.802724
vt 0.178029 0.824071
vt 0.146525 0.838323
vt 0.119491 0.850665
vt 0.164037 0.867967
vt 0.193684 0.884878
vt 0.240025 0.879268
vt 0.343372 0.864139
vt 0.404060 0.853043
vt 0.347893 0.819581
vt 0.059392 0.752490
vt 0.048321 0.775307
vt 0.095087 0.792543
vt 0.116717 0.771564
vt 0.039756 0.796881
vt 0.078165 0.811277
vt 0.138781 0.808993
vt 0.169914 0.789803
vt 0.114000 0.825361
vt 0.076576 0.758044
vt 0.123825 0.774011
vt 0.100953 0.794726
vt 0.062246 0.780351
vt 0.177262 0.792956
vt 0.145284 0.811633
vt 0.083027 0.813089
vt 0.051197 0.801031
vt 0.119563 0.827556
vt 0.039901 0.746007
vt 0.232520 0.813905
vt 0.158710 0.843176
vt 0.097638 0.841600
vt 0.068142 0.829686
vt 0.042191 0.820430
vt 0.032409 0.769470
vt 0.285548 0.835923
vt 0.333537 0.858264
vt 0.281256 0.867356
vt 0.238460 0.848629
vt 0.374005 0.880221
vt 0.198232 0.858819
vt 0.265354 0.890299
vt 0.341655 0.819710
vt 0.393129 0.846415
vt 0.404520 0.901086
vt 0.345199 0.904065
vt 0.288050 0.906345
vt 0.216272 0.893860
vt 0.162706 0.867487
vt 0.688380 0.716690
vt 0.741629 0.699701
vt 0.827440 0.762915
vt 0.751615 0.771432
vt 0.778385 0.678612
vt 0.851872 0.725026
vt 0.741629 0.699701
vt 0.907368 0.760504
vt 0.903256 0.794959
vt 0.851872 0.725026
vt 0.907452 0.837892
vt 0.849175 0.826058
vt 0.783718 0.825750
vt 0.751614 0.771432
vt 0.849175 0.826058
vt 0.541411 0.690454
vt 0.595313 0.668777
vt 0.642017 0.649905
vt 0.716538 0.619569
vt 0.802965 0.660259
vt 0.683590 0.633009
vt 0.868578 0.701954
vt 0.642017 0.649905
vt 0.940524 0.761232
vt 0.944988 0.783672
vt 0.914989 0.737536
vt 0.948305 0.815731
vt 0.954822 0.885881
vt 0.913269 0.878708
vt 0.951702 0.851623
vt 0.859585 0.873112
vt 0.948305 0.815731
vt 0.732646 0.875978
vt 0.714879 0.832385
vt 0.798279 0.872640
vt 0.681622 0.783138
vt 0.859585 0.873112
vt 0.516581 0.880667
vt 0.585048 0.873879
vt 0.566728 0.849944
vt 0.534412 0.900438
vt 0.600567 0.896341
vt 0.655116 0.869262
vt 0.640202 0.842630
vt 0.667711 0.893664
vt 0.428665 0.870296
vt 0.451072 0.887671
vt 0.547905 0.918756
vt 0.612305 0.916634
vt 0.677220 0.915263
vt 0.742222 0.915294
vt 0.713975 0.840780
vt 0.786494 0.846648
vt 0.794905 0.873878
vt 0.863624 0.884175
vt 0.857997 0.860863
vt 0.801826 0.897141
vt 0.868147 0.903391
vt 0.931913 0.898557
vt 0.929082 0.883106
vt 0.934152 0.911251
vt 0.776888 0.814685
vt 0.806966 0.917124
vt 0.871453 0.920133
vt 0.935769 0.923327
vt 1.000000 0.924268
vt 1.000000 0.919677
vt 1.000000 0.915085
vt 1.000000 0.910494
vt 0.156714 0.898272
vt 0.105842 0.902265
vt 0.110671 0.909857
vt 0.165496 0.907059
vt 0.053712 0.906252
vt 0.055456 0.912513
vt 0.115855 0.918132
vt 0.173719 0.916618
vt 0.057943 0.919154
vt 0.148576 0.890061
vt 0.056937 0.898890
vt 0.000000 0.910494
vt 0.000000 0.915085
vt 0.000000 0.919676
vt 0.000000 0.924268
vt 0.060099 0.927349
vt 0.120197 0.927663
vt 0.180296 0.927135
vt 0.231561 0.914844
vt 0.240395 0.926246
vt 0.258213 0.889886
vt 0.331156 0.897686
vt 0.311165 0.884878
vt 0.289523 0.912980
vt 0.348158 0.910847
vt 0.389478 0.893334
vt 0.367497 0.878550
vt 0.408122 0.908180
vt 0.193685 0.884878
vt 0.207182 0.894182
vt 0.300551 0.925274
vt 0.361050 0.924164
vt 0.422234 0.922778
vt 0.000651 0.962938
vt 0.000648 0.950816
vt 0.005183 0.950840
vt 0.005205 0.962274
vt 0.000640 0.938774
vt 0.005124 0.939512
vt 0.017494 0.950829
vt 0.017568 0.962019
vt 0.017293 0.939724
vt 0.000000 0.964027
vt 0.000651 0.973757
vt 0.000000 0.950774
vt 0.000000 0.937521
vt 0.000626 0.928288
vt 0.005008 0.929482
vt 0.016903 0.929715
vt 0.040066 0.929410
vt 0.040991 0.939611
vt 0.041467 0.950786
vt 0.041642 0.961978
vt 0.017578 0.972284
vt 0.041667 0.972232
vt 0.005208 0.972652
vt 0.000599 0.920973
vt 0.000545 0.915560
vt 0.004359 0.915571
vt 0.004796 0.921631
vt 0.000449 0.911017
vt 0.003590 0.910710
vt 0.014845 0.914788
vt 0.016202 0.921535
vt 0.012467 0.908870
vt 0.000318 0.906833
vt 0.002544 0.906917
vt 0.008836 0.903849
vt 0.031954 0.906077
vt 0.035935 0.913414
vt 0.038499 0.920845
vt 0.000172 0.902597
vt 0.000055 0.899886
vt 0.000444 0.902525
vt 0.001372 0.904181
vt 0.000007 0.898847
vt 0.000055 0.901879
vt 0.001313 0.899328
vt 0.004306 0.900825
vt 0.000164 0.898777
vt 0.000000 0.898699
vt 0.000000 0.901786
vt 0.000000 0.898699
vt 0.000258 0.889514
vt 0.007491 0.891536
vt 0.000000 0.901786
vt 0.000000 0.898699
vt 0.000000 0.901786
vt 0.000189 0.898873
vt 0.001515 0.900093
vt 0.000514 0.903286
vt 0.000064 0.901974
vt 0.004968 0.903514
vt 0.001587 0.906869
vt 0.000064 0.900373
vt 0.000008 0.898908
vt 0.000198 0.904394
vt 0.000293 0.889585
vt 0.002347 0.890630
vt 0.008527 0.893528
vt 0.010172 0.910938
vt 0.002926 0.913959
vt 0.000366 0.912342
vt 0.000000 0.895075
vt 0.000000 0.891037
vt 0.000000 0.889636
vt 0.000000 0.898699
vt 0.018133 0.976129
vt 0.022015 0.984323
vt 0.009356 0.984666
vt 0.005727 0.976487
vt 0.032431 0.990214
vt 0.019628 0.990927
vt 0.003123 0.985218
vt 0.000960 0.977385
vt 0.009913 0.991812
vt 0.042113 0.976070
vt 0.017578 0.965563
vt 0.052937 0.989863
vt 0.052503 0.994072
vt 0.041763 0.995284
vt 0.029526 0.996666
vt 0.000000 1.000000
vt 0.000651 0.967393
vt 0.005208 0.966021
vt 0.085816 0.996338
vt 0.132041 0.997514
vt 0.130015 0.998944
vt 0.079632 0.997784
vt 0.188380 0.997953
vt 0.188127 0.999353
vt 0.127580 0.999647
vt 0.072101 0.998881
vt 0.187823 0.999892
vt 0.250000 0.998015
vt 0.250000 0.999412
vt 0.250000 0.999927
vt 0.312500 0.998015
vt 0.375000 0.998015
vt 0.375000 0.999412
vt 0.312500 0.999412
vt 0.437500 0.998015
vt 0.437500 0.999412
vt 0.375000 0.999927
vt 0.312500 0.999927
vt 0.437500 0.999927
vt 0.375000 0.995295
vt 0.500000 0.995295
vt 0.500000 0.998015
vt 0.500000 0.999412
vt 0.500000 0.999927
vt 0.562500 0.998015
vt 0.625000 0.998015
vt 0.625000 0.999412
vt 0.562500 0.999412
vt 0.687500 0.998015
vt 0.687500 0.999412
vt 0.625000 0.999927
vt 0.562500 0.999927
vt 0.687500 0.999927
vt 0.562500 0.995295
vt 0.687500 0.995295
vt 0.750000 0.998015
vt 0.750000 0.999412
vt 0.750000 0.999927
vt 0.811620 0.997953
vt 0.867959 0.997514
vt 0.869985 0.998944
vt 0.811873 0.999353
vt 0.914184 0.996338
vt 0.920368 0.997784
vt 0.872420 0.999647
vt 0.812178 0.999892
vt 0.927899 0.998881
vt 0.947497 0.994072
vt 0.958237 0.995284
vt 0.970474 0.996666
vt 1.000000 1.000000
vt 0.982399 0.952472
vt 0.982237 0.936211
vt 0.994737 0.936850
vt 0.994785 0.952867
vt 0.981797 0.915986
vt 0.994607 0.917669
vt 0.999342 0.937754
vt 0.999348 0.953809
vt 0.999326 0.919682
vt 0.958278 0.952345
vt 0.982422 0.965563
vt 0.957894 0.935550
vt 0.956852 0.913825
vt 0.954822 0.885881
vt 0.980940 0.890914
vt 0.994353 0.894277
vt 0.999294 0.897727
vt 1.000000 0.922370
vt 1.000000 0.938837
vt 1.000000 0.955304
vt 0.999349 0.967393
vt 0.994792 0.966021
vt 0.979320 0.860749
vt 0.975753 0.827900
vt 0.990535 0.834004
vt 0.993588 0.865952
vt 0.968384 0.794927
vt 0.982572 0.799824
vt 0.997253 0.836924
vt 0.999003 0.869264
vt 0.991846 0.802511
vt 0.951703 0.851623
vt 0.948305 0.815731
vt 0.944988 0.783672
vt 0.953139 0.761925
vt 0.965066 0.763115
vt 0.976165 0.765156
vt 1.000000 0.770889
vt 0.924711 0.726964
vt 0.880326 0.688757
vt 0.888521 0.682415
vt 0.933838 0.723555
vt 0.818509 0.648549
vt 0.828953 0.641756
vt 0.894679 0.679796
vt 0.941673 0.723369
vt 0.838560 0.637175
vt 0.914989 0.737536
vt 0.802965 0.660259
vt 0.716538 0.619569
vt 0.737850 0.610882
vt 0.751983 0.605208
vt 0.766247 0.599670
vt 0.639504 0.580044
vt 0.534960 0.556430
vt 0.550060 0.553178
vt 0.656189 0.575873
vt 0.436438 0.539479
vt 0.443618 0.535914
vt 0.556126 0.550784
vt 0.667765 0.572145
vt 0.442685 0.532898
vt 0.610978 0.586341
vt 0.347730 0.528637
vt 0.343094 0.524023
vt 0.335905 0.519771
vt 0.316307 0.510695
vt 0.437168 0.529747
vt 0.265494 0.522848
vt 0.181679 0.520026
vt 0.166887 0.514328
vt 0.252016 0.517364
vt 0.092485 0.518544
vt 0.083270 0.513129
vt 0.160551 0.511745
vt 0.244066 0.513803
vt 0.079764 0.511074
vt 0.295035 0.531899
vt 0.211755 0.530608
vt 0.000000 0.517642
vt 0.000000 0.512754
vt 0.000000 0.510953
vt 0.000000 0.517766
vt 0.000000 0.517857
vt 0.000000 0.514469
vt 0.000000 0.513740
vt 0.000000 0.517894
vt 0.000000 0.514769
vt 0.000000 0.516913
vt 0.000000 0.514646
vt 0.000000 0.517776
vt 0.000000 0.517900
vt 0.000000 0.514812
vt 0.000000 0.517900
vt 0.000000 0.517900
vt 0.000000 0.514812
vt 0.000000 0.514812
vt 0.000000 0.517776
vt 0.000000 0.516913
vt 0.000000 0.514469
vt 0.000000 0.514646
vt 0.000000 0.513740
vt 0.000000 0.517894
vt 0.000000 0.517765
vt 0.007042 0.511287
vt 0.007334 0.512860
vt 0.008128 0.517721
vt 0.084629 0.511071
vt 0.170029 0.511723
vt 0.175893 0.514291
vt 0.087993 0.513126
vt 0.257530 0.513720
vt 0.264375 0.517229
vt 0.190000 0.519983
vt 0.096898 0.518545
vt 0.276729 0.522684
vt 0.335999 0.510695
vt 0.351629 0.519515
vt 0.357193 0.523688
vt 0.360438 0.528278
vt 0.305020 0.531706
vt 0.457594 0.532265
vt 0.568553 0.549635
vt 0.561955 0.551994
vt 0.457374 0.535241
vt 0.677232 0.570371
vt 0.665495 0.573967
vt 0.545862 0.555246
vt 0.448909 0.538825
vt 0.648011 0.577949
vt 0.688139 0.566206
vt 0.772918 0.597084
vt 0.758630 0.602300
vt 0.743726 0.607371
vt 0.617836 0.583930
vt 0.512323 0.560013
vt 0.843148 0.633494
vt 0.897653 0.674967
vt 0.891257 0.677093
vt 0.833386 0.637583
vt 0.943304 0.717605
vt 0.935351 0.717594
vt 0.882180 0.681941
vt 0.822069 0.643184
vt 0.925580 0.719820
vt 1.000000 0.763394
vt 0.976809 0.759092
vt 0.965734 0.757113
vt 0.953390 0.755026
vt 0.914532 0.728068
vt 0.804696 0.652618
vt 0.992031 0.797224
vt 0.997266 0.832637
vt 0.990279 0.828572
vt 0.982674 0.794244
vt 0.998950 0.865183
vt 0.993122 0.859453
vt 0.974675 0.820087
vt 0.967973 0.788006
vt 0.977722 0.850603
vt 0.999226 0.891134
vt 0.993807 0.884306
vt 0.979099 0.876549
vt 0.947902 0.835237
vt 0.999262 0.905654
vt 0.999291 0.914026
vt 0.994329 0.912202
vt 0.994093 0.901134
vt 0.999314 0.920715
vt 0.994515 0.920686
vt 0.980860 0.908773
vt 0.980062 0.895441
vt 0.981488 0.919014
vt 0.999331 0.928245
vt 0.994649 0.929140
vt 0.981939 0.928560
vt 0.957189 0.926672
vt 0.956119 0.915298
vt 0.954631 0.902585
vt 0.999040 0.981799
vt 0.996877 0.988103
vt 0.990644 0.987659
vt 0.994273 0.981076
vt 0.990087 0.993410
vt 0.980372 0.992697
vt 0.977985 0.987382
vt 0.981867 0.980788
vt 0.967569 0.992124
vt 0.999349 0.973757
vt 0.970474 0.997317
vt 0.958237 0.996205
vt 0.947497 0.995229
vt 0.957887 0.980741
vt 0.982422 0.972284
vt 0.958333 0.972232
vt 0.994792 0.972652
vt 0.927899 0.999099
vt 0.872420 0.999716
vt 0.869985 0.999150
vt 0.920368 0.998216
vt 0.812178 0.999913
vt 0.811873 0.999480
vt 0.867959 0.997999
vt 0.914184 0.997053
vt 0.811620 0.998352
vt 0.750000 0.999941
vt 0.750000 0.999527
vt 0.750000 0.998403
vt 0.750000 0.996213
vt 0.811511 0.996173
vt 0.911093 0.995189
vt 0.687500 0.999941
vt 0.625000 0.999941
vt 0.625000 0.999527
vt 0.687500 0.999527
vt 0.562500 0.999941
vt 0.562500 0.999527
vt 0.625000 0.998403
vt 0.687500 0.998403
vt 0.562500 0.998403
vt 0.625000 1.000000
vt 0.500000 0.999941
vt 0.500000 0.999527
vt 0.500000 0.998403
vt 0.500000 0.996213
vt 0.562500 0.996213
vt 0.625000 0.996213
vt 0.687500 0.996213
vt 0.437500 0.999941
vt 0.375000 0.999941
vt 0.375000 0.999527
vt 0.437500 0.999527
vt 0.312500 0.999941
vt 0.312500 0.999527
vt 0.375000 0.998403
vt 0.437500 0.998403
vt 0.312500 0.998403
vt 0.375000 1.000000
vt 0.250000 0.999941
vt 0.250000 0.999527
vt 0.250000 0.998403
vt 0.312500 0.996213
vt 0.375000 0.996213
vt 0.437500 0.996213
vt 0.187823 0.999913
vt 0.127580 0.999716
vt 0.130015 0.999150
vt 0.188127 0.999480
vt 0.072101 0.999099
vt 0.079632 0.998216
vt 0.132041 0.997999
vt 0.188380 0.998352
vt 0.085816 0.997053
vt 0.029526 0.997317
vt 0.041763 0.996205
vt 0.052503 0.995229
vt 0.088907 0.995189
vt 0.132909 0.995889
vt 0.188489 0.996173
vt 0.967569 0.990214
vt 0.977985 0.984323
vt 0.990644 0.984666
vt 0.980372 0.990927
vt 0.981867 0.976129
vt 0.994273 0.976487
vt 0.996877 0.985219
vt 0.990087 0.991812
vt 0.999040 0.977385
vt 0.947063 0.989863
vt 0.954765 0.984208
vt 0.014236 0.923732
vt 0.016561 0.938449
vt 0.004855 0.938997
vt 0.004083 0.925226
vt 0.017451 0.952752
vt 0.005164 0.953135
vt 0.000607 0.939077
vt 0.000510 0.924570
vt 0.000646 0.953974
vt 0.036865 0.921782
vt 0.040252 0.937989
vt 0.041490 0.952650
vt 0.000000 0.955304
vt 0.000000 0.938837
vt 0.000000 0.922370
vt 0.549283 0.916459
vt 0.613541 0.914089
vt 0.621605 0.935628
vt 0.558584 0.936331
vt 0.678161 0.911730
vt 0.684733 0.934929
vt 0.624576 0.952354
vt 0.562011 0.952442
vt 0.687154 0.952267
vt 0.485846 0.918577
vt 0.742679 0.909648
vt 0.747831 0.934312
vt 0.749729 0.952190
vt 0.687500 0.965498
vt 0.625000 0.965498
vt 0.499476 0.952521
vt 0.500000 0.965498
vt 0.495806 0.936958
vt 0.806124 0.908239
vt 0.865486 0.908439
vt 0.868516 0.933954
vt 0.810153 0.933895
vt 0.917115 0.910799
vt 0.919090 0.934654
vt 0.869632 0.952145
vt 0.811637 0.952138
vt 0.919818 0.952233
vt 0.798279 0.872640
vt 0.859585 0.873112
vt 0.913269 0.878708
vt 0.956852 0.913825
vt 0.077114 0.922559
vt 0.128055 0.923707
vt 0.129475 0.938459
vt 0.079014 0.938124
vt 0.184082 0.923820
vt 0.186934 0.938509
vt 0.130117 0.952708
vt 0.079945 0.952666
vt 0.187999 0.952714
vt 0.126913 0.909670
vt 0.178733 0.909619
vt 0.242676 0.923237
vt 0.247830 0.938339
vt 0.249729 0.952693
vt 0.041490 0.952650
vt 0.040252 0.937989
vt 0.302185 0.922458
vt 0.362428 0.921497
vt 0.371275 0.937823
vt 0.309444 0.938108
vt 0.423587 0.920240
vt 0.433378 0.937451
vt 0.374534 0.952629
vt 0.312118 0.952664
vt 0.436985 0.952582
vt 0.288050 0.906345
vt 0.345199 0.904065
vt 0.404520 0.901086
vt 0.437500 0.965498
vt 0.375000 0.965498
vt 0.312500 0.965498
vt 0.549283 0.916459
vt 0.558584 0.936331
vt 0.621605 0.935628
vt 0.624576 0.952354
vt 0.684733 0.934929
vt 0.678161 0.911730
vt 0.687154 0.952267
vt 0.485846 0.918577
vt 0.495806 0.936958
vt 0.499476 0.952521
vt 0.749729 0.952190
vt 0.747831 0.934312
vt 0.742679 0.909648
vt 0.806798 0.908384
vt 0.810811 0.933958
vt 0.873779 0.934458
vt 0.870879 0.909593
vt 0.812289 0.952191
vt 0.874847 0.952568
vt 0.936854 0.936260
vt 0.935318 0.914640
vt 0.937419 0.953622
vt 1.000000 0.955304
vt 1.000000 0.922370
vt 0.932328 0.885775
vt 0.062878 0.923436
vt 0.062453 0.938782
vt 0.124620 0.938691
vt 0.123971 0.924015
vt 0.062494 0.953937
vt 0.124953 0.953097
vt 0.186327 0.938538
vt 0.183572 0.923859
vt 0.187353 0.952763
vt 0.067690 0.908676
vt 0.249729 0.952693
vt 0.247830 0.938339
vt 0.242676 0.923237
vt 0.178367 0.909670
vt 0.232639 0.908190
vt 0.309444 0.938108
vt 0.371275 0.937823
vt 0.362428 0.921497
vt 0.433378 0.937451
vt 0.423587 0.920240
vt 0.436985 0.952582
vt 0.288050 0.906345
vt 0.999341 0.938756
vt 0.999347 0.950811
vt 0.994774 0.950797
vt 0.994731 0.939368
vt 0.999349 0.962937
vt 0.994790 0.962268
vt 0.982362 0.950685
vt 0.982218 0.939237
vt 0.982414 0.962001
vt 1.000000 0.937521
vt 1.000000 0.950774
vt 1.000000 0.964027
vt 0.958315 0.961935
vt 0.958190 0.950443
vt 0.957851 0.938456
vt 0.009913 0.993410
vt 0.003123 0.988103
vt 0.009356 0.987659
vt 0.019628 0.992698
vt 0.000960 0.981799
vt 0.005727 0.981076
vt 0.022015 0.987383
vt 0.032431 0.992124
vt 0.018133 0.980788
vt 0.000000 0.982960
vt 0.042113 0.980741
vt 0.045235 0.987290
vt 0.052937 0.991841
vt 0.556343 0.935117
vt 0.560676 0.949454
vt 0.623413 0.949189
vt 0.619644 0.934222
vt 0.562272 0.961811
vt 0.624802 0.961778
vt 0.686215 0.949017
vt 0.683163 0.933643
vt 0.687339 0.961756
vt 0.484448 0.920977
vt 0.493439 0.936054
vt 0.547905 0.918756
vt 0.498056 0.949732
vt 0.499757 0.961846
vt 0.500000 0.972232
vt 0.625000 0.972232
vt 0.687500 0.972232
vt 0.750000 0.972232
vt 0.749878 0.961757
vt 0.749028 0.949021
vt 0.746718 0.933656
vt 0.677220 0.915263
vt 0.742222 0.915294
vt 0.612305 0.916634
vt 0.810165 0.934412
vt 0.811808 0.949256
vt 0.874557 0.949671
vt 0.873504 0.935568
vt 0.812414 0.961822
vt 0.874945 0.962128
vt 0.937284 0.950196
vt 0.936770 0.936681
vt 0.937473 0.962860
vt 0.746719 0.933656
vt 0.184461 0.938635
vt 0.122974 0.938745
vt 0.124400 0.950612
vt 0.186600 0.950507
vt 0.061487 0.938378
vt 0.062200 0.950699
vt 0.124925 0.962245
vt 0.187387 0.961979
vt 0.062462 0.962923
vt 0.245948 0.938277
vt 0.249850 0.961928
vt 0.248799 0.950390
vt 0.307459 0.937867
vt 0.311006 0.950269
vt 0.373256 0.950130
vt 0.369115 0.937398
vt 0.312313 0.961913
vt 0.374782 0.961895
vt 0.435592 0.949957
vt 0.431060 0.936813
vt 0.437261 0.961874
vt 0.300551 0.925274
vt 0.248799 0.950390
vt 0.249850 0.961928
vt 0.375000 0.972231
vt 0.437500 0.972231
vt 0.422234 0.922778
vt 0.361050 0.924164
vt 0.556343 0.935117
vt 0.619645 0.934222
vt 0.623413 0.949189
vt 0.560676 0.949454
vt 0.683163 0.933643
vt 0.624802 0.961778
vt 0.562272 0.961811
vt 0.484448 0.920978
vt 0.547905 0.918756
vt 0.493439 0.936054
vt 0.612305 0.916634
vt 0.677220 0.915263
vt 0.742222 0.915294
vt 0.746718 0.933656
vt 0.749028 0.949021
vt 0.749879 0.961757
vt 0.499757 0.961846
vt 0.809507 0.934431
vt 0.868235 0.935723
vt 0.869331 0.949634
vt 0.811155 0.949251
vt 0.918988 0.937181
vt 0.919645 0.950066
vt 0.869734 0.961834
vt 0.811762 0.961786
vt 0.919887 0.961888
vt 0.806297 0.917131
vt 0.866102 0.920193
vt 0.917709 0.923650
vt 0.957189 0.926672
vt 0.957851 0.938456
vt 0.958190 0.950443
vt 0.958315 0.961935
vt 0.958333 0.972232
vt 0.919922 0.972232
vt 0.811849 0.972232
vt 0.185101 0.938673
vt 0.187247 0.950508
vt 0.129583 0.950618
vt 0.128098 0.939044
vt 0.188038 0.961943
vt 0.130130 0.961956
vt 0.079694 0.950713
vt 0.078780 0.939365
vt 0.080030 0.961968
vt 0.240395 0.926246
vt 0.180922 0.927185
vt 0.248799 0.950390
vt 0.188151 0.972232
vt 0.130208 0.972231
vt 0.080078 0.972231
vt 0.041667 0.972232
vt 0.041642 0.961977
vt 0.041467 0.950786
vt 0.040991 0.939611
vt 0.077001 0.928826
vt 0.040066 0.929410
vt 0.125206 0.928065
vt 0.307459 0.937867
vt 0.369115 0.937398
vt 0.373256 0.950130
vt 0.431060 0.936813
vt 0.435592 0.949957
vt 0.374782 0.961896
vt 0.312313 0.961913
vt 0.437261 0.961874
vt 0.240395 0.926246
vt 0.300551 0.925274
vt 0.422234 0.922778
vt 0.248799 0.950390
s 1
f 2975/1/2966 2976/2/2967 2979/3/2970 2978/4/2969
f 2976/2/2967 2977/5/2968 2980/6/2971 2979/3/2970
f 2978/4/2969 2979/3/2970 2982/7/2973 2981/8/2972
f 2979/3/2970 2980/6/2971 2983/9/2974 2982/7/2973
f 404/10/404 2854/11/2845 2975/1/2966 1193/12/1191
f 2854/11/2845 2853/13/2844 2976/2/2967 2975/1/2966
f 2853/13/2844 2852/14/2843 2977/5/2968 2976/2/2967
f 2852/14/2843 402/15/402 842/16/840 2977/5/2968
f 2977/5/2968 842/16/840 843/17/841 2980/6/2971
f 2980/6/2971 843/17/841 844/18/842 2983/9/2974
f 2983/9/2974 844/18/842 41/19/41 1187/20/1185
f 2982/7/2973 2983/9/2974 1187/20/1185 1188/21/1186
f 2981/8/2972 2982/7/2973 1188/21/1186 1189/22/1187
f 1195/23/1193 2981/8/2972 1189/22/1187 152/24/152
f 1194/25/1192 2978/4/2969 2981/8/2972 1195/23/1193
f 1193/12/1191 2975/1/2966 2978/4/2969 1194/25/1192
f 2984/26/2975 2985/27/2976 2988/28/2979 2987/29/2978
f 2985/27/2976 2986/30/2977 2989/31/2980 2988/28/2979
f 2987/29/2978 2988/28/2979 2991/28/2982 2990/32/2981
f 2988/28/2979 2989/31/2980 2992/30/2983 2991/28/2982
f 160/33/160 1216/32/1214 2984/26/2975 1274/34/1272
f 1216/32/1214 1215/35/1213 2985/27/2976 2984/26/2975
f 1215/35/1213 1214/36/1212 2986/30/2977 2985/27/2976
f 1214/36/1212 17/37/17 440/37/440 2986/30/2977
f 2986/30/2977 440/37/440 441/38/441 2989/31/2980
f 2989/31/2980 441/38/441 442/37/442 2992/30/2983
f 2992/30/2983 442/37/442 7/37/7 1199/36/1197
f 2991/28/2982 2992/30/2983 1199/36/1197 1200/35/1198
f 2990/32/2981 2991/28/2982 1200/35/1198 1201/32/1199
f 1276/39/1274 2990/32/2981 1201/32/1199 155/33/155
f 1275/39/1273 2987/29/2978 2990/32/2981 1276/39/1274
f 1274/34/1272 2984/26/2975 2987/29/2978 1275/39/1273
f 2993/26/2984 2994/27/2985 2997/28/2988 2996/29/2987
f 2994/27/2985 2995/30/2986 2998/31/2989 2997/28/2988
f 2996/29/2987 2997/28/2988 3000/28/2991 2999/32/2990
f 2997/28/2988 2998/31/2989 3001/30/2992 3000/28/2991
f 155/33/155 1201/32/1199 2993/26/2984 1271/34/1269
f 1201/32/1199 1200/35/1198 2994/27/2985 2993/26/2984
f 1200/35/1198 1199/36/1197 2995/30/2986 2994/27/2985
f 1199/36/1197 7/37/7 446/37/446 2995/30/2986
f 2995/30/2986 446/37/446 447/38/447 2998/31/2989
f 2998/31/2989 447/38/447 448/37/448 3001/30/2992
f 3001/30/2992 448/37/448 9/37/9 1202/36/1200
f 3000/28/2991 3001/30/2992 1202/36/1200 1203/35/1201
f 2999/32/2990 3000/28/2991 1203/35/1201 1204/32/1202
f 1273/39/1271 2999/32/2990 1204/32/1202 156/33/156
f 1272/39/1270 2996/29/2987 2999/32/2990 1273/39/1271
f 1271/34/1269 2993/26/2984 2996/29/2987 1272/39/1270
f 3002/26/2993 3003/27/2994 3006/28/2997 3005/29/2996
f 3003/27/2994 3004/30/2995 3007/31/2998 3006/28/2997
f 3005/29/2996 3006/28/2997 3009/28/3000 3008/32/2999
f 3006/28/2997 3007/31/2998 3010/30/3001 3009/28/3000
f 156/33/156 1204/32/1202 3002/26/2993 1268/34/1266
f 1204/32/1202 1203/35/1201 3003/27/2994 3002/26/2993
f 1203/35/1201 1202/36/1200 3004/30/2995 3003/27/2994
f 1202/36/1200 9/37/9 452/37/452 3004/30/2995
f 3004/30/2995 452/37/452 453/38/453 3007/31/2998
f 3007/31/2998 453/38/453 454/37/454 3010/30/3001
f 3010/30/3001 454/37/454 11/37/11 1205/36/1203
f 3009/28/3000 3010/30/3001 1205/36/1203 1206/35/1204
f 3008/32/2999 3009/28/3000 1206/35/1204 1207/32/1205
f 1270/39/1268 3008/32/2999 1207/32/1205 157/33/157
f 1269/39/1267 3005/29/2996 3008/32/2999 1270/39/1268
f 1268/34/1266 3002/26/2993 3005/29/2996 1269/39/1267
f 3011/26/3002 3012/27/3003 3015/28/3006 3014/29/3005
f 3012/27/3003 3013/30/3004 3016/31/3007 3015/28/3006
f 3014/29/3005 3015/28/3006 3018/28/3009 3017/32/3008
f 3015/28/3006 3016/31/3007 3019/30/3010 3018/28/3009
f 157/33/157 1207/32/1205 3011/26/3002 1265/34/1263
f 1207/32/1205 1206/35/1204 3012/27/3003 3011/26/3002
f 1206/35/1204 1205/36/1203 3013/30/3004 3012/27/3003
f 1205/36/1203 11/37/11 458/37/458 3013/30/3004
f 3013/30/3004 458/37/458 459/38/459 3016/31/3007
f 3016/31/3007 459/38/459 460/37/460 3019/30/3010
f 3019/30/3010 460/37/460 13/37/13 1208/36/1206
f 3018/28/3009 3019/30/3010 1208/36/1206 1209/35/1207
f 3017/32/3008 3018/28/3009 1209/35/1207 1210/32/1208
f 1267/39/1265 3017/32/3008 1210/32/1208 158/33/158
f 1266/39/1264 3014/29/3005 3017/32/3008 1267/39/1265
f 1265/34/1263 3011/26/3002 3014/29/3005 1266/39/1264
f 3020/26/3011 3021/27/3012 3024/28/3015 3023/29/3014
f 3021/27/3012 3022/30/3013 3025/31/3016 3024/28/3015
f 3023/29/3014 3024/28/3015 3027/28/3018 3026/32/3017
f 3024/28/3015 3025/31/3016 3028/30/3019 3027/28/3018
f 159/33/159 1213/32/1211 3020/26/3011 1262/34/1260
f 1213/32/1211 1212/35/1210 3021/27/3012 3020/26/3011
f 1212/35/1210 1211/36/1209 3022/30/3013 3021/27/3012
f 1211/36/1209 15/37/15 511/37/511 3022/30/3013
f 3022/30/3013 511/37/511 510/38/510 3025/31/3016
f 3025/31/3016 510/38/510 509/37/509 3028/30/3019
f 3028/30/3019 509/37/509 31/37/31 1229/36/1227
f 3027/28/3018 3028/30/3019 1229/36/1227 1230/35/1228
f 3026/32/3017 3027/28/3018 1230/35/1228 1231/32/1229
f 1264/39/1262 3026/32/3017 1231/32/1229 165/33/165
f 1263/39/1261 3023/29/3014 3026/32/3017 1264/39/1262
f 1262/34/1260 3020/26/3011 3023/29/3014 1263/39/1261
f 3029/40/3020 3030/41/3021 3033/42/3024 3032/43/3023
f 3030/41/3021 3031/44/3022 3034/45/3025 3033/42/3024
f 3032/43/3023 3033/42/3024 3036/46/3027 3035/47/3026
f 3033/42/3024 3034/45/3025 3037/48/3028 3036/46/3027
f 154/49/154 1198/50/1196 3029/40/3020 1259/51/1257
f 1198/50/1196 1197/52/1195 3030/41/3021 3029/40/3020
f 1197/52/1195 1196/53/1194 3031/44/3022 3030/41/3021
f 1196/53/1194 5/54/5 470/55/470 3031/44/3022
f 3031/44/3022 470/55/470 471/56/471 3034/45/3025
f 3034/45/3025 471/56/471 472/57/472 3037/48/3028
f 3037/48/3028 472/57/472 17/37/17 1214/58/1212
f 3036/46/3027 3037/48/3028 1214/58/1212 1215/27/1213
f 3035/47/3026 3036/46/3027 1215/27/1213 1216/32/1214
f 1261/59/1259 3035/47/3026 1216/32/1214 160/39/160
f 1260/60/1258 3032/43/3023 3035/47/3026 1261/59/1259
f 1259/51/1257 3029/40/3020 3032/43/3023 1260/60/1258
f 3038/61/3029 3039/62/3030 3042/63/3033 3041/64/3032
f 3039/62/3030 3040/65/3031 3043/66/3034 3042/63/3033
f 3041/64/3032 3042/63/3033 3045/67/3036 3044/68/3035
f 3042/63/3033 3043/66/3034 3046/69/3037 3045/67/3036
f 395/70/395 2749/71/2740 3038/61/3029 2792/72/2783
f 2749/71/2740 2748/73/2739 3039/62/3030 3038/61/3029
f 2748/73/2739 2747/74/2738 3040/65/3031 3039/62/3030
f 2747/74/2738 168/75/168 1168/76/1166 3040/65/3031
f 3040/65/3031 1168/76/1166 1167/77/1165 3043/66/3034
f 3043/66/3034 1167/77/1165 1166/78/1164 3046/69/3037
f 3046/69/3037 1166/78/1164 21/79/21 2735/80/2726
f 3045/67/3036 3046/69/3037 2735/80/2726 2736/81/2727
f 3044/68/3035 3045/67/3036 2736/81/2727 2737/82/2728
f 2794/83/2785 3044/68/3035 2737/82/2728 391/84/391
f 2793/85/2784 3041/64/3032 3044/68/3035 2794/83/2785
f 2792/72/2783 3038/61/3029 3041/64/3032 2793/85/2784
f 3047/86/3038 3048/86/3039 3051/86/3042 3050/86/3041
f 3048/86/3039 3049/86/3040 3052/86/3043 3051/86/3042
f 3050/86/3041 3051/86/3042 3054/86/3045 3053/86/3044
f 3051/86/3042 3052/86/3043 3055/86/3046 3054/86/3045
f 189/86/189 1396/86/1394 3047/86/3038 1409/86/1407
f 1396/86/1394 1395/86/1393 3048/86/3039 3047/86/3038
f 1395/86/1393 1394/86/1392 3049/86/3040 3048/86/3039
f 1394/86/1392 123/86/123 773/86/771 3049/86/3040
f 3049/86/3040 773/86/771 774/86/772 3052/86/3043
f 3052/86/3043 774/86/772 775/86/773 3055/86/3046
f 3055/86/3046 775/86/773 92/86/92 1391/86/1389
f 3054/86/3045 3055/86/3046 1391/86/1389 1392/86/1390
f 3053/86/3044 3054/86/3045 1392/86/1390 1393/86/1391
f 1411/86/1409 3053/86/3044 1393/86/1391 188/86/188
f 1410/86/1408 3050/86/3041 3053/86/3044 1411/86/1409
f 1409/86/1407 3047/86/3038 3050/86/3041 1410/86/1408
f 3056/26/3047 3057/32/3048 3060/28/3051 3059/28/3050
f 3057/32/3048 3058/26/3049 3061/28/3052 3060/28/3051
f 3059/28/3050 3060/28/3051 3063/87/3054 3062/87/3053
f 3060/28/3051 3061/28/3052 3064/30/3055 3063/87/3054
f 166/33/166 1258/88/1256 3056/26/3047 1234/32/1232
f 1258/88/1256 1257/88/1255 3057/32/3048 3056/26/3047
f 1257/88/1255 1256/88/1254 3058/26/3049 3057/32/3048
f 1256/88/1254 162/33/162 1222/32/1220 3058/26/3049
f 3058/26/3049 1222/32/1220 1221/35/1219 3061/28/3052
f 3061/28/3052 1221/35/1219 1220/87/1218 3064/30/3055
f 3064/30/3055 1220/87/1218 25/37/25 490/89/490
f 3063/87/3054 3064/30/3055 490/89/490 489/38/489
f 3062/87/3053 3063/87/3054 489/38/489 488/37/488
f 1232/87/1230 3062/87/3053 488/37/488 33/37/33
f 1233/35/1231 3059/28/3050 3062/87/3053 1232/87/1230
f 1234/32/1232 3056/26/3047 3059/28/3050 1233/35/1231
f 3065/26/3056 3066/32/3057 3069/28/3060 3068/28/3059
f 3066/32/3057 3067/26/3058 3070/28/3061 3069/28/3060
f 3068/28/3059 3069/28/3060 3072/87/3063 3071/87/3062
f 3069/28/3060 3070/28/3061 3073/30/3064 3072/87/3063
f 162/33/162 1255/88/1253 3065/26/3056 1222/32/1220
f 1255/88/1253 1254/88/1252 3066/32/3057 3065/26/3056
f 1254/88/1252 1253/88/1251 3067/26/3058 3066/32/3057
f 1253/88/1251 163/33/163 1225/32/1223 3067/26/3058
f 3067/26/3058 1225/32/1223 1224/35/1222 3070/28/3061
f 3070/28/3061 1224/35/1222 1223/87/1221 3073/30/3064
f 3073/30/3064 1223/87/1221 27/37/27 496/89/496
f 3072/87/3063 3073/30/3064 496/89/496 495/38/495
f 3071/87/3062 3072/87/3063 495/38/495 494/37/494
f 1220/87/1218 3071/87/3062 494/37/494 25/37/25
f 1221/35/1219 3068/28/3059 3071/87/3062 1220/87/1218
f 1222/32/1220 3065/26/3056 3068/28/3059 1221/35/1219
f 3074/26/3065 3075/32/3066 3078/28/3069 3077/28/3068
f 3075/32/3066 3076/26/3067 3079/28/3070 3078/28/3069
f 3077/28/3068 3078/28/3069 3081/87/3072 3080/87/3071
f 3078/28/3069 3079/28/3070 3082/30/3073 3081/87/3072
f 163/33/163 1252/88/1250 3074/26/3065 1225/32/1223
f 1252/88/1250 1251/88/1249 3075/32/3066 3074/26/3065
f 1251/88/1249 1250/88/1248 3076/26/3067 3075/32/3066
f 1250/88/1248 164/33/164 1228/32/1226 3076/26/3067
f 3076/26/3067 1228/32/1226 1227/35/1225 3079/28/3070
f 3079/28/3070 1227/35/1225 1226/87/1224 3082/30/3073
f 3082/30/3073 1226/87/1224 29/37/29 502/89/502
f 3081/87/3072 3082/30/3073 502/89/502 501/38/501
f 3080/87/3071 3081/87/3072 501/38/501 500/37/500
f 1223/87/1221 3080/87/3071 500/37/500 27/37/27
f 1224/35/1222 3077/28/3068 3080/87/3071 1223/87/1221
f 1225/32/1223 3074/26/3065 3077/28/3068 1224/35/1222
f 3083/26/3074 3084/32/3075 3087/28/3078 3086/28/3077
f 3084/32/3075 3085/26/3076 3088/28/3079 3087/28/3078
f 3086/28/3077 3087/28/3078 3090/87/3081 3089/87/3080
f 3087/28/3078 3088/28/3079 3091/30/3082 3090/87/3081
f 164/33/164 1249/88/1247 3083/26/3074 1228/32/1226
f 1249/88/1247 1248/88/1246 3084/32/3075 3083/26/3074
f 1248/88/1246 1247/88/1245 3085/26/3076 3084/32/3075
f 1247/88/1245 165/33/165 1231/32/1229 3085/26/3076
f 3085/26/3076 1231/32/1229 1230/35/1228 3088/28/3079
f 3088/28/3079 1230/35/1228 1229/87/1227 3091/30/3082
f 3091/30/3082 1229/87/1227 31/37/31 508/89/508
f 3090/87/3081 3091/30/3082 508/89/508 507/38/507
f 3089/87/3080 3090/87/3081 507/38/507 506/37/506
f 1226/87/1224 3089/87/3080 506/37/506 29/37/29
f 1227/35/1225 3086/28/3077 3089/87/3080 1226/87/1224
f 1228/32/1226 3083/26/3074 3086/28/3077 1227/35/1225
f 3092/90/3083 3093/91/3084 3096/92/3087 3095/93/3086
f 3093/91/3084 3094/94/3085 3097/95/3088 3096/92/3087
f 3095/93/3086 3096/92/3087 3099/96/3090 3098/97/3089
f 3096/92/3087 3097/95/3088 3100/98/3091 3099/96/3090
f 161/33/161 1246/34/1244 3092/90/3083 1219/99/1217
f 1246/34/1244 1245/88/1243 3093/91/3084 3092/90/3083
f 1245/88/1243 1244/39/1242 3094/94/3085 3093/91/3084
f 1244/39/1242 166/33/166 1234/32/1232 3094/94/3085
f 3094/94/3085 1234/32/1232 1233/28/1231 3097/95/3088
f 3097/95/3088 1233/28/1231 1232/31/1230 3100/98/3091
f 3100/98/3091 1232/31/1230 33/37/33 517/100/517
f 3099/96/3090 3100/98/3091 517/100/517 516/101/516
f 3098/97/3089 3099/96/3090 516/101/516 515/102/515
f 1217/103/1215 3098/97/3089 515/102/515 23/104/23
f 1218/105/1216 3095/93/3086 3098/97/3089 1217/103/1215
f 1219/99/1217 3092/90/3083 3095/93/3086 1218/105/1216
f 3102/106/3093 3103/107/3094 3101/108/3092 3107/109/3098
f 3104/110/3095 3105/111/3096 3101/108/3092 3103/112/3094
f 3106/113/3097 3107/114/3098 3101/108/3092 3105/115/3096
f 170/116/170 1291/117/1289 3102/106/3093 626/118/625
f 1291/117/1289 1290/119/1288 3103/107/3094 3102/106/3093
f 626/118/625 3102/106/3093 3107/109/3098 627/120/626
f 153/121/153 434/122/434 3104/110/3095 1289/123/1287
f 434/122/434 435/124/435 3105/111/3096 3104/110/3095
f 1289/123/1287 3104/110/3095 3103/112/3094 1290/119/1288
f 5/54/5 628/125/627 3106/113/3097 436/126/436
f 628/125/627 627/127/626 3107/114/3098 3106/113/3097
f 436/126/436 3106/113/3097 3105/115/3096 435/128/435
f 3108/129/3099 3109/130/3100 3112/131/3103 3111/132/3102
f 3109/130/3100 3110/133/3101 3113/134/3104 3112/131/3103
f 3111/132/3102 3112/131/3103 3115/135/3106 3114/136/3105
f 3112/131/3103 3113/134/3104 3116/137/3107 3115/135/3106
f 392/138/392 2740/139/2731 3108/129/3099 2789/140/2780
f 2740/139/2731 2739/141/2730 3109/130/3100 3108/129/3099
f 2739/141/2730 2738/142/2729 3110/133/3101 3109/130/3100
f 2738/142/2729 18/143/18 475/144/475 3110/133/3101
f 3110/133/3101 475/144/475 474/145/474 3113/134/3104
f 3113/134/3104 474/145/474 473/146/473 3116/137/3107
f 3116/137/3107 473/146/473 168/75/168 2747/74/2738
f 3115/135/3106 3116/137/3107 2747/74/2738 2748/73/2739
f 3114/136/3105 3115/135/3106 2748/73/2739 2749/71/2740
f 2791/147/2782 3114/136/3105 2749/71/2740 395/70/395
f 2790/148/2781 3111/132/3102 3114/136/3105 2791/147/2782
f 2789/140/2780 3108/129/3099 3111/132/3102 2790/148/2781
f 3117/149/3108 3118/150/3109 3121/151/3112 3120/151/3111
f 3118/150/3109 3119/149/3110 3122/151/3113 3121/151/3112
f 3120/151/3111 3121/151/3112 3124/152/3115 3123/153/3114
f 3121/151/3112 3122/151/3113 3125/154/3116 3124/152/3115
f 158/39/158 1243/39/1241 3117/149/3108 554/149/554
f 1243/39/1241 1242/33/1240 3118/150/3109 3117/149/3108
f 1242/33/1240 1241/39/1239 3119/149/3110 3118/150/3109
f 1241/39/1239 159/39/159 557/149/557 3119/149/3110
f 3119/149/3110 557/149/557 558/155/558 3122/151/3113
f 3122/151/3113 558/155/558 559/152/559 3125/154/3116
f 3125/154/3116 559/152/559 48/156/48 604/156/603
f 3124/152/3115 3125/154/3116 604/156/603 603/157/602
f 3123/153/3114 3124/152/3115 603/157/602 602/156/601
f 556/152/556 3123/153/3114 602/156/601 47/156/47
f 555/155/555 3120/151/3111 3123/153/3114 556/152/556
f 554/149/554 3117/149/3108 3120/151/3111 555/155/555
f 3126/158/3117 3127/159/3118 3130/160/3121 3129/161/3120
f 3127/159/3118 3128/162/3119 3131/163/3122 3130/160/3121
f 3129/161/3120 3130/160/3121 3133/164/3124 3132/165/3123
f 3130/160/3121 3131/163/3122 3134/166/3125 3133/164/3124
f 57/167/57 1235/168/1233 3126/158/3117 1160/169/1158
f 1235/168/1233 1236/170/1234 3127/159/3118 3126/158/3117
f 1236/170/1234 1237/171/1235 3128/162/3119 3127/159/3118
f 1237/171/1235 40/172/40 478/173/478 3128/162/3119
f 3128/162/3119 478/173/478 477/174/477 3131/163/3122
f 3131/163/3122 477/174/477 476/175/476 3134/166/3125
f 3134/166/3125 476/175/476 146/176/146 1240/177/1238
f 3133/164/3124 3134/166/3125 1240/177/1238 1239/178/1237
f 3132/165/3123 3133/164/3124 1239/178/1237 1238/179/1236
f 1162/180/1160 3132/165/3123 1238/179/1236 148/181/148
f 1161/182/1159 3129/161/3120 3132/165/3123 1162/180/1160
f 1160/169/1158 3126/158/3117 3129/161/3120 1161/182/1159
f 3135/183/3126 3136/184/3127 3139/185/3130 3138/185/3129
f 3136/184/3127 3137/183/3128 3140/186/3131 3139/185/3130
f 3138/185/3129 3139/185/3130 3142/187/3133 3141/188/3132
f 3139/185/3130 3140/186/3131 3143/187/3134 3142/187/3133
f 142/189/142 1150/190/1148 3135/183/3126 1105/191/1103
f 1150/190/1148 1149/189/1147 3136/184/3127 3135/183/3126
f 1149/189/1147 1148/189/1146 3137/183/3128 3136/184/3127
f 1148/189/1146 143/189/143 1108/191/1106 3137/183/3128
f 3137/183/3128 1108/191/1106 1107/192/1105 3140/186/3131
f 3140/186/3131 1107/192/1105 1106/188/1104 3143/187/3134
f 3143/187/3134 1106/188/1104 53/156/53 590/157/590
f 3142/187/3133 3143/187/3134 590/157/590 591/157/591
f 3141/188/3132 3142/187/3133 591/157/591 592/157/52
f 1103/188/1101 3141/188/3132 592/157/52 52/156/52
f 1104/192/1102 3138/185/3129 3141/188/3132 1103/188/1101
f 1105/191/1103 3135/183/3126 3138/185/3129 1104/192/1102
f 3144/183/3135 3145/184/3136 3148/185/3139 3147/185/3138
f 3145/184/3136 3146/183/3137 3149/186/3140 3148/185/3139
f 3147/185/3138 3148/185/3139 3151/187/3142 3150/188/3141
f 3148/185/3139 3149/186/3140 3152/187/3143 3151/187/3142
f 141/189/141 1147/190/1145 3144/183/3135 1102/191/1100
f 1147/190/1145 1146/189/1144 3145/184/3136 3144/183/3135
f 1146/189/1144 1145/189/1143 3146/183/3137 3145/184/3136
f 1145/189/1143 142/189/142 1105/191/1103 3146/183/3137
f 3146/183/3137 1105/191/1103 1104/192/1102 3149/186/3140
f 3149/186/3140 1104/192/1102 1103/188/1101 3152/187/3143
f 3152/187/3143 1103/188/1101 52/156/52 593/157/592
f 3151/187/3142 3152/187/3143 593/157/592 594/157/593
f 3150/188/3141 3151/187/3142 594/157/593 595/157/594
f 1100/188/1098 3150/188/3141 595/157/594 51/156/51
f 1101/192/1099 3147/185/3138 3150/188/3141 1100/188/1098
f 1102/191/1100 3144/183/3135 3147/185/3138 1101/192/1099
f 3153/183/3144 3154/184/3145 3157/185/3148 3156/185/3147
f 3154/184/3145 3155/183/3146 3158/186/3149 3157/185/3148
f 3156/185/3147 3157/185/3148 3160/187/3151 3159/188/3150
f 3157/185/3148 3158/186/3149 3161/187/3152 3160/187/3151
f 144/189/144 1144/190/1142 3153/183/3144 1111/191/1109
f 1144/190/1142 1143/189/1141 3154/184/3145 3153/183/3144
f 1143/189/1141 1142/189/1140 3155/183/3146 3154/184/3145
f 1142/189/1140 141/189/141 1102/191/1100 3155/183/3146
f 3155/183/3146 1102/191/1100 1101/192/1099 3158/186/3149
f 3158/186/3149 1101/192/1099 1100/188/1098 3161/187/3152
f 3161/187/3152 1100/188/1098 51/156/51 596/157/595
f 3160/187/3151 3161/187/3152 596/157/595 597/157/596
f 3159/188/3150 3160/187/3151 597/157/596 598/157/597
f 1109/188/1107 3159/188/3150 598/157/597 55/156/55
f 1110/192/1108 3156/185/3147 3159/188/3150 1109/188/1107
f 1111/191/1109 3153/183/3144 3156/185/3147 1110/192/1108
f 3162/193/3153 3163/194/3154 3166/195/3157 3165/196/3156
f 3163/194/3154 3164/197/3155 3167/198/3158 3166/195/3157
f 3165/196/3156 3166/195/3157 3169/199/3160 3168/200/3159
f 3166/195/3157 3167/198/3158 3170/201/3161 3169/199/3160
f 130/202/130 1078/203/1076 3162/193/3153 1139/204/1137
f 1078/203/1076 1077/205/1075 3163/194/3154 3162/193/3153
f 1077/205/1075 1076/206/1074 3164/197/3155 3163/194/3154
f 1076/206/1074 43/207/43 599/208/598 3164/197/3155
f 3164/197/3155 599/208/598 600/209/599 3167/198/3158
f 3167/198/3158 600/209/599 601/210/600 3170/201/3161
f 3170/201/3161 601/210/600 49/211/49 1094/212/1092
f 3169/199/3160 3170/201/3161 1094/212/1092 1095/192/1093
f 3168/200/3159 3169/199/3160 1095/192/1093 1096/213/1094
f 1141/214/1139 3168/200/3159 1096/213/1094 139/215/139
f 1140/216/1138 3165/196/3156 3168/200/3159 1141/214/1139
f 1139/204/1137 3162/193/3153 3165/196/3156 1140/216/1138
f 3171/183/3162 3172/184/3163 3175/185/3166 3174/185/3165
f 3172/184/3163 3173/183/3164 3176/186/3167 3175/185/3166
f 3174/185/3165 3175/185/3166 3178/187/3169 3177/188/3168
f 3175/185/3166 3176/186/3167 3179/187/3170 3178/187/3169
f 145/189/145 1138/190/1136 3171/183/3162 1114/191/1112
f 1138/190/1136 1137/189/1135 3172/184/3163 3171/183/3162
f 1137/189/1135 1136/189/1134 3173/183/3164 3172/184/3163
f 1136/189/1134 138/189/138 1093/191/1091 3173/183/3164
f 3173/183/3164 1093/191/1091 1092/192/1090 3176/186/3167
f 3176/186/3167 1092/192/1090 1091/188/1089 3179/187/3170
f 3179/187/3170 1091/188/1089 48/156/48 584/157/584
f 3178/187/3169 3179/187/3170 584/157/584 585/157/585
f 3177/188/3168 3178/187/3169 585/157/585 586/157/586
f 1112/188/1110 3177/188/3168 586/157/586 54/156/54
f 1113/192/1111 3174/185/3165 3177/188/3168 1112/188/1110
f 1114/191/1112 3171/183/3162 3174/185/3165 1113/192/1111
f 3180/213/3171 3181/185/3172 3184/192/3175 3183/184/3174
f 3181/185/3172 3182/187/3173 3185/187/3176 3184/192/3175
f 3183/184/3174 3184/192/3175 3187/185/3178 3186/183/3177
f 3184/192/3175 3185/187/3176 3188/187/3179 3187/185/3178
f 136/189/136 1087/191/1085 3180/213/3171 1133/215/1131
f 1087/191/1085 1086/185/1084 3181/185/3172 3180/213/3171
f 1086/185/1084 1085/217/1083 3182/187/3173 3181/185/3172
f 1085/217/1083 46/156/46 605/211/604 3182/187/3173
f 3182/187/3173 605/211/604 606/211/605 3185/187/3176
f 3185/187/3176 606/211/605 607/157/606 3188/187/3179
f 3188/187/3179 607/157/606 47/156/47 1088/217/1086
f 3187/185/3178 3188/187/3179 1088/217/1086 1089/185/1087
f 3186/183/3177 3187/185/3178 1089/185/1087 1090/191/1088
f 1135/190/1133 3186/183/3177 1090/191/1088 137/189/137
f 1134/190/1132 3183/184/3174 3186/183/3177 1135/190/1133
f 1133/215/1131 3180/213/3171 3183/184/3174 1134/190/1132
f 3189/213/3180 3190/185/3181 3193/192/3184 3192/184/3183
f 3190/185/3181 3191/187/3182 3194/187/3185 3193/192/3184
f 3192/184/3183 3193/192/3184 3196/185/3187 3195/183/3186
f 3193/192/3184 3194/187/3185 3197/187/3188 3196/185/3187
f 135/189/135 1084/191/1082 3189/213/3180 1130/215/1128
f 1084/191/1082 1083/185/1081 3190/185/3181 3189/213/3180
f 1083/185/1081 1082/217/1080 3191/187/3182 3190/185/3181
f 1082/217/1080 45/156/45 608/211/607 3191/187/3182
f 3191/187/3182 608/211/607 609/211/608 3194/187/3185
f 3194/187/3185 609/211/608 610/157/609 3197/187/3188
f 3197/187/3188 610/157/609 46/156/46 1085/217/1083
f 3196/185/3187 3197/187/3188 1085/217/1083 1086/185/1084
f 3195/183/3186 3196/185/3187 1086/185/1084 1087/191/1085
f 1132/190/1130 3195/183/3186 1087/191/1085 136/189/136
f 1131/190/1129 3192/184/3183 3195/183/3186 1132/190/1130
f 1130/215/1128 3189/213/3180 3192/184/3183 1131/190/1129
f 3198/213/3189 3199/185/3190 3202/192/3193 3201/184/3192
f 3199/185/3190 3200/187/3191 3203/187/3194 3202/192/3193
f 3201/184/3192 3202/192/3193 3205/185/3196 3204/183/3195
f 3202/192/3193 3203/187/3194 3206/187/3197 3205/185/3196
f 134/189/134 1081/191/1079 3198/213/3189 1127/215/1125
f 1081/191/1079 1080/185/1078 3199/185/3190 3198/213/3189
f 1080/185/1078 1079/217/1077 3200/187/3191 3199/185/3190
f 1079/217/1077 44/156/44 611/211/610 3200/187/3191
f 3200/187/3191 611/211/610 612/211/611 3203/187/3194
f 3203/187/3194 612/211/611 613/157/612 3206/187/3197
f 3206/187/3197 613/157/612 45/156/45 1082/217/1080
f 3205/185/3196 3206/187/3197 1082/217/1080 1083/185/1081
f 3204/183/3195 3205/185/3196 1083/185/1081 1084/191/1082
f 1129/190/1127 3204/183/3195 1084/191/1082 135/189/135
f 1128/190/1126 3201/184/3192 3204/183/3195 1129/190/1127
f 1127/215/1125 3198/213/3189 3201/184/3192 1128/190/1126
f 3208/218/3199 3209/219/3200 3207/220/3198 3217/221/3208
f 3210/222/3201 3211/223/3202 3207/220/3198 3209/224/3200
f 3212/225/3203 3213/226/3204 3207/220/3198 3211/227/3202
f 3214/228/3205 3215/229/3206 3207/220/3198 3213/230/3204
f 3216/231/3207 3217/232/3208 3207/220/3198 3215/229/3206
f 149/233/149 1171/234/1169 3208/218/3199 1178/235/1176
f 1171/234/1169 1170/236/1168 3209/219/3200 3208/218/3199
f 1178/235/1176 3208/218/3199 3217/221/3208 1179/237/1177
f 36/238/36 527/239/527 3210/222/3201 1169/240/1167
f 527/239/527 528/241/528 3211/223/3202 3210/222/3201
f 1169/240/1167 3210/222/3201 3209/224/3200 1170/236/1168
f 34/242/34 530/243/530 3212/225/3203 529/244/529
f 530/243/530 531/245/531 3213/226/3204 3212/225/3203
f 529/244/529 3212/225/3203 3211/227/3202 528/241/528
f 4/246/4 1172/247/1170 3214/228/3205 532/248/532
f 1172/247/1170 1173/249/1171 3215/229/3206 3214/228/3205
f 532/248/532 3214/228/3205 3213/230/3204 531/250/531
f 150/251/150 1180/252/1178 3216/231/3207 1174/253/1172
f 1180/252/1178 1179/254/1177 3217/232/3208 3216/231/3207
f 1174/253/1172 3216/231/3207 3215/229/3206 1173/249/1171
f 3218/255/3209 3219/256/3210 3222/257/3213 3221/258/3212
f 3219/256/3210 3220/259/3211 3223/260/3214 3222/257/3213
f 3221/258/3212 3222/257/3213 3225/261/3216 3224/262/3215
f 3222/257/3213 3223/260/3214 3226/263/3217 3225/261/3216
f 130/202/130 1177/264/1175 3218/255/3209 1078/203/1076
f 1177/264/1175 1176/265/1174 3219/256/3210 3218/255/3209
f 1176/265/1174 1175/266/1173 3220/259/3211 3219/256/3210
f 1175/266/1173 149/267/149 623/268/622 3220/259/3211
f 3220/259/3211 623/268/622 624/269/623 3223/260/3214
f 3223/260/3214 624/269/623 625/270/624 3226/263/3217
f 3226/263/3217 625/270/624 56/271/56 617/272/616
f 3225/261/3216 3226/263/3217 617/272/616 618/273/617
f 3224/262/3215 3225/261/3216 618/273/617 619/274/618
f 1076/206/1074 3224/262/3215 619/274/618 43/207/43
f 1077/275/1075 3221/258/3212 3224/262/3215 1076/206/1074
f 1078/203/1076 3218/255/3209 3221/258/3212 1077/275/1075
f 3228/276/3219 3229/277/3220 3227/278/3218 3233/279/3224
f 3230/280/3221 3231/281/3222 3227/278/3218 3229/282/3220
f 3232/283/3223 3233/279/3224 3227/278/3218 3231/281/3222
f 154/284/154 1294/285/1292 3228/276/3219 1198/286/1196
f 1294/285/1292 1293/287/1291 3229/277/3220 3228/276/3219
f 1198/286/1196 3228/276/3219 3233/279/3224 1197/52/1195
f 170/288/170 626/289/625 3230/280/3221 1292/290/1290
f 626/289/625 627/291/626 3231/281/3222 3230/280/3221
f 1292/290/1290 3230/280/3221 3229/282/3220 1293/287/1291
f 5/54/5 1196/53/1194 3232/283/3223 628/292/627
f 1196/53/1194 1197/293/1195 3233/279/3224 3232/283/3223
f 628/292/627 3232/283/3223 3231/281/3222 627/127/626
f 3235/294/3226 3236/295/3227 3234/296/3225 3240/297/3231
f 3237/298/3228 3238/299/3229 3234/296/3225 3236/300/3227
f 3239/301/3230 3240/302/3231 3234/296/3225 3238/299/3229
f 169/303/169 1285/304/1283 3235/294/3226 1298/305/1296
f 1285/304/1283 1284/306/1282 3236/295/3227 3235/294/3226
f 1298/305/1296 3235/294/3226 3240/297/3231 1299/307/1297
f 23/104/23 484/308/484 3237/298/3228 1283/309/1281
f 484/308/484 483/310/483 3238/299/3229 3237/298/3228
f 1283/309/1281 3237/298/3228 3236/300/3227 1284/306/1282
f 167/311/167 1300/312/1298 3239/301/3230 482/313/482
f 1300/312/1298 1299/314/1297 3240/302/3231 3239/301/3230
f 482/313/482 3239/301/3230 3238/299/3229 483/310/483
f 3241/213/3232 3242/185/3233 3245/192/3236 3244/184/3235
f 3242/185/3233 3243/187/3234 3246/187/3237 3245/192/3236
f 3244/184/3235 3245/192/3236 3248/185/3239 3247/183/3238
f 3245/192/3236 3246/187/3237 3249/187/3240 3248/185/3239
f 139/189/139 1096/191/1094 3241/213/3232 1124/215/1122
f 1096/191/1094 1095/185/1093 3242/185/3233 3241/213/3232
f 1095/185/1093 1094/217/1092 3243/187/3234 3242/185/3233
f 1094/217/1092 49/156/49 614/211/613 3243/187/3234
f 3243/187/3234 614/211/613 615/211/614 3246/187/3237
f 3246/187/3237 615/211/614 616/157/615 3249/187/3240
f 3249/187/3240 616/157/615 44/156/44 1079/217/1077
f 3248/185/3239 3249/187/3240 1079/217/1077 1080/185/1078
f 3247/183/3238 3248/185/3239 1080/185/1078 1081/191/1079
f 1126/190/1124 3247/183/3238 1081/191/1079 134/189/134
f 1125/190/1123 3244/184/3235 3247/183/3238 1126/190/1124
f 1124/215/1122 3241/213/3232 3244/184/3235 1125/190/1123
f 3251/315/3242 3252/316/3243 3250/317/3241 3260/318/3251
f 3253/319/3244 3254/320/3245 3250/317/3241 3252/316/3243
f 3255/321/3246 3256/322/3247 3250/317/3241 3254/323/3245
f 3257/324/3248 3258/325/3249 3250/317/3241 3256/326/3247
f 3259/327/3250 3260/328/3251 3250/317/3241 3258/329/3249
f 38/330/38 893/331/891 3251/315/3242 637/332/636
f 893/331/891 894/333/892 3252/316/3243 3251/315/3242
f 637/332/636 3251/315/3242 3260/318/3251 636/334/635
f 20/335/20 883/336/881 3253/319/3244 895/337/893
f 883/336/881 882/338/880 3254/320/3245 3253/319/3244
f 895/337/893 3253/319/3244 3252/316/3243 894/333/892
f 140/189/140 1163/339/1161 3255/321/3246 881/340/879
f 1163/339/1161 1164/341/1162 3256/322/3247 3255/321/3246
f 881/340/879 3255/321/3246 3254/323/3245 882/338/880
f 148/342/148 899/343/897 3257/324/3248 1165/344/1163
f 899/343/897 900/345/898 3258/325/3249 3257/324/3248
f 1165/344/1163 3257/324/3248 3256/326/3247 1164/346/1162
f 39/347/39 635/348/634 3259/327/3250 901/349/899
f 635/348/634 636/334/635 3260/328/3251 3259/327/3250
f 901/349/899 3259/327/3250 3258/329/3249 900/350/898
f 3261/351/3252 3262/352/3253 3265/353/3256 3264/354/3255
f 3262/352/3253 3263/355/3254 3266/356/3257 3265/353/3256
f 3264/354/3255 3265/353/3256 3268/357/3259 3267/358/3258
f 3265/353/3256 3266/356/3257 3269/359/3260 3268/357/3259
f 404/360/404 1193/361/1191 3261/351/3252 2849/362/2840
f 1193/361/1191 1194/363/1192 3262/352/3253 3261/351/3252
f 1194/363/1192 1195/364/1193 3263/355/3254 3262/352/3253
f 1195/364/1193 152/365/152 431/366/431 3263/355/3254
f 3263/355/3254 431/366/431 432/367/432 3266/356/3257
f 3266/356/3257 432/367/432 433/368/433 3269/359/3260
f 3269/359/3260 433/368/433 1/369/1 2807/370/2798
f 3268/357/3259 3269/359/3260 2807/370/2798 2808/371/2799
f 3267/358/3258 3268/357/3259 2808/371/2799 2809/372/2800
f 2851/373/2842 3267/358/3258 2809/372/2800 405/374/405
f 2850/375/2841 3264/354/3255 3267/358/3258 2851/373/2842
f 2849/362/2840 3261/351/3252 3264/354/3255 2850/375/2841
f 3270/86/3261 3271/86/3262 3274/86/3265 3273/86/3264
f 3271/86/3262 3272/86/3263 3275/86/3266 3274/86/3265
f 3273/86/3264 3274/86/3265 3277/86/3268 3276/86/3267
f 3274/86/3265 3275/86/3266 3278/86/3269 3277/86/3268
f 116/86/116 973/86/971 3270/86/3261 1010/86/1008
f 973/86/971 972/86/970 3271/86/3262 3270/86/3261
f 972/86/970 971/86/969 3272/86/3263 3271/86/3262
f 971/86/969 68/86/68 650/86/649 3272/86/3263
f 3272/86/3263 650/86/649 651/86/650 3275/86/3266
f 3275/86/3266 651/86/650 652/86/651 3278/86/3269
f 3278/86/3269 652/86/651 67/86/67 968/86/966
f 3277/86/3268 3278/86/3269 968/86/966 969/86/967
f 3276/86/3267 3277/86/3268 969/86/967 970/86/968
f 1012/86/1010 3276/86/3267 970/86/968 115/86/115
f 1011/86/1009 3273/86/3264 3276/86/3267 1012/86/1010
f 1010/86/1008 3270/86/3261 3273/86/3264 1011/86/1009
f 3279/86/3270 3280/86/3271 3283/86/3274 3282/86/3273
f 3280/86/3271 3281/86/3272 3284/86/3275 3283/86/3274
f 3282/86/3273 3283/86/3274 3286/86/3277 3285/86/3276
f 3283/86/3274 3284/86/3275 3287/86/3278 3286/86/3277
f 121/86/121 988/86/986 3279/86/3270 1007/86/1005
f 988/86/986 987/86/985 3280/86/3271 3279/86/3270
f 987/86/985 986/86/984 3281/86/3272 3280/86/3271
f 986/86/984 71/86/71 713/86/712 3281/86/3272
f 3281/86/3272 713/86/712 714/86/713 3284/86/3275
f 3284/86/3275 714/86/713 715/86/714 3287/86/3278
f 3287/86/3278 715/86/714 68/86/68 971/86/969
f 3286/86/3277 3287/86/3278 971/86/969 972/86/970
f 3285/86/3276 3286/86/3277 972/86/970 973/86/971
f 1009/86/1007 3285/86/3276 973/86/971 116/86/116
f 1008/86/1006 3282/86/3273 3285/86/3276 1009/86/1007
f 1007/86/1005 3279/86/3270 3282/86/3273 1008/86/1006
f 3288/86/3279 3289/86/3280 3292/86/3283 3291/86/3282
f 3289/86/3280 3290/86/3281 3293/86/3284 3292/86/3283
f 3291/86/3282 3292/86/3283 3295/86/3286 3294/86/3285
f 3292/86/3283 3293/86/3284 3296/86/3287 3295/86/3286
f 117/86/117 976/86/974 3288/86/3279 1004/86/1002
f 976/86/974 975/86/973 3289/86/3280 3288/86/3279
f 975/86/973 974/86/972 3290/86/3281 3289/86/3280
f 974/86/972 75/86/75 698/86/697 3290/86/3281
f 3290/86/3281 698/86/697 699/86/698 3293/86/3284
f 3293/86/3284 699/86/698 700/86/699 3296/86/3287
f 3296/86/3287 700/86/699 72/86/72 983/86/981
f 3295/86/3286 3296/86/3287 983/86/981 984/86/982
f 3294/86/3285 3295/86/3286 984/86/982 985/86/983
f 1006/86/1004 3294/86/3285 985/86/983 120/86/120
f 1005/86/1003 3291/86/3282 3294/86/3285 1006/86/1004
f 1004/86/1002 3288/86/3279 3291/86/3282 1005/86/1003
f 3297/86/3288 3298/86/3289 3301/86/3292 3300/86/3291
f 3298/86/3289 3299/86/3290 3302/86/3293 3301/86/3292
f 3300/86/3291 3301/86/3292 3304/86/3295 3303/86/3294
f 3301/86/3292 3302/86/3293 3305/86/3296 3304/86/3295
f 118/86/118 979/86/977 3297/86/3288 1001/86/999
f 979/86/977 978/86/976 3298/86/3289 3297/86/3288
f 978/86/976 977/86/975 3299/86/3290 3298/86/3289
f 977/86/975 78/86/78 689/86/688 3299/86/3290
f 3299/86/3290 689/86/688 690/86/689 3302/86/3293
f 3302/86/3293 690/86/689 691/86/690 3305/86/3296
f 3305/86/3296 691/86/690 76/86/76 980/86/978
f 3304/86/3295 3305/86/3296 980/86/978 981/86/979
f 3303/86/3294 3304/86/3295 981/86/979 982/86/980
f 1003/86/1001 3303/86/3294 982/86/980 119/86/119
f 1002/86/1000 3300/86/3291 3303/86/3294 1003/86/1001
f 1001/86/999 3297/86/3288 3300/86/3291 1002/86/1000
f 3306/86/3297 3307/86/3298 3310/86/3301 3309/86/3300
f 3307/86/3298 3308/86/3299 3311/86/3302 3310/86/3301
f 3309/86/3300 3310/86/3301 3313/86/3304 3312/86/3303
f 3310/86/3301 3311/86/3302 3314/86/3305 3313/86/3304
f 119/86/119 982/86/980 3306/86/3297 998/86/996
f 982/86/980 981/86/979 3307/86/3298 3306/86/3297
f 981/86/979 980/86/978 3308/86/3299 3307/86/3298
f 980/86/978 76/86/76 695/86/694 3308/86/3299
f 3308/86/3299 695/86/694 696/86/695 3311/86/3302
f 3311/86/3302 696/86/695 697/86/696 3314/86/3305
f 3314/86/3305 697/86/696 75/86/75 974/86/972
f 3313/86/3304 3314/86/3305 974/86/972 975/86/973
f 3312/86/3303 3313/86/3304 975/86/973 976/86/974
f 1000/86/998 3312/86/3303 976/86/974 117/86/117
f 999/86/997 3309/86/3300 3312/86/3303 1000/86/998
f 998/86/996 3306/86/3297 3309/86/3300 999/86/997
f 3315/86/3306 3316/86/3307 3319/86/3310 3318/86/3309
f 3316/86/3307 3317/86/3308 3320/86/3311 3319/86/3310
f 3318/86/3309 3319/86/3310 3322/86/3313 3321/86/3312
f 3319/86/3310 3320/86/3311 3323/86/3314 3322/86/3313
f 120/86/120 985/86/983 3315/86/3306 995/86/993
f 985/86/983 984/86/982 3316/86/3307 3315/86/3306
f 984/86/982 983/86/981 3317/86/3308 3316/86/3307
f 983/86/981 72/86/72 683/86/682 3317/86/3308
f 3317/86/3308 683/86/682 684/86/683 3320/86/3311
f 3320/86/3311 684/86/683 685/86/684 3323/86/3314
f 3323/86/3314 685/86/684 71/86/71 986/86/984
f 3322/86/3313 3323/86/3314 986/86/984 987/86/985
f 3321/86/3312 3322/86/3313 987/86/985 988/86/986
f 997/86/995 3321/86/3312 988/86/986 121/86/121
f 996/86/994 3318/86/3309 3321/86/3312 997/86/995
f 995/86/993 3315/86/3306 3318/86/3309 996/86/994
f 3324/86/3315 3325/86/3316 3328/86/3319 3327/86/3318
f 3325/86/3316 3326/86/3317 3329/86/3320 3328/86/3319
f 3327/86/3318 3328/86/3319 3331/86/3322 3330/86/3321
f 3328/86/3319 3329/86/3320 3332/86/3323 3331/86/3322
f 115/86/115 970/86/968 3324/86/3315 992/86/990
f 970/86/968 969/86/967 3325/86/3316 3324/86/3315
f 969/86/967 968/86/966 3326/86/3317 3325/86/3316
f 968/86/966 67/86/67 647/86/646 3326/86/3317
f 3326/86/3317 647/86/646 648/86/647 3329/86/3320
f 3329/86/3320 648/86/647 649/86/648 3332/86/3323
f 3332/86/3323 649/86/648 64/86/64 962/86/960
f 3331/86/3322 3332/86/3323 962/86/960 963/86/961
f 3330/86/3321 3331/86/3322 963/86/961 964/86/962
f 994/86/992 3330/86/3321 964/86/962 113/86/113
f 993/86/991 3327/86/3318 3330/86/3321 994/86/992
f 992/86/990 3324/86/3315 3327/86/3318 993/86/991
f 3333/86/3324 3334/86/3325 3337/86/3328 3336/86/3327
f 3334/86/3325 3335/86/3326 3338/86/3329 3337/86/3328
f 3336/86/3327 3337/86/3328 3340/86/3331 3339/86/3330
f 3337/86/3328 3338/86/3329 3341/86/3332 3340/86/3331
f 415/86/415 2914/86/2905 3333/86/3324 2869/86/2860
f 2914/86/2905 2913/86/2904 3334/86/3325 3333/86/3324
f 2913/86/2904 2912/86/2903 3335/86/3326 3334/86/3325
f 2912/86/2903 413/86/413 1019/86/1017 3335/86/3326
f 3335/86/3326 1019/86/1017 1020/86/1018 3338/86/3329
f 3338/86/3329 1020/86/1018 1021/86/1019 3341/86/3332
f 3341/86/3332 1021/86/1019 122/86/122 656/86/655
f 3340/86/3331 3341/86/3332 656/86/655 657/86/656
f 3339/86/3330 3340/86/3331 657/86/656 658/86/657
f 2867/86/2858 3339/86/3330 658/86/657 58/86/58
f 2868/86/2859 3336/86/3327 3339/86/3330 2867/86/2858
f 2869/86/2860 3333/86/3324 3336/86/3327 2868/86/2859
f 3342/86/3333 3343/86/3334 3346/86/3337 3345/86/3336
f 3343/86/3334 3344/86/3335 3347/86/3338 3346/86/3337
f 3345/86/3336 3346/86/3337 3349/86/3340 3348/86/3339
f 3346/86/3337 3347/86/3338 3350/86/3341 3349/86/3340
f 424/86/424 2974/86/2965 3342/86/3333 989/86/987
f 2974/86/2965 2973/86/2964 3343/86/3334 3342/86/3333
f 2973/86/2964 2972/86/2963 3344/86/3335 3343/86/3334
f 2972/86/2963 421/86/421 812/86/810 3344/86/3335
f 3344/86/3335 812/86/810 813/86/811 3347/86/3338
f 3347/86/3338 813/86/811 814/86/812 3350/86/3341
f 3350/86/3341 814/86/812 63/86/63 965/86/963
f 3349/86/3340 3350/86/3341 965/86/963 966/86/964
f 3348/86/3339 3349/86/3340 966/86/964 967/86/965
f 991/86/989 3348/86/3339 967/86/965 114/86/114
f 990/86/988 3345/86/3336 3348/86/3339 991/86/989
f 989/86/987 3342/86/3333 3345/86/3336 990/86/988
f 3351/86/3342 3352/86/3343 3355/86/3346 3354/86/3345
f 3352/86/3343 3353/86/3344 3356/86/3347 3355/86/3346
f 3354/86/3345 3355/86/3346 3358/86/3349 3357/86/3348
f 3355/86/3346 3356/86/3347 3359/86/3350 3358/86/3349
f 118/86/118 737/86/736 3351/86/3342 1037/86/1035
f 737/86/736 738/86/737 3352/86/3343 3351/86/3342
f 738/86/737 739/86/738 3353/86/3344 3352/86/3343
f 739/86/738 87/86/87 778/86/776 3353/86/3344
f 3353/86/3344 778/86/776 777/86/775 3356/86/3347
f 3356/86/3347 777/86/775 776/86/774 3359/86/3350
f 3359/86/3350 776/86/774 93/86/93 787/86/785
f 3358/86/3349 3359/86/3350 787/86/785 786/86/784
f 3357/86/3348 3358/86/3349 786/86/784 785/86/783
f 1039/86/1037 3357/86/3348 785/86/783 126/86/126
f 1038/86/1036 3354/86/3345 3357/86/3348 1039/86/1037
f 1037/86/1035 3351/86/3342 3354/86/3345 1038/86/1036
f 3360/86/3351 3361/86/3352 3364/86/3355 3363/86/3354
f 3361/86/3352 3362/86/3353 3365/86/3356 3364/86/3355
f 3363/86/3354 3364/86/3355 3367/86/3358 3366/86/3357
f 3364/86/3355 3365/86/3356 3368/86/3359 3367/86/3358
f 106/86/106 919/86/917 3360/86/3351 956/86/954
f 919/86/917 918/86/916 3361/86/3352 3360/86/3351
f 918/86/916 917/86/915 3362/86/3353 3361/86/3352
f 917/86/915 84/86/84 749/86/748 3362/86/3353
f 3362/86/3353 749/86/748 750/86/749 3365/86/3356
f 3365/86/3356 750/86/749 751/86/750 3368/86/3359
f 3368/86/3359 751/86/750 83/86/83 914/86/912
f 3367/86/3358 3368/86/3359 914/86/912 915/86/913
f 3366/86/3357 3367/86/3358 915/86/913 916/86/914
f 958/86/956 3366/86/3357 916/86/914 105/86/105
f 957/86/955 3363/86/3354 3366/86/3357 958/86/956
f 956/86/954 3360/86/3351 3363/86/3354 957/86/955
f 3369/86/3360 3370/86/3361 3373/86/3364 3372/86/3363
f 3370/86/3361 3371/86/3362 3374/86/3365 3373/86/3364
f 3372/86/3363 3373/86/3364 3376/86/3367 3375/86/3366
f 3373/86/3364 3374/86/3365 3377/86/3368 3376/86/3367
f 111/86/111 934/86/932 3369/86/3360 953/86/951
f 934/86/932 933/86/931 3370/86/3361 3369/86/3360
f 933/86/931 932/86/930 3371/86/3362 3370/86/3361
f 932/86/930 89/86/89 752/86/751 3371/86/3362
f 3371/86/3362 752/86/751 753/86/752 3374/86/3365
f 3374/86/3365 753/86/752 754/86/753 3377/86/3368
f 3377/86/3368 754/86/753 90/86/90 935/86/933
f 3376/86/3367 3377/86/3368 935/86/933 936/86/934
f 3375/86/3366 3376/86/3367 936/86/934 937/86/935
f 955/86/953 3375/86/3366 937/86/935 112/86/112
f 954/86/952 3372/86/3363 3375/86/3366 955/86/953
f 953/86/951 3369/86/3360 3372/86/3363 954/86/952
f 3378/86/3369 3379/86/3370 3382/86/3373 3381/86/3372
f 3379/86/3370 3380/86/3371 3383/86/3374 3382/86/3373
f 3381/86/3372 3382/86/3373 3385/86/3376 3384/86/3375
f 3382/86/3373 3383/86/3374 3386/86/3377 3385/86/3376
f 110/86/110 931/86/929 3378/86/3369 950/86/948
f 931/86/929 930/86/928 3379/86/3370 3378/86/3369
f 930/86/928 929/86/927 3380/86/3371 3379/86/3370
f 929/86/927 88/86/88 755/86/88 3380/86/3371
f 3380/86/3371 755/86/88 756/86/754 3383/86/3374
f 3383/86/3374 756/86/754 757/86/755 3386/86/3377
f 3386/86/3377 757/86/755 86/86/86 923/86/921
f 3385/86/3376 3386/86/3377 923/86/921 924/86/922
f 3384/86/3375 3385/86/3376 924/86/922 925/86/923
f 952/86/950 3384/86/3375 925/86/923 108/86/108
f 951/86/949 3381/86/3372 3384/86/3375 952/86/950
f 950/86/948 3378/86/3369 3381/86/3372 951/86/949
f 3387/86/3378 3388/86/3379 3391/86/3382 3390/86/3381
f 3388/86/3379 3389/86/3380 3392/86/3383 3391/86/3382
f 3390/86/3381 3391/86/3382 3394/86/3385 3393/86/3384
f 3391/86/3382 3392/86/3383 3395/86/3386 3394/86/3385
f 109/86/109 928/86/926 3387/86/3378 947/86/945
f 928/86/926 927/86/925 3388/86/3379 3387/86/3378
f 927/86/925 926/86/924 3389/86/3380 3388/86/3379
f 926/86/924 87/86/87 758/86/756 3389/86/3380
f 3389/86/3380 758/86/756 759/86/757 3392/86/3383
f 3392/86/3383 759/86/757 760/86/758 3395/86/3386
f 3395/86/3386 760/86/758 88/86/88 929/86/927
f 3394/86/3385 3395/86/3386 929/86/927 930/86/928
f 3393/86/3384 3394/86/3385 930/86/928 931/86/929
f 949/86/947 3393/86/3384 931/86/929 110/86/110
f 948/86/946 3390/86/3381 3393/86/3384 949/86/947
f 947/86/945 3387/86/3378 3390/86/3381 948/86/946
f 3396/86/3387 3397/86/3388 3400/86/3391 3399/86/3390
f 3397/86/3388 3398/86/3389 3401/86/3392 3400/86/3391
f 3399/86/3390 3400/86/3391 3403/86/3394 3402/86/3393
f 3400/86/3391 3401/86/3392 3404/86/3395 3403/86/3394
f 108/86/108 925/86/923 3396/86/3387 944/86/942
f 925/86/923 924/86/922 3397/86/3388 3396/86/3387
f 924/86/922 923/86/921 3398/86/3389 3397/86/3388
f 923/86/921 86/86/86 761/86/759 3398/86/3389
f 3398/86/3389 761/86/759 762/86/760 3401/86/3392
f 3401/86/3392 762/86/760 763/86/761 3404/86/3395
f 3404/86/3395 763/86/761 89/86/89 932/86/930
f 3403/86/3394 3404/86/3395 932/86/930 933/86/931
f 3402/86/3393 3403/86/3394 933/86/931 934/86/932
f 946/86/944 3402/86/3393 934/86/932 111/86/111
f 945/86/943 3399/86/3390 3402/86/3393 946/86/944
f 944/86/942 3396/86/3387 3399/86/3390 945/86/943
f 3405/86/3396 3406/86/3397 3409/86/3400 3408/86/3399
f 3406/86/3397 3407/86/3398 3410/86/3401 3409/86/3400
f 3408/86/3399 3409/86/3400 3412/86/3403 3411/86/3402
f 3409/86/3400 3410/86/3401 3413/86/3404 3412/86/3403
f 112/86/112 937/86/935 3405/86/3396 941/86/939
f 937/86/935 936/86/934 3406/86/3397 3405/86/3396
f 936/86/934 935/86/933 3407/86/3398 3406/86/3397
f 935/86/933 90/86/90 764/86/762 3407/86/3398
f 3407/86/3398 764/86/762 765/86/763 3410/86/3401
f 3410/86/3401 765/86/763 766/86/764 3413/86/3404
f 3413/86/3404 766/86/764 85/86/85 920/86/918
f 3412/86/3403 3413/86/3404 920/86/918 921/86/919
f 3411/86/3402 3412/86/3403 921/86/919 922/86/920
f 943/86/941 3411/86/3402 922/86/920 107/86/107
f 942/86/940 3408/86/3399 3411/86/3402 943/86/941
f 941/86/939 3405/86/3396 3408/86/3399 942/86/940
f 3414/86/3405 3415/86/3406 3418/86/3409 3417/86/3408
f 3415/86/3406 3416/86/3407 3419/86/3410 3418/86/3409
f 3417/86/3408 3418/86/3409 3421/86/3412 3420/86/3411
f 3418/86/3409 3419/86/3410 3422/86/3413 3421/86/3412
f 107/86/107 922/86/920 3414/86/3405 938/86/936
f 922/86/920 921/86/919 3415/86/3406 3414/86/3405
f 921/86/919 920/86/918 3416/86/3407 3415/86/3406
f 920/86/918 85/86/85 767/86/765 3416/86/3407
f 3416/86/3407 767/86/765 768/86/766 3419/86/3410
f 3419/86/3410 768/86/766 769/86/767 3422/86/3413
f 3422/86/3413 769/86/767 84/86/84 917/86/915
f 3421/86/3412 3422/86/3413 917/86/915 918/86/916
f 3420/86/3411 3421/86/3412 918/86/916 919/86/917
f 940/86/938 3420/86/3411 919/86/917 106/86/106
f 939/86/937 3417/86/3408 3420/86/3411 940/86/938
f 938/86/936 3414/86/3405 3417/86/3408 939/86/937
f 3423/86/3414 3424/86/3415 3427/86/3418 3426/86/3417
f 3424/86/3415 3425/86/3416 3428/86/3419 3427/86/3418
f 3426/86/3417 3427/86/3418 3430/86/3421 3429/86/3420
f 3427/86/3418 3428/86/3419 3431/86/3422 3430/86/3421
f 190/86/190 1399/86/1397 3423/86/3414 1403/86/1401
f 1399/86/1397 1398/86/1396 3424/86/3415 3423/86/3414
f 1398/86/1396 1397/86/1395 3425/86/3416 3424/86/3415
f 1397/86/1395 124/86/124 674/86/673 3425/86/3416
f 3425/86/3416 674/86/673 675/86/674 3428/86/3419
f 3428/86/3419 675/86/674 676/86/675 3431/86/3422
f 3431/86/3422 676/86/675 79/86/79 1385/86/1383
f 3430/86/3421 3431/86/3422 1385/86/1383 1386/86/1384
f 3429/86/3420 3430/86/3421 1386/86/1384 1387/86/1385
f 1405/86/1403 3429/86/3420 1387/86/1385 186/86/186
f 1404/86/1402 3426/86/3417 3429/86/3420 1405/86/1403
f 1403/86/1401 3423/86/3414 3426/86/3417 1404/86/1402
f 3432/86/3423 3433/86/3424 3436/86/3427 3435/86/3426
f 3433/86/3424 3434/86/3425 3437/86/3428 3436/86/3427
f 3435/86/3426 3436/86/3427 3439/86/3430 3438/86/3429
f 3436/86/3427 3437/86/3428 3440/86/3431 3439/86/3430
f 103/86/103 910/86/908 3432/86/3423 1040/86/1038
f 910/86/908 909/86/907 3433/86/3424 3432/86/3423
f 909/86/907 908/86/906 3434/86/3425 3433/86/3424
f 908/86/906 93/86/93 776/86/774 3434/86/3425
f 3434/86/3425 776/86/774 777/86/775 3437/86/3428
f 3437/86/3428 777/86/775 778/86/776 3440/86/3431
f 3440/86/3431 778/86/776 87/86/87 926/86/924
f 3439/86/3430 3440/86/3431 926/86/924 927/86/925
f 3438/86/3429 3439/86/3430 927/86/925 928/86/926
f 1042/86/1040 3438/86/3429 928/86/926 109/86/109
f 1041/86/1039 3435/86/3426 3438/86/3429 1042/86/1040
f 1040/86/1038 3432/86/3423 3435/86/3426 1041/86/1039
f 3441/86/3432 3442/86/3433 3445/86/3436 3444/86/3435
f 3442/86/3433 3443/86/3434 3446/86/3437 3445/86/3436
f 3444/86/3435 3445/86/3436 3448/86/3439 3447/86/3438
f 3445/86/3436 3446/86/3437 3449/86/3440 3448/86/3439
f 124/86/124 1024/86/1022 3441/86/3432 1043/86/1041
f 1024/86/1022 1023/86/1021 3442/86/3433 3441/86/3432
f 1023/86/1021 1022/86/1020 3443/86/3434 3442/86/3433
f 1022/86/1020 92/86/92 779/86/777 3443/86/3434
f 3443/86/3434 779/86/777 780/86/778 3446/86/3437
f 3446/86/3437 780/86/778 781/86/779 3449/86/3440
f 3449/86/3440 781/86/779 93/86/93 908/86/906
f 3448/86/3439 3449/86/3440 908/86/906 909/86/907
f 3447/86/3438 3448/86/3439 909/86/907 910/86/908
f 1045/86/1043 3447/86/3438 910/86/908 103/86/103
f 1044/86/1042 3444/86/3435 3447/86/3438 1045/86/1043
f 1043/86/1041 3441/86/3432 3444/86/3435 1044/86/1042
f 3451/86/3442 3452/86/3443 3450/86/3441 3456/86/3447
f 3453/86/3444 3454/86/3445 3450/86/3441 3452/86/3443
f 3455/86/3446 3456/86/3447 3450/86/3441 3454/86/3445
f 123/86/123 1018/86/1016 3451/86/3442 1034/86/1032
f 1018/86/1016 1017/86/1015 3452/86/3443 3451/86/3442
f 1034/86/1032 3451/86/3442 3456/86/3447 1035/86/1033
f 78/86/78 1031/86/1029 3453/86/3444 1016/86/1014
f 1031/86/1029 1032/86/1030 3454/86/3445 3453/86/3444
f 1016/86/1014 3453/86/3444 3452/86/3443 1017/86/1015
f 126/86/126 1036/86/1034 3455/86/3446 1033/86/1031
f 1036/86/1034 1035/86/1033 3456/86/3447 3455/86/3446
f 1033/86/1031 3455/86/3446 3454/86/3445 1032/86/1030
f 3457/86/3448 3458/86/3449 3461/86/3452 3460/86/3451
f 3458/86/3449 3459/86/3450 3462/86/3453 3461/86/3452
f 3460/86/3451 3461/86/3452 3464/86/3455 3463/86/3454
f 3461/86/3452 3462/86/3453 3465/86/3456 3464/86/3455
f 129/86/129 1060/86/1058 3457/86/3448 857/86/855
f 1060/86/1058 1059/86/1057 3458/86/3449 3457/86/3448
f 1059/86/1057 1058/86/1056 3459/86/3450 3458/86/3449
f 1058/86/1056 127/86/127 791/86/789 3459/86/3450
f 3459/86/3450 791/86/789 792/86/790 3462/86/3453
f 3462/86/3453 792/86/790 793/86/791 3465/86/3456
f 3465/86/3456 793/86/791 97/86/97 820/86/818
f 3464/86/3455 3465/86/3456 820/86/818 819/86/817
f 3463/86/3454 3464/86/3455 819/86/817 818/86/816
f 859/86/857 3463/86/3454 818/86/816 100/86/100
f 858/86/856 3460/86/3451 3463/86/3454 859/86/857
f 857/86/855 3457/86/3448 3460/86/3451 858/86/856
f 3466/376/3457 3467/377/3458 3470/378/3461 3469/379/3460
f 3467/377/3458 3468/376/3459 3471/379/3462 3470/378/3461
f 3469/379/3460 3470/378/3461 3473/380/3464 3472/381/3463
f 3470/378/3461 3471/379/3462 3474/381/3465 3473/380/3464
f 137/190/137 1123/190/1121 3466/376/3457 872/377/870
f 1123/190/1121 1122/190/1120 3467/377/3458 3466/376/3457
f 1122/190/1120 1121/190/1119 3468/376/3459 3467/377/3458
f 1121/190/1119 138/190/138 875/377/873 3468/376/3459
f 3468/376/3459 875/377/873 876/378/874 3471/379/3462
f 3471/379/3462 876/378/874 877/381/875 3474/381/3465
f 3474/381/3465 877/381/875 14/382/14 461/383/461
f 3473/380/3464 3474/381/3465 461/383/461 462/383/462
f 3472/381/3463 3473/380/3464 462/383/462 463/383/463
f 874/381/872 3472/381/3463 463/383/463 12/382/12
f 873/378/871 3469/379/3460 3472/381/3463 874/381/872
f 872/377/870 3466/376/3457 3469/379/3460 873/378/871
f 3475/86/3466 3476/86/3467 3479/86/3470 3478/86/3469
f 3476/86/3467 3477/86/3468 3480/86/3471 3479/86/3470
f 3478/86/3469 3479/86/3470 3482/86/3473 3481/86/3472
f 3479/86/3470 3480/86/3471 3483/86/3474 3482/86/3473
f 131/86/131 1075/86/1073 3475/86/3466 788/86/786
f 1075/86/1073 1074/86/1072 3476/86/3467 3475/86/3466
f 1074/86/1072 1073/86/1071 3477/86/3468 3476/86/3467
f 1073/86/1071 133/86/133 854/86/852 3477/86/3468
f 3477/86/3468 854/86/852 855/86/853 3480/86/3471
f 3480/86/3471 855/86/853 856/86/854 3483/86/3474
f 3483/86/3474 856/86/854 102/86/102 824/86/822
f 3482/86/3473 3483/86/3474 824/86/822 825/86/823
f 3481/86/3472 3482/86/3473 825/86/823 826/86/824
f 790/86/788 3481/86/3472 826/86/824 98/86/98
f 789/86/787 3478/86/3469 3481/86/3472 790/86/788
f 788/86/786 3475/86/3466 3478/86/3469 789/86/787
f 3484/86/3475 3485/86/3476 3488/86/3479 3487/86/3478
f 3485/86/3476 3486/86/3477 3489/86/3480 3488/86/3479
f 3487/86/3478 3488/86/3479 3491/86/3482 3490/86/3481
f 3488/86/3479 3489/86/3480 3492/86/3483 3491/86/3482
f 133/86/133 1072/86/1070 3484/86/3475 854/86/852
f 1072/86/1070 1071/86/1069 3485/86/3476 3484/86/3475
f 1071/86/1069 1070/86/1068 3486/86/3477 3485/86/3476
f 1070/86/1068 132/86/132 803/86/801 3486/86/3477
f 3486/86/3477 803/86/801 804/86/802 3489/86/3480
f 3489/86/3480 804/86/802 805/86/803 3492/86/3483
f 3492/86/3483 805/86/803 99/86/99 851/86/849
f 3491/86/3482 3492/86/3483 851/86/849 852/86/850
f 3490/86/3481 3491/86/3482 852/86/850 853/86/851
f 856/86/854 3490/86/3481 853/86/851 102/86/102
f 855/86/853 3487/86/3478 3490/86/3481 856/86/854
f 854/86/852 3484/86/3475 3487/86/3478 855/86/853
f 3493/86/3484 3494/86/3485 3497/86/3488 3496/86/3487
f 3494/86/3485 3495/86/3486 3498/86/3489 3497/86/3488
f 3496/86/3487 3497/86/3488 3500/86/3491 3499/86/3490
f 3497/86/3488 3498/86/3489 3501/86/3492 3500/86/3491
f 128/86/128 1057/86/1055 3493/86/3484 800/86/798
f 1057/86/1055 1056/86/1054 3494/86/3485 3493/86/3484
f 1056/86/1054 1055/86/1053 3495/86/3486 3494/86/3485
f 1055/86/1053 129/86/129 857/86/855 3495/86/3486
f 3495/86/3486 857/86/855 858/86/856 3498/86/3489
f 3498/86/3489 858/86/856 859/86/857 3501/86/3492
f 3501/86/3492 859/86/857 100/86/100 847/86/845
f 3500/86/3491 3501/86/3492 847/86/845 846/86/844
f 3499/86/3490 3500/86/3491 846/86/844 845/86/843
f 802/86/800 3499/86/3490 845/86/843 95/86/95
f 801/86/799 3496/86/3487 3499/86/3490 802/86/800
f 800/86/798 3493/86/3484 3496/86/3487 801/86/799
f 3502/213/3493 3503/213/3494 3506/192/3497 3505/192/3496
f 3503/213/3494 3504/184/3495 3507/384/3498 3506/192/3497
f 3505/192/3496 3506/192/3497 3509/187/3500 3508/217/3499
f 3506/192/3497 3507/384/3498 3510/187/3501 3509/187/3500
f 140/189/140 1120/215/1118 3502/213/3493 1099/191/1097
f 1120/215/1118 1119/190/1117 3503/213/3494 3502/213/3493
f 1119/190/1117 1118/215/1116 3504/184/3495 3503/213/3494
f 1118/215/1116 144/190/144 1111/213/1109 3504/184/3495
f 3504/184/3495 1111/213/1109 1110/192/1108 3507/384/3498
f 3507/384/3498 1110/192/1108 1109/187/1107 3510/187/3501
f 3510/187/3501 1109/187/1107 55/211/55 581/156/581
f 3509/187/3500 3510/187/3501 581/156/581 582/211/582
f 3508/217/3499 3509/187/3500 582/211/582 583/157/583
f 1097/217/1095 3508/217/3499 583/157/583 50/156/50
f 1098/185/1096 3505/192/3496 3508/217/3499 1097/217/1095
f 1099/191/1097 3502/213/3493 3505/192/3496 1098/185/1096
f 3511/183/3502 3512/184/3503 3515/185/3506 3514/185/3505
f 3512/184/3503 3513/183/3504 3516/186/3507 3515/185/3506
f 3514/185/3505 3515/185/3506 3518/187/3509 3517/188/3508
f 3515/185/3506 3516/186/3507 3519/187/3510 3518/187/3509
f 143/189/143 1117/190/1115 3511/183/3502 1108/191/1106
f 1117/190/1115 1116/189/1114 3512/184/3503 3511/183/3502
f 1116/189/1114 1115/189/1113 3513/183/3504 3512/184/3503
f 1115/189/1113 145/189/145 1114/191/1112 3513/183/3504
f 3513/183/3504 1114/191/1112 1113/192/1111 3516/186/3507
f 3516/186/3507 1113/192/1111 1112/188/1110 3519/187/3510
f 3519/187/3510 1112/188/1110 54/156/54 587/157/587
f 3518/187/3509 3519/187/3510 587/157/587 588/157/588
f 3517/188/3508 3518/187/3509 588/157/588 589/157/589
f 1106/188/1104 3517/188/3508 589/157/589 53/156/53
f 1107/192/1105 3514/185/3505 3517/188/3508 1106/188/1104
f 1108/191/1106 3511/183/3502 3514/185/3505 1107/192/1105
f 3520/86/3511 3521/86/3512 3524/86/3515 3523/86/3514
f 3521/86/3512 3522/86/3513 3525/86/3516 3524/86/3515
f 3523/86/3514 3524/86/3515 3527/86/3518 3526/86/3517
f 3524/86/3515 3525/86/3516 3528/86/3519 3527/86/3518
f 424/86/424 989/86/987 3520/86/3511 2969/86/2960
f 989/86/987 990/86/988 3521/86/3512 3520/86/3511
f 990/86/988 991/86/989 3522/86/3513 3521/86/3512
f 991/86/989 114/86/114 680/86/679 3522/86/3513
f 3522/86/3513 680/86/679 681/86/680 3525/86/3516
f 3525/86/3516 681/86/680 682/86/681 3528/86/3519
f 3528/86/3519 682/86/681 60/86/60 817/86/815
f 3527/86/3518 3528/86/3519 817/86/815 816/86/814
f 3526/86/3517 3527/86/3518 816/86/814 815/86/813
f 2971/86/2962 3526/86/3517 815/86/813 422/86/422
f 2970/86/2961 3523/86/3514 3526/86/3517 2971/86/2962
f 2969/86/2960 3520/86/3511 3523/86/3514 2970/86/2961
f 3529/86/3520 3530/86/3521 3533/86/3524 3532/86/3523
f 3530/86/3521 3531/86/3522 3534/86/3525 3533/86/3524
f 3532/86/3523 3533/86/3524 3536/86/3527 3535/86/3526
f 3533/86/3524 3534/86/3525 3537/86/3528 3536/86/3527
f 69/86/69 661/86/660 3529/86/3520 712/86/711
f 661/86/660 660/86/659 3530/86/3521 3529/86/3520
f 660/86/659 659/86/658 3531/86/3522 3530/86/3521
f 659/86/658 107/86/107 938/86/936 3531/86/3522
f 3531/86/3522 938/86/936 939/86/937 3534/86/3525
f 3534/86/3525 939/86/937 940/86/938 3537/86/3528
f 3537/86/3528 940/86/938 106/86/106 653/86/652
f 3536/86/3527 3537/86/3528 653/86/652 654/86/653
f 3535/86/3526 3536/86/3527 654/86/653 655/86/654
f 710/86/709 3535/86/3526 655/86/654 66/86/66
f 711/86/710 3532/86/3523 3535/86/3526 710/86/709
f 712/86/711 3529/86/3520 3532/86/3523 711/86/710
f 3538/86/3529 3539/86/3530 3542/86/3533 3541/86/3532
f 3539/86/3530 3540/86/3531 3543/86/3534 3542/86/3533
f 3541/86/3532 3542/86/3533 3545/86/3536 3544/86/3535
f 3542/86/3533 3543/86/3534 3546/86/3537 3545/86/3536
f 70/86/70 706/86/705 3538/86/3529 718/86/717
f 706/86/705 705/86/704 3539/86/3530 3538/86/3529
f 705/86/704 704/86/703 3540/86/3531 3539/86/3530
f 704/86/703 112/86/112 941/86/939 3540/86/3531
f 3540/86/3531 941/86/939 942/86/940 3543/86/3534
f 3543/86/3534 942/86/940 943/86/941 3546/86/3537
f 3546/86/3537 943/86/941 107/86/107 659/86/658
f 3545/86/3536 3546/86/3537 659/86/658 660/86/659
f 3544/86/3535 3545/86/3536 660/86/659 661/86/660
f 716/86/715 3544/86/3535 661/86/660 69/86/69
f 717/86/716 3541/86/3532 3544/86/3535 716/86/715
f 718/86/717 3538/86/3529 3541/86/3532 717/86/716
f 3547/86/3538 3548/86/3539 3551/86/3542 3550/86/3541
f 3548/86/3539 3549/86/3540 3552/86/3543 3551/86/3542
f 3550/86/3541 3551/86/3542 3554/86/3545 3553/86/3544
f 3551/86/3542 3552/86/3543 3555/86/3546 3554/86/3545
f 74/86/74 670/86/669 3547/86/3538 664/86/663
f 670/86/669 669/86/668 3548/86/3539 3547/86/3538
f 669/86/668 668/86/667 3549/86/3540 3548/86/3539
f 668/86/667 108/86/108 944/86/942 3549/86/3540
f 3549/86/3540 944/86/942 945/86/943 3552/86/3543
f 3552/86/3543 945/86/943 946/86/944 3555/86/3546
f 3555/86/3546 946/86/944 111/86/111 701/86/700
f 3554/86/3545 3555/86/3546 701/86/700 702/86/701
f 3553/86/3544 3554/86/3545 702/86/701 703/86/702
f 662/86/661 3553/86/3544 703/86/702 73/86/73
f 663/86/662 3550/86/3541 3553/86/3544 662/86/661
f 664/86/663 3547/86/3538 3550/86/3541 663/86/662
f 3556/86/3547 3557/86/3548 3560/86/3551 3559/86/3550
f 3557/86/3548 3558/86/3549 3561/86/3552 3560/86/3551
f 3559/86/3550 3560/86/3551 3563/86/3554 3562/86/3553
f 3560/86/3551 3561/86/3552 3564/86/3555 3563/86/3554
f 61/86/61 679/86/678 3556/86/3547 694/86/693
f 679/86/678 678/86/677 3557/86/3548 3556/86/3547
f 678/86/677 677/86/676 3558/86/3549 3557/86/3548
f 677/86/676 109/86/109 947/86/945 3558/86/3549
f 3558/86/3549 947/86/945 948/86/946 3561/86/3552
f 3561/86/3552 948/86/946 949/86/947 3564/86/3555
f 3564/86/3555 949/86/947 110/86/110 686/86/685
f 3563/86/3554 3564/86/3555 686/86/685 687/86/686
f 3562/86/3553 3563/86/3554 687/86/686 688/86/687
f 692/86/691 3562/86/3553 688/86/687 77/86/77
f 693/86/692 3559/86/3550 3562/86/3553 692/86/691
f 694/86/693 3556/86/3547 3559/86/3550 693/86/692
f 3565/86/3556 3566/86/3557 3569/86/3560 3568/86/3559
f 3566/86/3557 3567/86/3558 3570/86/3561 3569/86/3560
f 3568/86/3559 3569/86/3560 3572/86/3563 3571/86/3562
f 3569/86/3560 3570/86/3561 3573/86/3564 3572/86/3563
f 77/86/77 688/86/687 3565/86/3556 667/86/666
f 688/86/687 687/86/686 3566/86/3557 3565/86/3556
f 687/86/686 686/86/685 3567/86/3558 3566/86/3557
f 686/86/685 110/86/110 950/86/948 3567/86/3558
f 3567/86/3558 950/86/948 951/86/949 3570/86/3561
f 3570/86/3561 951/86/949 952/86/950 3573/86/3564
f 3573/86/3564 952/86/950 108/86/108 668/86/667
f 3572/86/3563 3573/86/3564 668/86/667 669/86/668
f 3571/86/3562 3572/86/3563 669/86/668 670/86/669
f 665/86/664 3571/86/3562 670/86/669 74/86/74
f 666/86/665 3568/86/3559 3571/86/3562 665/86/664
f 667/86/666 3565/86/3556 3568/86/3559 666/86/665
f 3574/86/3565 3575/86/3566 3578/86/3569 3577/86/3568
f 3575/86/3566 3576/86/3567 3579/86/3570 3578/86/3569
f 3577/86/3568 3578/86/3569 3581/86/3572 3580/86/3571
f 3578/86/3569 3579/86/3570 3582/86/3573 3581/86/3572
f 73/86/73 703/86/702 3574/86/3565 709/86/708
f 703/86/702 702/86/701 3575/86/3566 3574/86/3565
f 702/86/701 701/86/700 3576/86/3567 3575/86/3566
f 701/86/700 111/86/111 953/86/951 3576/86/3567
f 3576/86/3567 953/86/951 954/86/952 3579/86/3570
f 3579/86/3570 954/86/952 955/86/953 3582/86/3573
f 3582/86/3573 955/86/953 112/86/112 704/86/703
f 3581/86/3572 3582/86/3573 704/86/703 705/86/704
f 3580/86/3571 3581/86/3572 705/86/704 706/86/705
f 707/86/706 3580/86/3571 706/86/705 70/86/70
f 708/86/707 3577/86/3568 3580/86/3571 707/86/706
f 709/86/708 3574/86/3565 3577/86/3568 708/86/707
f 3583/86/3574 3584/86/3575 3587/86/3578 3586/86/3577
f 3584/86/3575 3585/86/3576 3588/86/3579 3587/86/3578
f 3586/86/3577 3587/86/3578 3590/86/3581 3589/86/3580
f 3587/86/3578 3588/86/3579 3591/86/3582 3590/86/3581
f 66/86/66 655/86/654 3583/86/3574 673/86/672
f 655/86/654 654/86/653 3584/86/3575 3583/86/3574
f 654/86/653 653/86/652 3585/86/3576 3584/86/3575
f 653/86/652 106/86/106 956/86/954 3585/86/3576
f 3585/86/3576 956/86/954 957/86/955 3588/86/3579
f 3588/86/3579 957/86/955 958/86/956 3591/86/3582
f 3591/86/3582 958/86/956 105/86/105 644/86/643
f 3590/86/3581 3591/86/3582 644/86/643 645/86/644
f 3589/86/3580 3590/86/3581 645/86/644 646/86/645
f 671/86/670 3589/86/3580 646/86/645 65/86/65
f 672/86/671 3586/86/3577 3589/86/3580 671/86/670
f 673/86/672 3583/86/3574 3586/86/3577 672/86/671
f 3592/385/3583 3593/386/3584 3596/387/3587 3595/388/3586
f 3593/386/3584 3594/389/3585 3597/390/3588 3596/387/3587
f 3595/388/3586 3596/387/3587 3599/391/3590 3598/392/3589
f 3596/387/3587 3597/390/3588 3600/393/3591 3599/391/3590
f 394/394/394 2746/395/2737 3592/385/3583 2786/396/2777
f 2746/395/2737 2745/397/2736 3593/386/3584 3592/385/3583
f 2745/397/2736 2744/398/2735 3594/389/3585 3593/386/3584
f 2744/398/2735 147/399/147 1156/400/1154 3594/389/3585
f 3594/389/3585 1156/400/1154 1155/401/1153 3597/390/3588
f 3597/390/3588 1155/401/1153 1154/402/1152 3600/393/3591
f 3600/393/3591 1154/402/1152 19/403/19 808/404/806
f 3599/391/3590 3600/393/3591 808/404/806 807/405/805
f 3598/392/3589 3599/391/3590 807/405/805 806/406/804
f 2788/407/2779 3598/392/3589 806/406/804 393/408/393
f 2787/409/2778 3595/388/3586 3598/392/3589 2788/407/2779
f 2786/396/2777 3592/385/3583 3595/388/3586 2787/409/2778
f 3601/86/3592 3602/86/3593 3605/86/3596 3604/86/3595
f 3602/86/3593 3603/86/3594 3606/86/3597 3605/86/3596
f 3604/86/3595 3605/86/3596 3608/86/3599 3607/86/3598
f 3605/86/3596 3606/86/3597 3609/86/3600 3608/86/3599
f 84/86/84 730/86/729 3601/86/3592 749/86/748
f 730/86/729 729/86/728 3602/86/3593 3601/86/3592
f 729/86/728 728/86/727 3603/86/3594 3602/86/3593
f 728/86/727 115/86/115 992/86/990 3603/86/3594
f 3603/86/3594 992/86/990 993/86/991 3606/86/3597
f 3606/86/3597 993/86/991 994/86/992 3609/86/3600
f 3609/86/3600 994/86/992 113/86/113 638/86/637
f 3608/86/3599 3609/86/3600 638/86/637 639/86/638
f 3607/86/3598 3608/86/3599 639/86/638 640/86/639
f 751/86/750 3607/86/3598 640/86/639 83/86/83
f 750/86/749 3604/86/3595 3607/86/3598 751/86/750
f 749/86/748 3601/86/3592 3604/86/3595 750/86/749
f 3610/86/3601 3611/86/3602 3614/86/3605 3613/86/3604
f 3611/86/3602 3612/86/3603 3615/86/3606 3614/86/3605
f 3613/86/3604 3614/86/3605 3617/86/3608 3616/86/3607
f 3614/86/3605 3615/86/3606 3618/86/3609 3617/86/3608
f 89/86/89 745/86/744 3610/86/3601 752/86/751
f 745/86/744 744/86/743 3611/86/3602 3610/86/3601
f 744/86/743 743/86/742 3612/86/3603 3611/86/3602
f 743/86/742 120/86/120 995/86/993 3612/86/3603
f 3612/86/3603 995/86/993 996/86/994 3615/86/3606
f 3615/86/3606 996/86/994 997/86/995 3618/86/3609
f 3618/86/3609 997/86/995 121/86/121 746/86/745
f 3617/86/3608 3618/86/3609 746/86/745 747/86/746
f 3616/86/3607 3617/86/3608 747/86/746 748/86/747
f 754/86/753 3616/86/3607 748/86/747 90/86/90
f 753/86/752 3613/86/3604 3616/86/3607 754/86/753
f 752/86/751 3610/86/3601 3613/86/3604 753/86/752
f 3619/86/3610 3620/86/3611 3623/86/3614 3622/86/3613
f 3620/86/3611 3621/86/3612 3624/86/3615 3623/86/3614
f 3622/86/3613 3623/86/3614 3626/86/3617 3625/86/3616
f 3623/86/3614 3624/86/3615 3627/86/3618 3626/86/3617
f 88/86/88 742/86/741 3619/86/3610 755/86/88
f 742/86/741 741/86/740 3620/86/3611 3619/86/3610
f 741/86/740 740/86/739 3621/86/3612 3620/86/3611
f 740/86/739 119/86/119 998/86/996 3621/86/3612
f 3621/86/3612 998/86/996 999/86/997 3624/86/3615
f 3624/86/3615 999/86/997 1000/86/998 3627/86/3618
f 3627/86/3618 1000/86/998 117/86/117 734/86/733
f 3626/86/3617 3627/86/3618 734/86/733 735/86/734
f 3625/86/3616 3626/86/3617 735/86/734 736/86/735
f 757/86/755 3625/86/3616 736/86/735 86/86/86
f 756/86/754 3622/86/3613 3625/86/3616 757/86/755
f 755/86/88 3619/86/3610 3622/86/3613 756/86/754
f 3628/86/3619 3629/86/3620 3632/86/3623 3631/86/3622
f 3629/86/3620 3630/86/3621 3633/86/3624 3632/86/3623
f 3631/86/3622 3632/86/3623 3635/86/3626 3634/86/3625
f 3632/86/3623 3633/86/3624 3636/86/3627 3635/86/3626
f 87/86/87 739/86/738 3628/86/3619 758/86/756
f 739/86/738 738/86/737 3629/86/3620 3628/86/3619
f 738/86/737 737/86/736 3630/86/3621 3629/86/3620
f 737/86/736 118/86/118 1001/86/999 3630/86/3621
f 3630/86/3621 1001/86/999 1002/86/1000 3633/86/3624
f 3633/86/3624 1002/86/1000 1003/86/1001 3636/86/3627
f 3636/86/3627 1003/86/1001 119/86/119 740/86/739
f 3635/86/3626 3636/86/3627 740/86/739 741/86/740
f 3634/86/3625 3635/86/3626 741/86/740 742/86/741
f 760/86/758 3634/86/3625 742/86/741 88/86/88
f 759/86/757 3631/86/3622 3634/86/3625 760/86/758
f 758/86/756 3628/86/3619 3631/86/3622 759/86/757
f 3637/86/3628 3638/86/3629 3641/86/3632 3640/86/3631
f 3638/86/3629 3639/86/3630 3642/86/3633 3641/86/3632
f 3640/86/3631 3641/86/3632 3644/86/3635 3643/86/3634
f 3641/86/3632 3642/86/3633 3645/86/3636 3644/86/3635
f 86/86/86 736/86/735 3637/86/3628 761/86/759
f 736/86/735 735/86/734 3638/86/3629 3637/86/3628
f 735/86/734 734/86/733 3639/86/3630 3638/86/3629
f 734/86/733 117/86/117 1004/86/1002 3639/86/3630
f 3639/86/3630 1004/86/1002 1005/86/1003 3642/86/3633
f 3642/86/3633 1005/86/1003 1006/86/1004 3645/86/3636
f 3645/86/3636 1006/86/1004 120/86/120 743/86/742
f 3644/86/3635 3645/86/3636 743/86/742 744/86/743
f 3643/86/3634 3644/86/3635 744/86/743 745/86/744
f 763/86/761 3643/86/3634 745/86/744 89/86/89
f 762/86/760 3640/86/3631 3643/86/3634 763/86/761
f 761/86/759 3637/86/3628 3640/86/3631 762/86/760
f 3646/86/3637 3647/86/3638 3650/86/3641 3649/86/3640
f 3647/86/3638 3648/86/3639 3651/86/3642 3650/86/3641
f 3649/86/3640 3650/86/3641 3653/86/3644 3652/86/3643
f 3650/86/3641 3651/86/3642 3654/86/3645 3653/86/3644
f 90/86/90 748/86/747 3646/86/3637 764/86/762
f 748/86/747 747/86/746 3647/86/3638 3646/86/3637
f 747/86/746 746/86/745 3648/86/3639 3647/86/3638
f 746/86/745 121/86/121 1007/86/1005 3648/86/3639
f 3648/86/3639 1007/86/1005 1008/86/1006 3651/86/3642
f 3651/86/3642 1008/86/1006 1009/86/1007 3654/86/3645
f 3654/86/3645 1009/86/1007 116/86/116 731/86/730
f 3653/86/3644 3654/86/3645 731/86/730 732/86/731
f 3652/86/3643 3653/86/3644 732/86/731 733/86/732
f 766/86/764 3652/86/3643 733/86/732 85/86/85
f 765/86/763 3649/86/3640 3652/86/3643 766/86/764
f 764/86/762 3646/86/3637 3649/86/3640 765/86/763
f 3655/86/3646 3656/86/3647 3659/86/3650 3658/86/3649
f 3656/86/3647 3657/86/3648 3660/86/3651 3659/86/3650
f 3658/86/3649 3659/86/3650 3662/86/3653 3661/86/3652
f 3659/86/3650 3660/86/3651 3663/86/3654 3662/86/3653
f 85/86/85 733/86/732 3655/86/3646 767/86/765
f 733/86/732 732/86/731 3656/86/3647 3655/86/3646
f 732/86/731 731/86/730 3657/86/3648 3656/86/3647
f 731/86/730 116/86/116 1010/86/1008 3657/86/3648
f 3657/86/3648 1010/86/1008 1011/86/1009 3660/86/3651
f 3660/86/3651 1011/86/1009 1012/86/1010 3663/86/3654
f 3663/86/3654 1012/86/1010 115/86/115 728/86/727
f 3662/86/3653 3663/86/3654 728/86/727 729/86/728
f 3661/86/3652 3662/86/3653 729/86/728 730/86/729
f 769/86/767 3661/86/3652 730/86/729 84/86/84
f 768/86/766 3658/86/3649 3661/86/3652 769/86/767
f 767/86/765 3655/86/3646 3658/86/3649 768/86/766
f 3664/86/3655 3665/86/3656 3668/86/3659 3667/86/3658
f 3665/86/3656 3666/86/3657 3669/86/3660 3668/86/3659
f 3667/86/3658 3668/86/3659 3671/86/3662 3670/86/3661
f 3668/86/3659 3669/86/3660 3672/86/3663 3671/86/3662
f 188/86/188 1393/86/1391 3664/86/3655 1400/86/1398
f 1393/86/1391 1392/86/1390 3665/86/3656 3664/86/3655
f 1392/86/1390 1391/86/1389 3666/86/3657 3665/86/3656
f 1391/86/1389 92/86/92 1022/86/1020 3666/86/3657
f 3666/86/3657 1022/86/1020 1023/86/1021 3669/86/3660
f 3669/86/3660 1023/86/1021 1024/86/1022 3672/86/3663
f 3672/86/3663 1024/86/1022 124/86/124 1397/86/1395
f 3671/86/3662 3672/86/3663 1397/86/1395 1398/86/1396
f 3670/86/3661 3671/86/3662 1398/86/1396 1399/86/1397
f 1402/86/1400 3670/86/3661 1399/86/1397 190/86/190
f 1401/86/1399 3667/86/3658 3670/86/3661 1402/86/1400
f 1400/86/1398 3664/86/3655 3667/86/3658 1401/86/1399
f 3673/410/3664 3674/411/3665 3677/412/3668 3676/413/3667
f 3674/411/3665 3675/414/3666 3678/415/3669 3677/412/3668
f 3676/413/3667 3677/412/3668 3680/416/3671 3679/417/3670
f 3677/412/3668 3678/415/3669 3681/418/3672 3680/416/3671
f 391/84/391 2737/82/2728 3673/410/3664 2783/419/2774
f 2737/82/2728 2736/81/2727 3674/411/3665 3673/410/3664
f 2736/81/2727 2735/80/2726 3675/414/3666 3674/411/3665
f 2735/80/2726 21/79/21 481/420/481 3675/414/3666
f 3675/414/3666 481/420/481 480/421/480 3678/415/3669
f 3678/415/3669 480/421/480 479/422/479 3681/418/3672
f 3681/418/3672 479/422/479 147/399/147 2744/398/2735
f 3680/416/3671 3681/418/3672 2744/398/2735 2745/397/2736
f 3679/417/3670 3680/416/3671 2745/397/2736 2746/395/2737
f 2785/423/2776 3679/417/3670 2746/395/2737 394/394/394
f 2784/424/2775 3676/413/3667 3679/417/3670 2785/423/2776
f 2783/419/2774 3673/410/3664 3676/413/3667 2784/424/2775
f 3682/86/3673 3683/86/3674 3686/86/3677 3685/86/3676
f 3683/86/3674 3684/86/3675 3687/86/3678 3686/86/3677
f 3685/86/3676 3686/86/3677 3689/86/3680 3688/86/3679
f 3686/86/3677 3687/86/3678 3690/86/3681 3689/86/3680
f 92/86/92 775/86/773 3682/86/3673 779/86/777
f 775/86/773 774/86/772 3683/86/3674 3682/86/3673
f 774/86/772 773/86/771 3684/86/3675 3683/86/3674
f 773/86/771 123/86/123 1034/86/1032 3684/86/3675
f 3684/86/3675 1034/86/1032 1035/86/1033 3687/86/3678
f 3687/86/3678 1035/86/1033 1036/86/1034 3690/86/3681
f 3690/86/3681 1036/86/1034 126/86/126 785/86/783
f 3689/86/3680 3690/86/3681 785/86/783 786/86/784
f 3688/86/3679 3689/86/3680 786/86/784 787/86/785
f 781/86/779 3688/86/3679 787/86/785 93/86/93
f 780/86/778 3685/86/3676 3688/86/3679 781/86/779
f 779/86/777 3682/86/3673 3685/86/3676 780/86/778
f 3692/86/3683 3693/86/3684 3691/86/3682 3697/86/3688
f 3694/86/3685 3695/86/3686 3691/86/3682 3693/86/3684
f 3696/86/3687 3697/86/3688 3691/86/3682 3695/86/3686
f 78/86/78 977/86/975 3692/86/3683 1031/86/1029
f 977/86/975 978/86/976 3693/86/3684 3692/86/3683
f 1031/86/1029 3692/86/3683 3697/86/3688 1032/86/1030
f 118/86/118 1037/86/1035 3694/86/3685 979/86/977
f 1037/86/1035 1038/86/1036 3695/86/3686 3694/86/3685
f 979/86/977 3694/86/3685 3693/86/3684 978/86/976
f 126/86/126 1033/86/1031 3696/86/3687 1039/86/1037
f 1033/86/1031 1032/86/1030 3697/86/3688 3696/86/3687
f 1039/86/1037 3696/86/3687 3695/86/3686 1038/86/1036
f 3699/86/3690 3700/86/3691 3698/86/3689 3708/86/3699
f 3701/86/3692 3702/86/3693 3698/86/3689 3700/86/3691
f 3703/86/3694 3704/86/3695 3698/86/3689 3702/86/3693
f 3705/86/3696 3706/86/3697 3698/86/3689 3704/86/3695
f 3707/86/3698 3708/86/3699 3698/86/3689 3706/86/3697
f 82/86/82 784/86/782 3699/86/3690 724/86/723
f 784/86/782 783/86/781 3700/86/3691 3699/86/3690
f 724/86/723 3699/86/3690 3708/86/3699 723/86/722
f 103/86/103 1040/86/1038 3701/86/3692 782/86/780
f 1040/86/1038 1041/86/1039 3702/86/3693 3701/86/3692
f 782/86/780 3701/86/3692 3700/86/3691 783/86/781
f 109/86/109 677/86/676 3703/86/3694 1042/86/1040
f 677/86/676 678/86/677 3704/86/3695 3703/86/3694
f 1042/86/1040 3703/86/3694 3702/86/3693 1041/86/1039
f 61/86/61 1301/86/1299 3705/86/3696 679/86/678
f 1301/86/1299 1302/86/1300 3706/86/3697 3705/86/3696
f 679/86/678 3705/86/3696 3704/86/3695 678/86/677
f 81/86/81 722/86/721 3707/86/3698 1303/86/1301
f 722/86/721 723/86/722 3708/86/3699 3707/86/3698
f 1303/86/1301 3707/86/3698 3706/86/3697 1302/86/1300
f 3710/86/3701 3711/86/3702 3709/86/3700 3719/86/3710
f 3712/86/3703 3713/86/3704 3709/86/3700 3711/86/3702
f 3714/86/3705 3715/86/3706 3709/86/3700 3713/86/3704
f 3716/86/3707 3717/86/3708 3709/86/3700 3715/86/3706
f 3718/86/3709 3719/86/3710 3709/86/3700 3717/86/3708
f 79/86/79 676/86/675 3710/86/3701 721/86/720
f 676/86/675 675/86/674 3711/86/3702 3710/86/3701
f 721/86/720 3710/86/3701 3719/86/3710 720/86/719
f 124/86/124 1043/86/1041 3712/86/3703 674/86/673
f 1043/86/1041 1044/86/1042 3713/86/3704 3712/86/3703
f 674/86/673 3712/86/3703 3711/86/3702 675/86/674
f 103/86/103 782/86/780 3714/86/3705 1045/86/1043
f 782/86/780 783/86/781 3715/86/3706 3714/86/3705
f 1045/86/1043 3714/86/3705 3713/86/3704 1044/86/1042
f 82/86/82 725/86/724 3716/86/3707 784/86/782
f 725/86/724 726/86/725 3717/86/3708 3716/86/3707
f 784/86/782 3716/86/3707 3715/86/3706 783/86/781
f 80/86/80 719/86/718 3718/86/3709 727/86/726
f 719/86/718 720/86/719 3719/86/3710 3718/86/3709
f 727/86/726 3718/86/3709 3717/86/3708 726/86/725
f 3720/86/3711 3721/86/3712 3724/86/3715 3723/86/3714
f 3721/86/3712 3722/86/3713 3725/86/3716 3724/86/3715
f 3723/86/3714 3724/86/3715 3727/86/3718 3726/86/3717
f 3724/86/3715 3725/86/3716 3728/86/3719 3727/86/3718
f 98/86/98 826/86/824 3720/86/3711 1049/86/1047
f 826/86/824 825/86/823 3721/86/3712 3720/86/3711
f 825/86/823 824/86/822 3722/86/3713 3721/86/3712
f 824/86/822 102/86/102 1052/86/1050 3722/86/3713
f 3722/86/3713 1052/86/1050 1053/86/1051 3725/86/3716
f 3725/86/3716 1053/86/1051 1054/86/1052 3728/86/3719
f 3728/86/3719 1054/86/1052 129/86/129 1055/86/1053
f 3727/86/3718 3728/86/3719 1055/86/1053 1056/86/1054
f 3726/86/3717 3727/86/3718 1056/86/1054 1057/86/1055
f 1051/86/1049 3726/86/3717 1057/86/1055 128/86/128
f 1050/86/1048 3723/86/3714 3726/86/3717 1051/86/1049
f 1049/86/1047 3720/86/3711 3723/86/3714 1050/86/1048
f 3729/86/3720 3730/86/3721 3733/86/3724 3732/86/3723
f 3730/86/3721 3731/86/3722 3734/86/3725 3733/86/3724
f 3732/86/3723 3733/86/3724 3736/86/3727 3735/86/3726
f 3733/86/3724 3734/86/3725 3737/86/3728 3736/86/3727
f 102/86/102 853/86/851 3729/86/3720 1052/86/1050
f 853/86/851 852/86/850 3730/86/3721 3729/86/3720
f 852/86/850 851/86/849 3731/86/3722 3730/86/3721
f 851/86/849 99/86/99 1046/86/1044 3731/86/3722
f 3731/86/3722 1046/86/1044 1047/86/1045 3734/86/3725
f 3734/86/3725 1047/86/1045 1048/86/1046 3737/86/3728
f 3737/86/3728 1048/86/1046 127/86/127 1058/86/1056
f 3736/86/3727 3737/86/3728 1058/86/1056 1059/86/1057
f 3735/86/3726 3736/86/3727 1059/86/1057 1060/86/1058
f 1054/86/1052 3735/86/3726 1060/86/1058 129/86/129
f 1053/86/1051 3732/86/3723 3735/86/3726 1054/86/1052
f 1052/86/1050 3729/86/3720 3732/86/3723 1053/86/1051
f 3738/86/3729 3739/86/3730 3742/86/3733 3741/86/3732
f 3739/86/3730 3740/86/3731 3743/86/3734 3742/86/3733
f 3741/86/3732 3742/86/3733 3745/86/3736 3744/86/3735
f 3742/86/3733 3743/86/3734 3746/86/3737 3745/86/3736
f 101/86/101 850/86/848 3738/86/3729 1067/86/1065
f 850/86/848 849/86/847 3739/86/3730 3738/86/3729
f 849/86/847 848/86/846 3740/86/3731 3739/86/3730
f 848/86/846 96/86/96 1064/86/1062 3740/86/3731
f 3740/86/3731 1064/86/1062 1065/86/1063 3743/86/3734
f 3743/86/3734 1065/86/1063 1066/86/1064 3746/86/3737
f 3746/86/3737 1066/86/1064 132/86/132 1070/86/1068
f 3745/86/3736 3746/86/3737 1070/86/1068 1071/86/1069
f 3744/86/3735 3745/86/3736 1071/86/1069 1072/86/1070
f 1069/86/1067 3744/86/3735 1072/86/1070 133/86/133
f 1068/86/1066 3741/86/3732 3744/86/3735 1069/86/1067
f 1067/86/1065 3738/86/3729 3741/86/3732 1068/86/1066
f 3747/86/3738 3748/86/3739 3751/86/3742 3750/86/3741
f 3748/86/3739 3749/86/3740 3752/86/3743 3751/86/3742
f 3750/86/3741 3751/86/3742 3754/86/3745 3753/86/3744
f 3751/86/3742 3752/86/3743 3755/86/3746 3754/86/3745
f 94/86/94 823/86/821 3747/86/3738 1061/86/1059
f 823/86/821 822/86/820 3748/86/3739 3747/86/3738
f 822/86/820 821/86/819 3749/86/3740 3748/86/3739
f 821/86/819 101/86/101 1067/86/1065 3749/86/3740
f 3749/86/3740 1067/86/1065 1068/86/1066 3752/86/3743
f 3752/86/3743 1068/86/1066 1069/86/1067 3755/86/3746
f 3755/86/3746 1069/86/1067 133/86/133 1073/86/1071
f 3754/86/3745 3755/86/3746 1073/86/1071 1074/86/1072
f 3753/86/3744 3754/86/3745 1074/86/1072 1075/86/1073
f 1063/86/1061 3753/86/3744 1075/86/1073 131/86/131
f 1062/86/1060 3750/86/3741 3753/86/3744 1063/86/1061
f 1061/86/1059 3747/86/3738 3750/86/3741 1062/86/1060
f 3756/381/3747 3757/425/3748 3760/378/3751 3759/378/3750
f 3757/425/3748 3758/425/3749 3761/378/3752 3760/378/3751
f 3759/378/3750 3760/378/3751 3763/426/3754 3762/377/3753
f 3760/378/3751 3761/378/3752 3764/427/3755 3763/426/3754
f 28/383/28 505/383/505 3756/381/3747 892/381/890
f 505/383/505 504/383/504 3757/425/3748 3756/381/3747
f 504/383/504 503/382/503 3758/425/3749 3757/425/3748
f 503/382/503 30/383/30 907/381/905 3758/425/3749
f 3758/425/3749 907/381/905 906/379/904 3761/378/3752
f 3761/378/3752 906/379/904 905/427/903 3764/427/3755
f 3764/427/3755 905/427/903 145/189/145 1115/189/1113
f 3763/426/3754 3764/427/3755 1115/189/1113 1116/189/1114
f 3762/377/3753 3763/426/3754 1116/189/1114 1117/190/1115
f 890/427/888 3762/377/3753 1117/190/1115 143/189/143
f 891/379/889 3759/378/3750 3762/377/3753 890/427/888
f 892/381/890 3756/381/3747 3759/378/3750 891/379/889
f 3765/428/3756 3766/429/3757 3769/430/3760 3768/431/3759
f 3766/429/3757 3767/432/3758 3770/433/3761 3769/430/3760
f 3768/431/3759 3769/430/3760 3772/434/3763 3771/435/3762
f 3769/430/3760 3770/433/3761 3773/436/3764 3772/434/3763
f 20/437/20 487/438/487 3765/428/3756 883/336/881
f 487/438/487 486/439/486 3766/429/3757 3765/428/3756
f 486/439/486 485/440/485 3767/432/3758 3766/429/3757
f 485/440/485 32/383/32 904/381/902 3767/432/3758
f 3767/432/3758 904/381/902 903/379/901 3770/433/3761
f 3770/433/3761 903/379/901 902/376/900 3773/436/3764
f 3773/436/3764 902/376/900 144/190/144 1118/215/1116
f 3772/434/3763 3773/436/3764 1118/215/1116 1119/190/1117
f 3771/435/3762 3772/434/3763 1119/190/1117 1120/215/1118
f 881/441/879 3771/435/3762 1120/215/1118 140/189/140
f 882/338/880 3768/431/3759 3771/435/3762 881/441/879
f 883/336/881 3765/428/3756 3768/431/3759 882/338/880
f 3774/212/3765 3775/187/3766 3778/185/3769 3777/185/3768
f 3775/187/3766 3776/217/3767 3779/185/3770 3778/185/3769
f 3777/185/3768 3778/185/3769 3781/213/3772 3780/191/3771
f 3778/185/3769 3779/185/3770 3782/213/3773 3781/213/3772
f 47/156/47 602/156/601 3774/212/3765 1088/217/1086
f 602/156/601 603/157/602 3775/187/3766 3774/212/3765
f 603/157/602 604/156/603 3776/217/3767 3775/187/3766
f 604/156/603 48/156/48 1091/217/1089 3776/217/3767
f 3776/217/3767 1091/217/1089 1092/185/1090 3779/185/3770
f 3779/185/3770 1092/185/1090 1093/213/1091 3782/213/3773
f 3782/213/3773 1093/213/1091 138/190/138 1121/190/1119
f 3781/213/3772 3782/213/3773 1121/190/1119 1122/190/1120
f 3780/191/3771 3781/213/3772 1122/190/1120 1123/190/1121
f 1090/213/1088 3780/191/3771 1123/190/1121 137/190/137
f 1089/185/1087 3777/185/3768 3780/191/3771 1090/213/1088
f 1088/217/1086 3774/212/3765 3777/185/3768 1089/185/1087
f 3783/425/3774 3784/379/3775 3787/378/3778 3786/381/3777
f 3784/379/3775 3785/377/3776 3788/376/3779 3787/378/3778
f 3786/381/3777 3787/378/3778 3790/379/3781 3789/425/3780
f 3787/378/3778 3788/376/3779 3791/377/3782 3790/379/3781
f 16/382/16 880/381/878 3783/425/3774 469/383/469
f 880/381/878 879/442/877 3784/379/3775 3783/425/3774
f 879/442/877 878/377/876 3785/377/3776 3784/379/3775
f 878/377/876 139/189/139 1124/215/1122 3785/377/3776
f 3785/377/3776 1124/215/1122 1125/190/1123 3788/376/3779
f 3788/376/3779 1125/190/1123 1126/190/1124 3791/377/3782
f 3791/377/3782 1126/190/1124 134/189/134 863/377/861
f 3790/379/3781 3791/377/3782 863/377/861 864/442/862
f 3789/425/3780 3790/379/3781 864/442/862 865/381/863
f 467/383/467 3789/425/3780 865/381/863 6/382/6
f 468/383/468 3786/381/3777 3789/425/3780 467/383/467
f 469/383/469 3783/425/3774 3786/381/3777 468/383/468
f 3792/425/3783 3793/379/3784 3796/378/3787 3795/381/3786
f 3793/379/3784 3794/377/3785 3797/376/3788 3796/378/3787
f 3795/381/3786 3796/378/3787 3799/379/3790 3798/425/3789
f 3796/378/3787 3797/376/3788 3800/377/3791 3799/379/3790
f 6/382/6 865/381/863 3792/425/3783 445/383/445
f 865/381/863 864/442/862 3793/379/3784 3792/425/3783
f 864/442/862 863/377/861 3794/377/3785 3793/379/3784
f 863/377/861 134/189/134 1127/215/1125 3794/377/3785
f 3794/377/3785 1127/215/1125 1128/190/1126 3797/376/3788
f 3797/376/3788 1128/190/1126 1129/190/1127 3800/377/3791
f 3800/377/3791 1129/190/1127 135/189/135 866/377/864
f 3799/379/3790 3800/377/3791 866/377/864 867/442/865
f 3798/425/3789 3799/379/3790 867/442/865 868/381/866
f 443/383/443 3798/425/3789 868/381/866 8/382/8
f 444/383/444 3795/381/3786 3798/425/3789 443/383/443
f 445/383/445 3792/425/3783 3795/381/3786 444/383/444
f 3801/425/3792 3802/379/3793 3805/378/3796 3804/381/3795
f 3802/379/3793 3803/377/3794 3806/376/3797 3805/378/3796
f 3804/381/3795 3805/378/3796 3808/379/3799 3807/425/3798
f 3805/378/3796 3806/376/3797 3809/377/3800 3808/379/3799
f 8/382/8 868/381/866 3801/425/3792 451/383/451
f 868/381/866 867/442/865 3802/379/3793 3801/425/3792
f 867/442/865 866/377/864 3803/377/3794 3802/379/3793
f 866/377/864 135/189/135 1130/215/1128 3803/377/3794
f 3803/377/3794 1130/215/1128 1131/190/1129 3806/376/3797
f 3806/376/3797 1131/190/1129 1132/190/1130 3809/377/3800
f 3809/377/3800 1132/190/1130 136/189/136 869/377/867
f 3808/379/3799 3809/377/3800 869/377/867 870/442/868
f 3807/425/3798 3808/379/3799 870/442/868 871/381/869
f 449/383/449 3807/425/3798 871/381/869 10/382/10
f 450/383/450 3804/381/3795 3807/425/3798 449/383/449
f 451/383/451 3801/425/3792 3804/381/3795 450/383/450
f 3810/425/3801 3811/379/3802 3814/378/3805 3813/381/3804
f 3811/379/3802 3812/377/3803 3815/376/3806 3814/378/3805
f 3813/381/3804 3814/378/3805 3817/379/3808 3816/425/3807
f 3814/378/3805 3815/376/3806 3818/377/3809 3817/379/3808
f 10/382/10 871/381/869 3810/425/3801 457/383/457
f 871/381/869 870/442/868 3811/379/3802 3810/425/3801
f 870/442/868 869/377/867 3812/377/3803 3811/379/3802
f 869/377/867 136/189/136 1133/215/1131 3812/377/3803
f 3812/377/3803 1133/215/1131 1134/190/1132 3815/376/3806
f 3815/376/3806 1134/190/1132 1135/190/1133 3818/377/3809
f 3818/377/3809 1135/190/1133 137/189/137 872/377/870
f 3817/379/3808 3818/377/3809 872/377/870 873/442/871
f 3816/425/3807 3817/379/3808 873/442/871 874/381/872
f 455/383/455 3816/425/3807 874/381/872 12/382/12
f 456/383/456 3813/381/3804 3816/425/3807 455/383/455
f 457/383/457 3810/425/3801 3813/381/3804 456/383/456
f 3819/381/3810 3820/425/3811 3823/378/3814 3822/378/3813
f 3820/425/3811 3821/425/3812 3824/378/3815 3823/378/3814
f 3822/378/3813 3823/378/3814 3826/426/3817 3825/377/3816
f 3823/378/3814 3824/378/3815 3827/427/3818 3826/426/3817
f 30/383/30 520/383/520 3819/381/3810 907/381/905
f 520/383/520 519/383/519 3820/425/3811 3819/381/3810
f 519/383/519 518/382/518 3821/425/3812 3820/425/3811
f 518/382/518 14/383/14 877/381/875 3821/425/3812
f 3821/425/3812 877/381/875 876/379/874 3824/378/3815
f 3824/378/3815 876/379/874 875/427/873 3827/427/3818
f 3827/427/3818 875/427/873 138/189/138 1136/189/1134
f 3826/426/3817 3827/427/3818 1136/189/1134 1137/189/1135
f 3825/377/3816 3826/426/3817 1137/189/1135 1138/190/1136
f 905/427/903 3825/377/3816 1138/190/1136 145/189/145
f 906/379/904 3822/378/3813 3825/377/3816 905/427/903
f 907/381/905 3819/381/3810 3822/378/3813 906/379/904
f 3828/443/3819 3829/444/3820 3832/445/3823 3831/446/3822
f 3829/444/3820 3830/447/3821 3833/448/3824 3832/445/3823
f 3831/446/3822 3832/445/3823 3835/449/3826 3834/450/3825
f 3832/445/3823 3833/448/3824 3836/451/3827 3835/449/3826
f 3/452/3 862/453/860 3828/443/3819 439/383/439
f 862/453/860 861/454/859 3829/444/3820 3828/443/3819
f 861/454/859 860/455/858 3830/447/3821 3829/444/3820
f 860/455/858 130/202/130 1139/204/1137 3830/447/3821
f 3830/447/3821 1139/204/1137 1140/216/1138 3833/448/3824
f 3833/448/3824 1140/216/1138 1141/214/1139 3836/451/3827
f 3836/451/3827 1141/214/1139 139/215/139 878/376/876
f 3835/449/3826 3836/451/3827 878/376/876 879/379/877
f 3834/450/3825 3835/449/3826 879/379/877 880/425/878
f 437/382/437 3834/450/3825 880/425/878 16/382/16
f 438/383/438 3831/446/3822 3834/450/3825 437/382/437
f 439/383/439 3828/443/3819 3831/446/3822 438/383/438
f 3837/381/3828 3838/425/3829 3841/378/3832 3840/378/3831
f 3838/425/3829 3839/425/3830 3842/378/3833 3841/378/3832
f 3840/378/3831 3841/378/3832 3844/426/3835 3843/377/3834
f 3841/378/3832 3842/378/3833 3845/427/3836 3844/426/3835
f 32/383/32 514/383/514 3837/381/3828 904/381/902
f 514/383/514 513/383/513 3838/425/3829 3837/381/3828
f 513/383/513 512/382/512 3839/425/3830 3838/425/3829
f 512/382/512 24/383/24 886/381/884 3839/425/3830
f 3839/425/3830 886/381/884 885/379/883 3842/378/3833
f 3842/378/3833 885/379/883 884/427/882 3845/427/3836
f 3845/427/3836 884/427/882 141/189/141 1142/189/1140
f 3844/426/3835 3845/427/3836 1142/189/1140 1143/189/1141
f 3843/377/3834 3844/426/3835 1143/189/1141 1144/190/1142
f 902/427/900 3843/377/3834 1144/190/1142 144/189/144
f 903/379/901 3840/378/3831 3843/377/3834 902/427/900
f 904/381/902 3837/381/3828 3840/378/3831 903/379/901
f 3846/381/3837 3847/425/3838 3850/378/3841 3849/378/3840
f 3847/425/3838 3848/425/3839 3851/378/3842 3850/378/3841
f 3849/378/3840 3850/378/3841 3853/426/3844 3852/377/3843
f 3850/378/3841 3851/378/3842 3854/427/3845 3853/426/3844
f 24/383/24 493/383/493 3846/381/3837 886/381/884
f 493/383/493 492/383/492 3847/425/3838 3846/381/3837
f 492/383/492 491/382/491 3848/425/3839 3847/425/3838
f 491/382/491 26/383/26 889/381/887 3848/425/3839
f 3848/425/3839 889/381/887 888/379/886 3851/378/3842
f 3851/378/3842 888/379/886 887/427/885 3854/427/3845
f 3854/427/3845 887/427/885 142/189/142 1145/189/1143
f 3853/426/3844 3854/427/3845 1145/189/1143 1146/189/1144
f 3852/377/3843 3853/426/3844 1146/189/1144 1147/190/1145
f 884/427/882 3852/377/3843 1147/190/1145 141/189/141
f 885/379/883 3849/378/3840 3852/377/3843 884/427/882
f 886/381/884 3846/381/3837 3849/378/3840 885/379/883
f 3855/381/3846 3856/425/3847 3859/378/3850 3858/378/3849
f 3856/425/3847 3857/425/3848 3860/378/3851 3859/378/3850
f 3858/378/3849 3859/378/3850 3862/426/3853 3861/377/3852
f 3859/378/3850 3860/378/3851 3863/427/3854 3862/426/3853
f 26/383/26 499/383/499 3855/381/3846 889/381/887
f 499/383/499 498/383/498 3856/425/3847 3855/381/3846
f 498/383/498 497/382/497 3857/425/3848 3856/425/3847
f 497/382/497 28/383/28 892/381/890 3857/425/3848
f 3857/425/3848 892/381/890 891/379/889 3860/378/3851
f 3860/378/3851 891/379/889 890/427/888 3863/427/3854
f 3863/427/3854 890/427/888 143/189/143 1148/189/1146
f 3862/426/3853 3863/427/3854 1148/189/1146 1149/189/1147
f 3861/377/3852 3862/426/3853 1149/189/1147 1150/190/1148
f 887/427/885 3861/377/3852 1150/190/1148 142/189/142
f 888/379/886 3858/378/3849 3861/377/3852 887/427/885
f 889/381/887 3855/381/3846 3858/378/3849 888/379/886
f 3864/456/3855 3865/457/3856 3868/458/3859 3867/459/3858
f 3865/457/3856 3866/460/3857 3869/461/3860 3868/458/3859
f 3867/459/3858 3868/458/3859 3871/462/3862 3870/463/3861
f 3868/458/3859 3869/461/3860 3872/464/3863 3871/462/3862
f 403/465/403 2848/466/2839 3864/456/3855 1184/467/1182
f 2848/466/2839 2847/468/2838 3865/457/3856 3864/456/3855
f 2847/468/2838 2846/469/2837 3866/460/3857 3865/457/3856
f 2846/469/2837 401/470/401 836/471/834 3866/460/3857
f 3866/460/3857 836/471/834 837/472/835 3869/461/3860
f 3869/461/3860 837/472/835 838/473/836 3872/464/3863
f 3872/464/3863 838/473/836 2/474/2 1181/475/1179
f 3871/462/3862 3872/464/3863 1181/475/1179 1182/476/1180
f 3870/463/3861 3871/462/3862 1182/476/1180 1183/477/1181
f 1186/478/1184 3870/463/3861 1183/477/1181 151/479/151
f 1185/480/1183 3867/459/3858 3870/463/3861 1186/478/1184
f 1184/467/1182 3864/456/3855 3867/459/3858 1185/480/1183
f 3873/481/3864 3874/482/3865 3877/483/3868 3876/484/3867
f 3874/482/3865 3875/485/3866 3878/486/3869 3877/483/3868
f 3876/484/3867 3877/483/3868 3880/487/3871 3879/488/3870
f 3877/483/3868 3878/486/3869 3881/489/3872 3880/487/3871
f 140/189/140 1099/191/1097 3873/481/3864 1163/339/1161
f 1099/191/1097 1098/185/1096 3874/482/3865 3873/481/3864
f 1098/185/1096 1097/217/1095 3875/485/3866 3874/482/3865
f 1097/217/1095 50/156/50 632/490/631 3875/485/3866
f 3875/485/3866 632/490/631 633/491/632 3878/486/3869
f 3878/486/3869 633/491/632 634/492/633 3881/489/3872
f 3881/489/3872 634/492/633 57/493/57 1160/494/1158
f 3880/487/3871 3881/489/3872 1160/494/1158 1161/495/1159
f 3879/488/3870 3880/487/3871 1161/495/1159 1162/180/1160
f 1165/496/1163 3879/488/3870 1162/180/1160 148/497/148
f 1164/498/1162 3876/484/3867 3879/488/3870 1165/496/1163
f 1163/339/1161 3873/481/3864 3876/484/3867 1164/498/1162
f 3883/499/3874 3884/500/3875 3882/501/3873 3892/502/3883
f 3885/503/3876 3886/504/3877 3882/501/3873 3884/505/3875
f 3887/506/3878 3888/507/3879 3882/501/3873 3886/508/3877
f 3889/509/3880 3890/510/3881 3882/501/3873 3888/511/3879
f 3891/512/3882 3892/513/3883 3882/501/3873 3890/510/3881
f 3/514/3 521/515/521 3883/499/3874 862/453/860
f 521/515/521 522/516/522 3884/500/3875 3883/499/3874
f 862/453/860 3883/499/3874 3892/502/3883 861/454/859
f 35/517/35 524/518/524 3885/503/3876 523/519/523
f 524/518/524 525/520/525 3886/504/3877 3885/503/3876
f 523/519/523 3885/503/3876 3884/505/3875 522/521/522
f 36/522/36 1169/240/1167 3887/506/3878 526/523/526
f 1169/240/1167 1170/524/1168 3888/507/3879 3887/506/3878
f 526/523/526 3887/506/3878 3886/508/3877 525/525/525
f 149/526/149 1175/527/1173 3889/509/3880 1171/234/1169
f 1175/527/1173 1176/528/1174 3890/510/3881 3889/509/3880
f 1171/234/1169 3889/509/3880 3888/511/3879 1170/236/1168
f 130/202/130 860/455/858 3891/512/3882 1177/529/1175
f 860/455/858 861/530/859 3892/513/3883 3891/512/3882
f 1177/529/1175 3891/512/3882 3890/510/3881 1176/531/1174
f 3893/532/3884 3894/533/3885 3897/534/3888 3896/535/3887
f 3894/533/3885 3895/536/3886 3898/537/3889 3897/534/3888
f 3896/535/3887 3897/534/3888 3900/538/3891 3899/539/3890
f 3897/534/3888 3898/537/3889 3901/540/3892 3900/538/3891
f 56/541/56 625/542/624 3893/532/3884 622/543/621
f 625/542/624 624/544/623 3894/533/3885 3893/532/3884
f 624/544/623 623/545/622 3895/536/3886 3894/533/3885
f 623/545/622 149/546/149 1178/547/1176 3895/536/3886
f 3895/536/3886 1178/547/1176 1179/548/1177 3898/537/3889
f 3898/537/3889 1179/548/1177 1180/549/1178 3901/540/3892
f 3901/540/3892 1180/549/1178 150/550/150 539/551/539
f 3900/538/3891 3901/540/3892 539/551/539 540/552/540
f 3899/539/3890 3900/538/3891 540/552/540 541/553/541
f 620/554/619 3899/539/3890 541/553/541 42/555/42
f 621/556/620 3896/535/3887 3899/539/3890 620/554/619
f 622/543/621 3893/532/3884 3896/535/3887 621/556/620
f 3902/86/3893 3903/86/3894 3906/86/3897 3905/86/3896
f 3903/86/3894 3904/86/3895 3907/86/3898 3906/86/3897
f 3905/86/3896 3906/86/3897 3909/86/3900 3908/86/3899
f 3906/86/3897 3907/86/3898 3910/86/3901 3909/86/3900
f 423/86/423 2968/86/2959 3902/86/3893 959/86/957
f 2968/86/2959 2967/86/2958 3903/86/3894 3902/86/3893
f 2967/86/2958 2966/86/2957 3904/86/3895 3903/86/3894
f 2966/86/2957 422/86/422 815/86/813 3904/86/3895
f 3904/86/3895 815/86/813 816/86/814 3907/86/3898
f 3907/86/3898 816/86/814 817/86/815 3910/86/3901
f 3910/86/3901 817/86/815 60/86/60 911/86/909
f 3909/86/3900 3910/86/3901 911/86/909 912/86/910
f 3908/86/3899 3909/86/3900 912/86/910 913/86/911
f 961/86/959 3908/86/3899 913/86/911 104/86/104
f 960/86/958 3905/86/3896 3908/86/3899 961/86/959
f 959/86/957 3902/86/3893 3905/86/3896 960/86/958
f 3911/557/3902 3912/558/3903 3915/559/3906 3914/560/3905
f 3912/558/3903 3913/561/3904 3916/562/3907 3915/559/3906
f 3914/560/3905 3915/559/3906 3918/563/3909 3917/564/3908
f 3915/559/3906 3916/562/3907 3919/565/3910 3918/563/3909
f 402/15/402 2845/566/2836 3911/557/3902 842/16/840
f 2845/566/2836 2844/567/2835 3912/558/3903 3911/557/3902
f 2844/567/2835 2843/568/2834 3913/561/3904 3912/558/3903
f 2843/568/2834 403/465/403 1184/467/1182 3913/561/3904
f 3913/561/3904 1184/467/1182 1185/569/1183 3916/562/3907
f 3916/562/3907 1185/569/1183 1186/570/1184 3919/565/3910
f 3919/565/3910 1186/570/1184 151/479/151 536/571/536
f 3918/563/3909 3919/565/3910 536/571/536 537/572/537
f 3917/564/3908 3918/563/3909 537/572/537 538/573/538
f 844/18/842 3917/564/3908 538/573/538 41/19/41
f 843/17/841 3914/560/3905 3917/564/3908 844/18/842
f 842/16/840 3911/557/3902 3914/560/3905 843/17/841
f 3920/87/3911 3921/31/3912 3924/27/3915 3923/27/3914
f 3921/31/3912 3922/30/3913 3925/27/3916 3924/27/3915
f 3923/27/3914 3924/27/3915 3927/32/3918 3926/29/3917
f 3924/27/3915 3925/27/3916 3928/574/3919 3927/32/3918
f 13/37/13 464/575/464 3920/87/3911 1208/36/1206
f 464/575/464 465/89/465 3921/31/3912 3920/87/3911
f 465/89/465 466/89/466 3922/30/3913 3921/31/3912
f 466/89/466 15/37/15 1211/36/1209 3922/30/3913
f 3922/30/3913 1211/36/1209 1212/28/1210 3925/27/3916
f 3925/27/3916 1212/28/1210 1213/29/1211 3928/574/3919
f 3928/574/3919 1213/29/1211 159/39/159 1241/39/1239
f 3927/32/3918 3928/574/3919 1241/39/1239 1242/33/1240
f 3926/29/3917 3927/32/3918 1242/33/1240 1243/39/1241
f 1210/29/1208 3926/29/3917 1243/39/1241 158/39/158
f 1209/28/1207 3923/27/3914 3926/29/3917 1210/29/1208
f 1208/36/1206 3920/87/3911 3923/27/3914 1209/28/1207
f 3929/152/3920 3930/152/3921 3933/576/3924 3932/155/3923
f 3930/152/3921 3931/152/3922 3934/151/3925 3933/576/3924
f 3932/155/3923 3933/576/3924 3936/577/3927 3935/149/3926
f 3933/576/3924 3934/151/3925 3937/150/3928 3936/577/3927
f 50/156/50 583/157/583 3929/152/3920 565/152/565
f 583/157/583 582/211/582 3930/152/3921 3929/152/3920
f 582/211/582 581/156/581 3931/152/3922 3930/152/3921
f 581/156/581 55/211/55 580/152/580 3931/152/3922
f 3931/152/3922 580/152/580 579/576/579 3934/151/3925
f 3934/151/3925 579/576/579 578/577/578 3937/150/3928
f 3937/150/3928 578/577/578 166/33/166 1244/39/1242
f 3936/577/3927 3937/150/3928 1244/39/1242 1245/88/1243
f 3935/149/3926 3936/577/3927 1245/88/1243 1246/34/1244
f 563/150/563 3935/149/3926 1246/34/1244 161/33/161
f 564/151/564 3932/155/3923 3935/149/3926 563/150/563
f 565/152/565 3929/152/3920 3932/155/3923 564/151/564
f 3938/152/3929 3939/578/3930 3942/151/3933 3941/151/3932
f 3939/578/3930 3940/578/3931 3943/155/3934 3942/151/3933
f 3941/151/3932 3942/151/3933 3945/577/3936 3944/577/3935
f 3942/151/3933 3943/155/3934 3946/149/3937 3945/577/3936
f 53/156/53 589/157/589 3938/152/3929 574/578/574
f 589/157/589 588/157/588 3939/578/3930 3938/152/3929
f 588/157/588 587/157/587 3940/578/3931 3939/578/3930
f 587/157/587 54/156/54 577/578/577 3940/578/3931
f 3940/578/3931 577/578/577 576/579/576 3943/155/3934
f 3943/155/3934 576/579/576 575/577/575 3946/149/3937
f 3946/149/3937 575/577/575 165/33/165 1247/88/1245
f 3945/577/3936 3946/149/3937 1247/88/1245 1248/88/1246
f 3944/577/3935 3945/577/3936 1248/88/1246 1249/88/1247
f 572/577/572 3944/577/3935 1249/88/1247 164/33/164
f 573/579/573 3941/151/3932 3944/577/3935 572/577/572
f 574/578/574 3938/152/3929 3941/151/3932 573/579/573
f 3947/152/3938 3948/578/3939 3951/151/3942 3950/151/3941
f 3948/578/3939 3949/578/3940 3952/155/3943 3951/151/3942
f 3950/151/3941 3951/151/3942 3954/577/3945 3953/577/3944
f 3951/151/3942 3952/155/3943 3955/149/3946 3954/577/3945
f 52/156/52 592/157/52 3947/152/3938 571/578/571
f 592/157/52 591/157/591 3948/578/3939 3947/152/3938
f 591/157/591 590/157/590 3949/578/3940 3948/578/3939
f 590/157/590 53/156/53 574/578/574 3949/578/3940
f 3949/578/3940 574/578/574 573/579/573 3952/155/3943
f 3952/155/3943 573/579/573 572/577/572 3955/149/3946
f 3955/149/3946 572/577/572 164/33/164 1250/88/1248
f 3954/577/3945 3955/149/3946 1250/88/1248 1251/88/1249
f 3953/577/3944 3954/577/3945 1251/88/1249 1252/88/1250
f 569/577/569 3953/577/3944 1252/88/1250 163/33/163
f 570/579/570 3950/151/3941 3953/577/3944 569/577/569
f 571/578/571 3947/152/3938 3950/151/3941 570/579/570
f 3956/152/3947 3957/578/3948 3960/151/3951 3959/151/3950
f 3957/578/3948 3958/578/3949 3961/155/3952 3960/151/3951
f 3959/151/3950 3960/151/3951 3963/577/3954 3962/577/3953
f 3960/151/3951 3961/155/3952 3964/149/3955 3963/577/3954
f 51/156/51 595/157/594 3956/152/3947 568/578/568
f 595/157/594 594/157/593 3957/578/3948 3956/152/3947
f 594/157/593 593/157/592 3958/578/3949 3957/578/3948
f 593/157/592 52/156/52 571/578/571 3958/578/3949
f 3958/578/3949 571/578/571 570/579/570 3961/155/3952
f 3961/155/3952 570/579/570 569/577/569 3964/149/3955
f 3964/149/3955 569/577/569 163/33/163 1253/88/1251
f 3963/577/3954 3964/149/3955 1253/88/1251 1254/88/1252
f 3962/577/3953 3963/577/3954 1254/88/1252 1255/88/1253
f 566/577/566 3962/577/3953 1255/88/1253 162/33/162
f 567/579/567 3959/151/3950 3962/577/3953 566/577/566
f 568/578/568 3956/152/3947 3959/151/3950 567/579/567
f 3965/152/3956 3966/578/3957 3969/151/3960 3968/151/3959
f 3966/578/3957 3967/578/3958 3970/155/3961 3969/151/3960
f 3968/151/3959 3969/151/3960 3972/577/3963 3971/577/3962
f 3969/151/3960 3970/155/3961 3973/149/3964 3972/577/3963
f 55/156/55 598/157/597 3965/152/3956 580/578/580
f 598/157/597 597/157/596 3966/578/3957 3965/152/3956
f 597/157/596 596/157/595 3967/578/3958 3966/578/3957
f 596/157/595 51/156/51 568/578/568 3967/578/3958
f 3967/578/3958 568/578/568 567/579/567 3970/155/3961
f 3970/155/3961 567/579/567 566/577/566 3973/149/3964
f 3973/149/3964 566/577/566 162/33/162 1256/88/1254
f 3972/577/3963 3973/149/3964 1256/88/1254 1257/88/1255
f 3971/577/3962 3972/577/3963 1257/88/1255 1258/88/1256
f 578/577/578 3971/577/3962 1258/88/1256 166/33/166
f 579/579/579 3968/151/3959 3971/577/3962 578/577/578
f 580/578/580 3965/152/3956 3968/151/3959 579/579/579
f 3974/580/3965 3975/581/3966 3978/582/3969 3977/583/3968
f 3975/581/3966 3976/584/3967 3979/585/3970 3978/582/3969
f 3977/583/3968 3978/582/3969 3981/586/3972 3980/587/3971
f 3978/582/3969 3979/585/3970 3982/588/3973 3981/586/3972
f 43/207/43 544/589/544 3974/580/3965 599/208/598
f 544/589/544 543/590/543 3975/581/3966 3974/580/3965
f 543/590/543 542/591/542 3976/584/3967 3975/581/3966
f 542/591/542 154/49/154 1259/51/1257 3976/584/3967
f 3976/584/3967 1259/51/1257 1260/60/1258 3979/585/3970
f 3979/585/3970 1260/60/1258 1261/59/1259 3982/588/3973
f 3982/588/3973 1261/59/1259 160/39/160 560/592/560
f 3981/586/3972 3982/588/3973 560/592/560 561/576/561
f 3980/587/3971 3981/586/3972 561/576/561 562/578/562
f 601/210/600 3980/587/3971 562/578/562 49/211/49
f 600/209/599 3977/583/3968 3980/587/3971 601/210/600
f 599/208/598 3974/580/3965 3977/583/3968 600/209/599
f 3983/153/3974 3984/579/3975 3987/151/3978 3986/578/3977
f 3984/579/3975 3985/149/3976 3988/577/3979 3987/151/3978
f 3986/578/3977 3987/151/3978 3990/155/3981 3989/152/3980
f 3987/151/3978 3988/577/3979 3991/592/3982 3990/155/3981
f 48/156/48 559/152/559 3983/153/3974 584/211/584
f 559/152/559 558/579/558 3984/579/3975 3983/153/3974
f 558/579/558 557/150/557 3985/149/3976 3984/579/3975
f 557/150/557 159/33/159 1262/34/1260 3985/149/3976
f 3985/149/3976 1262/34/1260 1263/39/1261 3988/577/3979
f 3988/577/3979 1263/39/1261 1264/39/1262 3991/592/3982
f 3991/592/3982 1264/39/1262 165/33/165 575/150/575
f 3990/155/3981 3991/592/3982 575/150/575 576/579/576
f 3989/152/3980 3990/155/3981 576/579/576 577/152/577
f 586/157/586 3989/152/3980 577/152/577 54/156/54
f 585/211/585 3986/578/3977 3989/152/3980 586/157/586
f 584/211/584 3983/153/3974 3986/578/3977 585/211/585
f 3992/153/3983 3993/579/3984 3996/151/3987 3995/578/3986
f 3993/579/3984 3994/149/3985 3997/577/3988 3996/151/3987
f 3995/578/3986 3996/151/3987 3999/155/3990 3998/152/3989
f 3996/151/3987 3997/577/3988 4000/592/3991 3999/155/3990
f 46/156/46 553/152/553 3992/153/3983 605/211/604
f 553/152/553 552/579/552 3993/579/3984 3992/153/3983
f 552/579/552 551/150/551 3994/149/3985 3993/579/3984
f 551/150/551 157/33/157 1265/34/1263 3994/149/3985
f 3994/149/3985 1265/34/1263 1266/39/1264 3997/577/3988
f 3997/577/3988 1266/39/1264 1267/39/1265 4000/592/3991
f 4000/592/3991 1267/39/1265 158/33/158 554/150/554
f 3999/155/3990 4000/592/3991 554/150/554 555/579/555
f 3998/152/3989 3999/155/3990 555/579/555 556/152/556
f 607/157/606 3998/152/3989 556/152/556 47/156/47
f 606/211/605 3995/578/3986 3998/152/3989 607/157/606
f 605/211/604 3992/153/3983 3995/578/3986 606/211/605
f 4001/153/3992 4002/579/3993 4005/151/3996 4004/578/3995
f 4002/579/3993 4003/149/3994 4006/577/3997 4005/151/3996
f 4004/578/3995 4005/151/3996 4008/155/3999 4007/152/3998
f 4005/151/3996 4006/577/3997 4009/592/4000 4008/155/3999
f 45/156/45 550/152/550 4001/153/3992 608/211/607
f 550/152/550 549/579/549 4002/579/3993 4001/153/3992
f 549/579/549 548/150/548 4003/149/3994 4002/579/3993
f 548/150/548 156/33/156 1268/34/1266 4003/149/3994
f 4003/149/3994 1268/34/1266 1269/39/1267 4006/577/3997
f 4006/577/3997 1269/39/1267 1270/39/1268 4009/592/4000
f 4009/592/4000 1270/39/1268 157/33/157 551/150/551
f 4008/155/3999 4009/592/4000 551/150/551 552/579/552
f 4007/152/3998 4008/155/3999 552/579/552 553/152/553
f 610/157/609 4007/152/3998 553/152/553 46/156/46
f 609/211/608 4004/578/3995 4007/152/3998 610/157/609
f 608/211/607 4001/153/3992 4004/578/3995 609/211/608
f 4010/153/4001 4011/579/4002 4014/151/4005 4013/578/4004
f 4011/579/4002 4012/149/4003 4015/577/4006 4014/151/4005
f 4013/578/4004 4014/151/4005 4017/155/4008 4016/152/4007
f 4014/151/4005 4015/577/4006 4018/592/4009 4017/155/4008
f 44/156/44 547/152/547 4010/153/4001 611/211/610
f 547/152/547 546/579/546 4011/579/4002 4010/153/4001
f 546/579/546 545/150/545 4012/149/4003 4011/579/4002
f 545/150/545 155/33/155 1271/34/1269 4012/149/4003
f 4012/149/4003 1271/34/1269 1272/39/1270 4015/577/4006
f 4015/577/4006 1272/39/1270 1273/39/1271 4018/592/4009
f 4018/592/4009 1273/39/1271 156/33/156 548/150/548
f 4017/155/4008 4018/592/4009 548/150/548 549/579/549
f 4016/152/4007 4017/155/4008 549/579/549 550/152/550
f 613/157/612 4016/152/4007 550/152/550 45/156/45
f 612/211/611 4013/578/4004 4016/152/4007 613/157/612
f 611/211/610 4010/153/4001 4013/578/4004 612/211/611
f 4019/153/4010 4020/579/4011 4023/151/4014 4022/578/4013
f 4020/579/4011 4021/149/4012 4024/577/4015 4023/151/4014
f 4022/578/4013 4023/151/4014 4026/155/4017 4025/152/4016
f 4023/151/4014 4024/577/4015 4027/592/4018 4026/155/4017
f 49/156/49 562/152/562 4019/153/4010 614/211/613
f 562/152/562 561/579/561 4020/579/4011 4019/153/4010
f 561/579/561 560/150/560 4021/149/4012 4020/579/4011
f 560/150/560 160/33/160 1274/34/1272 4021/149/4012
f 4021/149/4012 1274/34/1272 1275/39/1273 4024/577/4015
f 4024/577/4015 1275/39/1273 1276/39/1274 4027/592/4018
f 4027/592/4018 1276/39/1274 155/33/155 545/150/545
f 4026/155/4017 4027/592/4018 545/150/545 546/579/546
f 4025/152/4016 4026/155/4017 546/579/546 547/152/547
f 616/157/615 4025/152/4016 547/152/547 44/156/44
f 615/211/614 4022/578/4013 4025/152/4016 616/157/615
f 614/211/613 4019/153/4010 4022/578/4013 615/211/614
f 4029/593/4020 4030/594/4021 4028/595/4019 4034/596/4025
f 4031/597/4022 4032/598/4023 4028/595/4019 4030/599/4021
f 4033/600/4024 4034/596/4025 4028/595/4019 4032/598/4023
f 161/33/161 1219/99/1217 4029/593/4020 1295/601/1293
f 1219/99/1217 1218/105/1216 4030/594/4021 4029/593/4020
f 1295/601/1293 4029/593/4020 4034/596/4025 1296/602/1294
f 23/104/23 1283/603/1281 4031/597/4022 1217/103/1215
f 1283/603/1281 1284/604/1282 4032/598/4023 4031/597/4022
f 1217/103/1215 4031/597/4022 4030/599/4021 1218/605/1216
f 169/303/169 1297/606/1295 4033/600/4024 1285/304/1283
f 1297/606/1295 1296/607/1294 4034/596/4025 4033/600/4024
f 1285/304/1283 4033/600/4024 4032/598/4023 1284/306/1282
f 4035/608/4026 4036/609/4027 4039/610/4030 4038/611/4029
f 4036/609/4027 4037/612/4028 4040/613/4031 4039/610/4030
f 4038/611/4029 4039/610/4030 4042/614/4033 4041/615/4032
f 4039/610/4030 4040/613/4031 4043/616/4034 4042/614/4033
f 56/271/56 622/617/621 4035/608/4026 1286/618/1284
f 622/617/621 621/619/620 4036/609/4027 4035/608/4026
f 621/619/620 620/554/619 4037/612/4028 4036/609/4027
f 620/554/619 42/620/42 1190/621/1188 4037/612/4028
f 4037/612/4028 1190/621/1188 1191/622/1189 4040/613/4031
f 4040/613/4031 1191/622/1189 1192/623/1190 4043/616/4034
f 4043/616/4034 1192/623/1190 153/624/153 1289/625/1287
f 4042/614/4033 4043/616/4034 1289/625/1287 1290/626/1288
f 4041/615/4032 4042/614/4033 1290/626/1288 1291/627/1289
f 1288/628/1286 4041/615/4032 1291/627/1289 170/116/170
f 1287/629/1285 4038/611/4029 4041/615/4032 1288/628/1286
f 1286/618/1284 4035/608/4026 4038/611/4029 1287/629/1285
f 4044/630/4035 4045/631/4036 4048/632/4039 4047/633/4038
f 4045/631/4036 4046/634/4037 4049/635/4040 4048/632/4039
f 4047/633/4038 4048/632/4039 4051/636/4042 4050/637/4041
f 4048/632/4039 4049/635/4040 4052/638/4043 4051/636/4042
f 43/207/43 619/274/618 4044/630/4035 544/589/544
f 619/274/618 618/273/617 4045/631/4036 4044/630/4035
f 618/273/617 617/272/616 4046/634/4037 4045/631/4036
f 617/272/616 56/271/56 1286/618/1284 4046/634/4037
f 4046/634/4037 1286/618/1284 1287/629/1285 4049/635/4040
f 4049/635/4040 1287/629/1285 1288/628/1286 4052/638/4043
f 4052/638/4043 1288/628/1286 170/116/170 1292/639/1290
f 4051/636/4042 4052/638/4043 1292/639/1290 1293/640/1291
f 4050/637/4041 4051/636/4042 1293/640/1291 1294/641/1292
f 542/642/542 4050/637/4041 1294/641/1292 154/284/154
f 543/643/543 4047/633/4038 4050/637/4041 542/642/542
f 544/589/544 4044/630/4035 4047/633/4038 543/643/543
f 4053/644/4044 4054/645/4045 4057/646/4048 4056/647/4047
f 4054/645/4045 4055/648/4046 4058/649/4049 4057/646/4048
f 4056/647/4047 4057/646/4048 4060/650/4051 4059/651/4050
f 4057/646/4048 4058/649/4049 4061/652/4052 4060/650/4051
f 50/156/50 565/152/565 4053/644/4044 632/490/631
f 565/152/565 564/151/564 4054/645/4045 4053/644/4044
f 564/151/564 563/150/563 4055/648/4046 4054/645/4045
f 563/150/563 161/33/161 1295/601/1293 4055/648/4046
f 4055/648/4046 1295/601/1293 1296/607/1294 4058/649/4049
f 4058/649/4049 1296/607/1294 1297/653/1295 4061/652/4052
f 4061/652/4052 1297/653/1295 169/654/169 1280/655/1278
f 4060/650/4051 4061/652/4052 1280/655/1278 1281/656/1279
f 4059/651/4050 4060/650/4051 1281/656/1279 1282/657/1280
f 634/492/633 4059/651/4050 1282/657/1280 57/493/57
f 633/491/632 4056/647/4047 4059/651/4050 634/492/633
f 632/490/631 4053/644/4044 4056/647/4047 633/491/632
f 4062/658/4053 4063/659/4054 4066/660/4057 4065/661/4056
f 4063/659/4054 4064/662/4055 4067/663/4058 4066/660/4057
f 4065/661/4056 4066/660/4057 4069/664/4060 4068/665/4059
f 4066/660/4057 4067/663/4058 4070/666/4061 4069/664/4060
f 57/493/57 1282/657/1280 4062/658/4053 1235/667/1233
f 1282/657/1280 1281/656/1279 4063/659/4054 4062/658/4053
f 1281/656/1279 1280/655/1278 4064/662/4055 4063/659/4054
f 1280/655/1278 169/654/169 1298/668/1296 4064/662/4055
f 4064/662/4055 1298/668/1296 1299/669/1297 4067/663/4058
f 4067/663/4058 1299/669/1297 1300/670/1298 4070/666/4061
f 4070/666/4061 1300/670/1298 167/671/167 631/672/630
f 4069/664/4060 4070/666/4061 631/672/630 630/673/629
f 4068/665/4059 4069/664/4060 630/673/629 629/674/628
f 1237/675/1235 4068/665/4059 629/674/628 40/676/40
f 1236/677/1234 4065/661/4056 4068/665/4059 1237/675/1235
f 1235/667/1233 4062/658/4053 4065/661/4056 1236/677/1234
f 4072/678/4063 4073/679/4064 4071/680/4062 4081/681/4072
f 4074/682/4065 4075/683/4066 4071/680/4062 4073/679/4064
f 4076/684/4067 4077/685/4068 4071/680/4062 4075/686/4066
f 4078/687/4069 4079/688/4070 4071/680/4062 4077/685/4068
f 4080/689/4071 4081/690/4072 4071/680/4062 4079/691/4070
f 148/692/148 1238/693/1236 4072/678/4063 899/694/897
f 1238/693/1236 1239/695/1237 4073/679/4064 4072/678/4063
f 899/694/897 4072/678/4063 4081/681/4072 900/345/898
f 146/176/146 1153/696/1151 4074/682/4065 1240/697/1238
f 1153/696/1151 1152/698/1150 4075/683/4066 4074/682/4065
f 1240/697/1238 4074/682/4065 4073/679/4064 1239/699/1237
f 22/700/22 896/701/894 4076/684/4067 1151/702/1149
f 896/701/894 897/703/895 4077/685/4068 4076/684/4067
f 1151/702/1149 4076/684/4067 4075/686/4066 1152/704/1150
f 37/705/37 533/706/533 4078/687/4069 898/707/896
f 533/706/533 534/708/534 4079/688/4070 4078/687/4069
f 898/707/896 4078/687/4069 4077/685/4068 897/703/895
f 39/347/39 901/709/899 4080/689/4071 535/710/535
f 901/709/899 900/345/898 4081/690/4072 4080/689/4071
f 535/710/535 4080/689/4071 4079/691/4070 534/711/534
f 4082/86/4073 4083/86/4074 4086/86/4077 4085/86/4076
f 4083/86/4074 4084/86/4075 4087/86/4078 4086/86/4077
f 4085/86/4076 4086/86/4077 4089/86/4080 4088/86/4079
f 4086/86/4077 4087/86/4078 4090/86/4081 4089/86/4080
f 177/86/177 1357/86/1355 4082/86/4073 1336/86/1334
f 1357/86/1355 1356/86/1354 4083/86/4074 4082/86/4073
f 1356/86/1354 1355/86/1353 4084/86/4075 4083/86/4074
f 1355/86/1353 176/86/176 1316/86/1314 4084/86/4075
f 4084/86/4075 1316/86/1314 1317/86/1315 4087/86/4078
f 4087/86/4078 1317/86/1315 1318/86/1316 4090/86/4081
f 4090/86/4081 1318/86/1316 171/86/171 1313/86/1311
f 4089/86/4080 4090/86/4081 1313/86/1311 1314/86/1312
f 4088/86/4079 4089/86/4080 1314/86/1312 1315/86/1313
f 1334/86/1332 4088/86/4079 1315/86/1313 175/86/175
f 1335/86/1333 4085/86/4076 4088/86/4079 1334/86/1332
f 1336/86/1334 4082/86/4073 4085/86/4076 1335/86/1333
f 4091/86/4082 4092/86/4083 4095/86/4086 4094/86/4085
f 4092/86/4083 4093/86/4084 4096/86/4087 4095/86/4086
f 4094/86/4085 4095/86/4086 4098/86/4089 4097/86/4088
f 4095/86/4086 4096/86/4087 4099/86/4090 4098/86/4089
f 178/86/178 1354/86/1352 4091/86/4082 1339/86/1337
f 1354/86/1352 1353/86/1351 4092/86/4083 4091/86/4082
f 1353/86/1351 1352/86/1350 4093/86/4084 4092/86/4083
f 1352/86/1350 177/86/177 1336/86/1334 4093/86/4084
f 4093/86/4084 1336/86/1334 1335/86/1333 4096/86/4087
f 4096/86/4087 1335/86/1333 1334/86/1332 4099/86/4090
f 4099/86/4090 1334/86/1332 175/86/175 1307/86/1305
f 4098/86/4089 4099/86/4090 1307/86/1305 1308/86/1306
f 4097/86/4088 4098/86/4089 1308/86/1306 1309/86/1307
f 1337/86/1335 4097/86/4088 1309/86/1307 173/86/173
f 1338/86/1336 4094/86/4085 4097/86/4088 1337/86/1335
f 1339/86/1337 4091/86/4082 4094/86/4085 1338/86/1336
f 4100/86/4091 4101/86/4092 4104/86/4095 4103/86/4094
f 4101/86/4092 4102/86/4093 4105/86/4096 4104/86/4095
f 4103/86/4094 4104/86/4095 4107/86/4098 4106/86/4097
f 4104/86/4095 4105/86/4096 4108/86/4099 4107/86/4098
f 179/86/179 1351/86/1349 4100/86/4091 1342/86/1340
f 1351/86/1349 1350/86/1348 4101/86/4092 4100/86/4091
f 1350/86/1348 1349/86/1347 4102/86/4093 4101/86/4092
f 1349/86/1347 178/86/178 1339/86/1337 4102/86/4093
f 4102/86/4093 1339/86/1337 1338/86/1336 4105/86/4096
f 4105/86/4096 1338/86/1336 1337/86/1335 4108/86/4099
f 4108/86/4099 1337/86/1335 173/86/173 1310/86/1308
f 4107/86/4098 4108/86/4099 1310/86/1308 1311/86/1309
f 4106/86/4097 4107/86/4098 1311/86/1309 1312/86/1310
f 1340/86/1338 4106/86/4097 1312/86/1310 174/86/174
f 1341/86/1339 4103/86/4094 4106/86/4097 1340/86/1338
f 1342/86/1340 4100/86/4091 4103/86/4094 1341/86/1339
f 4109/86/4100 4110/86/4101 4113/86/4104 4112/86/4103
f 4110/86/4101 4111/86/4102 4114/86/4105 4113/86/4104
f 4112/86/4103 4113/86/4104 4116/86/4107 4115/86/4106
f 4113/86/4104 4114/86/4105 4117/86/4108 4116/86/4107
f 180/86/180 1348/86/1346 4109/86/4100 1345/86/1343
f 1348/86/1346 1347/86/1345 4110/86/4101 4109/86/4100
f 1347/86/1345 1346/86/1344 4111/86/4102 4110/86/4101
f 1346/86/1344 179/86/179 1342/86/1340 4111/86/4102
f 4111/86/4102 1342/86/1340 1341/86/1339 4114/86/4105
f 4114/86/4105 1341/86/1339 1340/86/1338 4117/86/4108
f 4117/86/4108 1340/86/1338 174/86/174 1304/86/1302
f 4116/86/4107 4117/86/4108 1304/86/1302 1305/86/1303
f 4115/86/4106 4116/86/4107 1305/86/1303 1306/86/1304
f 1343/86/1341 4115/86/4106 1306/86/1304 172/86/172
f 1344/86/1342 4112/86/4103 4115/86/4106 1343/86/1341
f 1345/86/1343 4109/86/4100 4112/86/4103 1344/86/1342
f 4118/86/4109 4119/86/4110 4122/86/4113 4121/86/4112
f 4119/86/4110 4120/86/4111 4123/86/4114 4122/86/4113
f 4121/86/4112 4122/86/4113 4125/86/4116 4124/86/4115
f 4122/86/4113 4123/86/4114 4126/86/4117 4125/86/4116
f 97/86/97 793/86/791 4118/86/4109 1330/86/1328
f 793/86/791 792/86/790 4119/86/4110 4118/86/4109
f 792/86/790 791/86/789 4120/86/4111 4119/86/4110
f 791/86/789 127/86/127 1327/86/1325 4120/86/4111
f 4120/86/4111 1327/86/1325 1326/86/1324 4123/86/4114
f 4123/86/4114 1326/86/1324 1325/86/1323 4126/86/4117
f 4126/86/4117 1325/86/1323 179/86/179 1346/86/1344
f 4125/86/4116 4126/86/4117 1346/86/1344 1347/86/1345
f 4124/86/4115 4125/86/4116 1347/86/1345 1348/86/1346
f 1328/86/1326 4124/86/4115 1348/86/1346 180/86/180
f 1329/86/1327 4121/86/4112 4124/86/4115 1328/86/1326
f 1330/86/1328 4118/86/4109 4121/86/4112 1329/86/1327
f 4127/86/4118 4128/86/4119 4131/86/4122 4130/86/4121
f 4128/86/4119 4129/86/4120 4132/86/4123 4131/86/4122
f 4130/86/4121 4131/86/4122 4134/86/4125 4133/86/4124
f 4131/86/4122 4132/86/4123 4135/86/4126 4134/86/4125
f 127/86/127 1048/86/1046 4127/86/4118 1327/86/1325
f 1048/86/1046 1047/86/1045 4128/86/4119 4127/86/4118
f 1047/86/1045 1046/86/1044 4129/86/4120 4128/86/4119
f 1046/86/1044 99/86/99 1324/86/1322 4129/86/4120
f 4129/86/4120 1324/86/1322 1323/86/1321 4132/86/4123
f 4132/86/4123 1323/86/1321 1322/86/1320 4135/86/4126
f 4135/86/4126 1322/86/1320 178/86/178 1349/86/1347
f 4134/86/4125 4135/86/4126 1349/86/1347 1350/86/1348
f 4133/86/4124 4134/86/4125 1350/86/1348 1351/86/1349
f 1325/86/1323 4133/86/4124 1351/86/1349 179/86/179
f 1326/86/1324 4130/86/4121 4133/86/4124 1325/86/1323
f 1327/86/1325 4127/86/4118 4130/86/4121 1326/86/1324
f 4136/86/4127 4137/86/4128 4140/86/4131 4139/86/4130
f 4137/86/4128 4138/86/4129 4141/86/4132 4140/86/4131
f 4139/86/4130 4140/86/4131 4143/86/4134 4142/86/4133
f 4140/86/4131 4141/86/4132 4144/86/4135 4143/86/4134
f 99/86/99 805/86/803 4136/86/4127 1324/86/1322
f 805/86/803 804/86/802 4137/86/4128 4136/86/4127
f 804/86/802 803/86/801 4138/86/4129 4137/86/4128
f 803/86/801 132/86/132 1321/86/1319 4138/86/4129
f 4138/86/4129 1321/86/1319 1320/86/1318 4141/86/4132
f 4141/86/4132 1320/86/1318 1319/86/1317 4144/86/4135
f 4144/86/4135 1319/86/1317 177/86/177 1352/86/1350
f 4143/86/4134 4144/86/4135 1352/86/1350 1353/86/1351
f 4142/86/4133 4143/86/4134 1353/86/1351 1354/86/1352
f 1322/86/1320 4142/86/4133 1354/86/1352 178/86/178
f 1323/86/1321 4139/86/4130 4142/86/4133 1322/86/1320
f 1324/86/1322 4136/86/4127 4139/86/4130 1323/86/1321
f 4145/86/4136 4146/86/4137 4149/86/4140 4148/86/4139
f 4146/86/4137 4147/86/4138 4150/86/4141 4149/86/4140
f 4148/86/4139 4149/86/4140 4152/86/4143 4151/86/4142
f 4149/86/4140 4150/86/4141 4153/86/4144 4152/86/4143
f 132/86/132 1066/86/1064 4145/86/4136 1321/86/1319
f 1066/86/1064 1065/86/1063 4146/86/4137 4145/86/4136
f 1065/86/1063 1064/86/1062 4147/86/4138 4146/86/4137
f 1064/86/1062 96/86/96 1331/86/1329 4147/86/4138
f 4147/86/4138 1331/86/1329 1332/86/1330 4150/86/4141
f 4150/86/4141 1332/86/1330 1333/86/1331 4153/86/4144
f 4153/86/4144 1333/86/1331 176/86/176 1355/86/1353
f 4152/86/4143 4153/86/4144 1355/86/1353 1356/86/1354
f 4151/86/4142 4152/86/4143 1356/86/1354 1357/86/1355
f 1319/86/1317 4151/86/4142 1357/86/1355 177/86/177
f 1320/86/1318 4148/86/4139 4151/86/4142 1319/86/1317
f 1321/86/1319 4145/86/4136 4148/86/4139 1320/86/1318
f 4154/86/4145 4155/86/4146 4158/86/4149 4157/86/4148
f 4155/86/4146 4156/86/4147 4159/86/4150 4158/86/4149
f 4157/86/4148 4158/86/4149 4161/86/4152 4160/86/4151
f 4158/86/4149 4159/86/4150 4162/86/4153 4161/86/4152
f 423/86/423 959/86/957 4154/86/4145 2963/86/2954
f 959/86/957 960/86/958 4155/86/4146 4154/86/4145
f 960/86/958 961/86/959 4156/86/4147 4155/86/4146
f 961/86/959 104/86/104 641/86/640 4156/86/4147
f 4156/86/4147 641/86/640 642/86/641 4159/86/4150
f 4159/86/4150 642/86/641 643/86/642 4162/86/4153
f 4162/86/4153 643/86/642 62/86/62 2927/86/2918
f 4161/86/4152 4162/86/4153 2927/86/2918 2928/86/2919
f 4160/86/4151 4161/86/4152 2928/86/2919 2929/86/2920
f 2965/86/2956 4160/86/4151 2929/86/2920 425/86/425
f 2964/86/2955 4157/86/4148 4160/86/4151 2965/86/2956
f 2963/86/2954 4154/86/4145 4157/86/4148 2964/86/2955
f 4163/86/4154 4164/86/4155 4167/86/4158 4166/86/4157
f 4164/86/4155 4165/86/4156 4168/86/4159 4167/86/4158
f 4166/86/4157 4167/86/4158 4170/86/4161 4169/86/4160
f 4167/86/4158 4168/86/4159 4171/86/4162 4170/86/4161
f 105/86/105 1367/86/1365 4163/86/4154 644/86/643
f 1367/86/1365 1368/86/1366 4164/86/4155 4163/86/4154
f 1368/86/1366 1369/86/1367 4165/86/4156 4164/86/4155
f 1369/86/1367 184/86/184 1373/86/1371 4165/86/4156
f 4165/86/4156 1373/86/1371 1374/86/1372 4168/86/4159
f 4168/86/4159 1374/86/1372 1375/86/1373 4171/86/4162
f 4171/86/4162 1375/86/1373 181/86/181 809/86/807
f 4170/86/4161 4171/86/4162 809/86/807 810/86/808
f 4169/86/4160 4170/86/4161 810/86/808 811/86/809
f 646/86/645 4169/86/4160 811/86/809 65/86/65
f 645/86/644 4166/86/4157 4169/86/4160 646/86/645
f 644/86/643 4163/86/4154 4166/86/4157 645/86/644
f 4172/86/4163 4173/86/4164 4176/86/4167 4175/86/4166
f 4173/86/4164 4174/86/4165 4177/86/4168 4176/86/4167
f 4175/86/4166 4176/86/4167 4179/86/4170 4178/86/4169
f 4176/86/4167 4177/86/4168 4180/86/4171 4179/86/4170
f 105/86/105 916/86/914 4172/86/4163 1367/86/1365
f 916/86/914 915/86/913 4173/86/4164 4172/86/4163
f 915/86/913 914/86/912 4174/86/4165 4173/86/4164
f 914/86/912 83/86/83 1364/86/1362 4174/86/4165
f 4174/86/4165 1364/86/1362 1365/86/1363 4177/86/4168
f 4177/86/4168 1365/86/1363 1366/86/1364 4180/86/4171
f 4180/86/4171 1366/86/1364 183/86/183 1376/86/1374
f 4179/86/4170 4180/86/4171 1376/86/1374 1377/86/1375
f 4178/86/4169 4179/86/4170 1377/86/1375 1378/86/1376
f 1369/86/1367 4178/86/4169 1378/86/1376 184/86/184
f 1368/86/1366 4175/86/4166 4178/86/4169 1369/86/1367
f 1367/86/1365 4172/86/4163 4175/86/4166 1368/86/1366
f 4181/86/4172 4182/86/4173 4185/86/4176 4184/86/4175
f 4182/86/4173 4183/86/4174 4186/86/4177 4185/86/4176
f 4184/86/4175 4185/86/4176 4188/86/4179 4187/86/4178
f 4185/86/4176 4186/86/4177 4189/86/4180 4188/86/4179
f 113/86/113 1370/86/1368 4181/86/4172 638/86/637
f 1370/86/1368 1371/86/1369 4182/86/4173 4181/86/4172
f 1371/86/1369 1372/86/1370 4183/86/4174 4182/86/4173
f 1372/86/1370 185/86/185 1379/86/1377 4183/86/4174
f 4183/86/4174 1379/86/1377 1380/86/1378 4186/86/4177
f 4186/86/4177 1380/86/1378 1381/86/1379 4189/86/4180
f 4189/86/4180 1381/86/1379 183/86/183 1366/86/1364
f 4188/86/4179 4189/86/4180 1366/86/1364 1365/86/1363
f 4187/86/4178 4188/86/4179 1365/86/1363 1364/86/1362
f 640/86/639 4187/86/4178 1364/86/1362 83/86/83
f 639/86/638 4184/86/4175 4187/86/4178 640/86/639
f 638/86/637 4181/86/4172 4184/86/4175 639/86/638
f 4190/86/4181 4191/86/4182 4194/86/4185 4193/86/4184
f 4191/86/4182 4192/86/4183 4195/86/4186 4194/86/4185
f 4193/86/4184 4194/86/4185 4197/86/4188 4196/86/4187
f 4194/86/4185 4195/86/4186 4198/86/4189 4197/86/4188
f 113/86/113 964/86/962 4190/86/4181 1370/86/1368
f 964/86/962 963/86/961 4191/86/4182 4190/86/4181
f 963/86/961 962/86/960 4192/86/4183 4191/86/4182
f 962/86/960 64/86/64 1361/86/1359 4192/86/4183
f 4192/86/4183 1361/86/1359 1362/86/1360 4195/86/4186
f 4195/86/4186 1362/86/1360 1363/86/1361 4198/86/4189
f 4198/86/4189 1363/86/1361 182/86/182 1382/86/1380
f 4197/86/4188 4198/86/4189 1382/86/1380 1383/86/1381
f 4196/86/4187 4197/86/4188 1383/86/1381 1384/86/1382
f 1372/86/1370 4196/86/4187 1384/86/1382 185/86/185
f 1371/86/1369 4193/86/4184 4196/86/4187 1372/86/1370
f 1370/86/1368 4190/86/4181 4193/86/4184 1371/86/1369
f 4199/86/4190 4200/86/4191 4203/86/4194 4202/86/4193
f 4200/86/4191 4201/86/4192 4204/86/4195 4203/86/4194
f 4202/86/4193 4203/86/4194 4206/86/4197 4205/86/4196
f 4203/86/4194 4204/86/4195 4207/86/4198 4206/86/4197
f 412/86/412 2860/86/2851 4199/86/4190 2909/86/2900
f 2860/86/2851 2859/86/2850 4200/86/4191 4199/86/4190
f 2859/86/2850 2858/86/2849 4201/86/4192 4200/86/4191
f 2858/86/2849 188/86/188 1400/86/1398 4201/86/4192
f 4201/86/4192 1400/86/1398 1401/86/1399 4204/86/4195
f 4204/86/4195 1401/86/1399 1402/86/1400 4207/86/4198
f 4207/86/4198 1402/86/1400 190/86/190 2864/86/2855
f 4206/86/4197 4207/86/4198 2864/86/2855 2865/86/2856
f 4205/86/4196 4206/86/4197 2865/86/2856 2866/86/2857
f 2911/86/2902 4205/86/4196 2866/86/2857 414/86/414
f 2910/86/2901 4202/86/4193 4205/86/4196 2911/86/2902
f 2909/86/2900 4199/86/4190 4202/86/4193 2910/86/2901
f 4208/86/4199 4209/86/4200 4212/86/4203 4211/86/4202
f 4209/86/4200 4210/86/4201 4213/86/4204 4212/86/4203
f 4211/86/4202 4212/86/4203 4215/86/4206 4214/86/4205
f 4212/86/4203 4213/86/4204 4216/86/4207 4215/86/4206
f 414/86/414 2866/86/2857 4208/86/4199 2906/86/2897
f 2866/86/2857 2865/86/2856 4209/86/4200 4208/86/4199
f 2865/86/2856 2864/86/2855 4210/86/4201 4209/86/4200
f 2864/86/2855 190/86/190 1403/86/1401 4210/86/4201
f 4210/86/4201 1403/86/1401 1404/86/1402 4213/86/4204
f 4213/86/4204 1404/86/1402 1405/86/1403 4216/86/4207
f 4216/86/4207 1405/86/1403 186/86/186 2855/86/2846
f 4215/86/4206 4216/86/4207 2855/86/2846 2856/86/2847
f 4214/86/4205 4215/86/4206 2856/86/2847 2857/86/2848
f 2908/86/2899 4214/86/4205 2857/86/2848 411/86/411
f 2907/86/2898 4211/86/4202 4214/86/4205 2908/86/2899
f 2906/86/2897 4208/86/4199 4211/86/4202 2907/86/2898
f 4217/86/4208 4218/86/4209 4221/86/4212 4220/86/4211
f 4218/86/4209 4219/86/4210 4222/86/4213 4221/86/4212
f 4220/86/4211 4221/86/4212 4224/86/4215 4223/86/4214
f 4221/86/4212 4222/86/4213 4225/86/4216 4224/86/4215
f 78/86/78 1016/86/1014 4217/86/4208 832/86/830
f 1016/86/1014 1017/86/1015 4218/86/4209 4217/86/4208
f 1017/86/1015 1018/86/1016 4219/86/4210 4218/86/4209
f 1018/86/1016 123/86/123 1394/86/1392 4219/86/4210
f 4219/86/4210 1394/86/1392 1395/86/1393 4222/86/4213
f 4222/86/4213 1395/86/1393 1396/86/1394 4225/86/4216
f 4225/86/4216 1396/86/1394 189/86/189 1406/86/1404
f 4224/86/4215 4225/86/4216 1406/86/1404 1407/86/1405
f 4223/86/4214 4224/86/4215 1407/86/1405 1408/86/1406
f 830/86/828 4223/86/4214 1408/86/1406 187/86/187
f 831/86/829 4220/86/4211 4223/86/4214 830/86/828
f 832/86/830 4217/86/4208 4220/86/4211 831/86/829
f 4226/86/4217 4227/86/4218 4230/86/4221 4229/86/4220
f 4227/86/4218 4228/86/4219 4231/86/4222 4230/86/4221
f 4229/86/4220 4230/86/4221 4233/86/4224 4232/86/4223
f 4230/86/4221 4231/86/4222 4234/86/4225 4233/86/4224
f 413/86/413 2863/86/2854 4226/86/4217 2903/86/2894
f 2863/86/2854 2862/86/2853 4227/86/4218 4226/86/4217
f 2862/86/2853 2861/86/2852 4228/86/4219 4227/86/4218
f 2861/86/2852 189/86/189 1409/86/1407 4228/86/4219
f 4228/86/4219 1409/86/1407 1410/86/1408 4231/86/4222
f 4231/86/4222 1410/86/1408 1411/86/1409 4234/86/4225
f 4234/86/4225 1411/86/1409 188/86/188 2858/86/2849
f 4233/86/4224 4234/86/4225 2858/86/2849 2859/86/2850
f 4232/86/4223 4233/86/4224 2859/86/2850 2860/86/2851
f 2905/86/2896 4232/86/4223 2860/86/2851 412/86/412
f 2904/86/2895 4229/86/4220 4232/86/4223 2905/86/2896
f 2903/86/2894 4226/86/4217 4229/86/4220 2904/86/2895
f 4235/712/4226 4236/713/4227 4239/714/4230 4238/715/4229
f 4236/713/4227 4237/716/4228 4240/717/4231 4239/714/4230
f 4238/715/4229 4239/714/4230 4242/718/4233 4241/719/4232
f 4239/714/4230 4240/717/4231 4243/720/4234 4242/718/4233
f 42/555/42 541/553/541 4235/712/4226 1418/721/1416
f 541/553/541 540/552/540 4236/713/4227 4235/712/4226
f 540/552/540 539/551/539 4237/716/4228 4236/713/4227
f 539/551/539 150/550/150 1421/722/1419 4237/716/4228
f 4237/716/4228 1421/722/1419 1422/723/1420 4240/717/4231
f 4240/717/4231 1422/723/1420 1423/724/1421 4243/720/4234
f 4243/720/4234 1423/724/1421 194/725/194 1427/726/1425
f 4242/718/4233 4243/720/4234 1427/726/1425 1428/727/1426
f 4241/719/4232 4242/718/4233 1428/727/1426 1429/728/1427
f 1420/729/1418 4241/719/4232 1429/728/1427 193/730/193
f 1419/731/1417 4238/715/4229 4241/719/4232 1420/729/1418
f 1418/721/1416 4235/712/4226 4238/715/4229 1419/731/1417
f 4244/732/4235 4245/733/4236 4248/734/4239 4247/735/4238
f 4245/733/4236 4246/736/4237 4249/737/4240 4248/734/4239
f 4247/735/4238 4248/734/4239 4251/738/4242 4250/739/4241
f 4248/734/4239 4249/737/4240 4252/740/4243 4251/738/4242
f 150/550/150 1174/741/1172 4244/732/4235 1421/722/1419
f 1174/741/1172 1173/742/1171 4245/733/4236 4244/732/4235
f 1173/742/1171 1172/743/1170 4246/736/4237 4245/733/4236
f 1172/743/1170 4/246/4 1412/744/1410 4246/736/4237
f 4246/736/4237 1412/744/1410 1413/745/1411 4249/737/4240
f 4249/737/4240 1413/745/1411 1414/746/1412 4252/740/4243
f 4252/740/4243 1414/746/1412 191/747/191 1430/748/1428
f 4251/738/4242 4252/740/4243 1430/748/1428 1431/749/1429
f 4250/739/4241 4251/738/4242 1431/749/1429 1432/750/1430
f 1423/724/1421 4250/739/4241 1432/750/1430 194/725/194
f 1422/723/1420 4247/735/4238 4250/739/4241 1423/724/1421
f 1421/722/1419 4244/732/4235 4247/735/4238 1422/723/1420
f 4253/751/4244 4254/752/4245 4257/753/4248 4256/754/4247
f 4254/752/4245 4255/755/4246 4258/756/4249 4257/753/4248
f 4256/754/4247 4257/753/4248 4260/757/4251 4259/758/4250
f 4257/753/4248 4258/756/4249 4261/759/4252 4260/757/4251
f 153/624/153 1424/760/1422 4253/751/4244 434/761/434
f 1424/760/1422 1425/762/1423 4254/752/4245 4253/751/4244
f 1425/762/1423 1426/763/1424 4255/755/4246 4254/752/4245
f 1426/763/1424 195/764/195 1433/765/1431 4255/755/4246
f 4255/755/4246 1433/765/1431 1434/766/1432 4258/756/4249
f 4258/756/4249 1434/766/1432 1435/767/1433 4261/759/4252
f 4261/759/4252 1435/767/1433 192/768/192 839/769/837
f 4260/757/4251 4261/759/4252 839/769/837 840/770/838
f 4259/758/4250 4260/757/4251 840/770/838 841/771/839
f 436/772/436 4259/758/4250 841/771/839 5/54/5
f 435/124/435 4256/754/4247 4259/758/4250 436/772/436
f 434/761/434 4253/751/4244 4256/754/4247 435/124/435
f 4262/773/4253 4263/774/4254 4266/775/4257 4265/776/4256
f 4263/774/4254 4264/777/4255 4267/778/4258 4266/775/4257
f 4265/776/4256 4266/775/4257 4269/779/4260 4268/780/4259
f 4266/775/4257 4267/778/4258 4270/781/4261 4269/779/4260
f 153/782/153 1192/783/1190 4262/773/4253 1424/784/1422
f 1192/783/1190 1191/785/1189 4263/774/4254 4262/773/4253
f 1191/785/1189 1190/786/1188 4264/777/4255 4263/774/4254
f 1190/786/1188 42/555/42 1418/721/1416 4264/777/4255
f 4264/777/4255 1418/721/1416 1419/731/1417 4267/778/4258
f 4267/778/4258 1419/731/1417 1420/729/1418 4270/781/4261
f 4270/781/4261 1420/729/1418 193/730/193 1436/787/1434
f 4269/779/4260 4270/781/4261 1436/787/1434 1437/788/1435
f 4268/780/4259 4269/779/4260 1437/788/1435 1438/789/1436
f 1426/790/1424 4268/780/4259 1438/789/1436 195/764/195
f 1425/791/1423 4265/776/4256 4268/780/4259 1426/790/1424
f 1424/784/1422 4262/773/4253 4265/776/4256 1425/791/1423
f 4271/792/4262 4272/793/4263 4275/794/4266 4274/795/4265
f 4272/793/4263 4273/796/4264 4276/797/4267 4275/794/4266
f 4274/795/4265 4275/794/4266 4278/798/4269 4277/799/4268
f 4275/794/4266 4276/797/4267 4279/800/4270 4278/798/4269
f 409/801/409 2201/802/2197 4271/792/4262 2840/803/2831
f 2201/802/2197 2202/804/2198 4272/793/4263 4271/792/4262
f 2202/804/2198 2203/805/2199 4273/796/4264 4272/793/4263
f 2203/805/2199 347/75/347 2197/76/2193 4273/796/4264
f 4273/796/4264 2197/76/2193 2196/77/2192 4276/797/4267
f 4276/797/4267 2196/77/2192 2195/78/2191 4279/800/4270
f 4279/800/4270 2195/78/2191 236/79/236 1852/806/1848
f 4278/798/4269 4279/800/4270 1852/806/1848 1851/807/1847
f 4277/799/4268 4278/798/4269 1851/807/1847 1850/808/1846
f 2842/809/2833 4277/799/4268 1850/808/1846 407/810/407
f 2841/811/2832 4274/795/4265 4277/799/4268 2842/809/2833
f 2840/803/2831 4271/792/4262 4274/795/4265 2841/811/2832
f 4280/26/4271 4281/32/4272 4284/28/4275 4283/28/4274
f 4281/32/4272 4282/26/4273 4285/28/4276 4284/28/4275
f 4283/28/4274 4284/28/4275 4287/87/4278 4286/87/4277
f 4284/28/4275 4285/28/4276 4288/30/4279 4287/87/4278
f 355/33/355 2282/88/2278 4280/26/4271 2224/32/2220
f 2282/88/2278 2283/88/2279 4281/32/4272 4280/26/4271
f 2283/88/2279 2284/88/2280 4282/26/4273 4281/32/4272
f 2284/88/2280 350/33/350 2209/32/2205 4282/26/4273
f 4282/26/4273 2209/32/2205 2208/35/2204 4285/28/4276
f 4285/28/4276 2208/35/2204 2207/87/2203 4288/30/4279
f 4288/30/4279 2207/87/2203 202/37/202 1450/89/1448
f 4287/87/4278 4288/30/4279 1450/89/1448 1449/38/1447
f 4286/87/4277 4287/87/4278 1449/38/1447 1448/37/1446
f 2222/87/2218 4286/87/4277 1448/37/1446 212/37/212
f 2223/35/2219 4283/28/4274 4286/87/4277 2222/87/2218
f 2224/32/2220 4280/26/4271 4283/28/4274 2223/35/2219
f 4289/26/4280 4290/32/4281 4293/28/4284 4292/28/4283
f 4290/32/4281 4291/26/4282 4294/28/4285 4293/28/4284
f 4292/28/4283 4293/28/4284 4296/87/4287 4295/87/4286
f 4293/28/4284 4294/28/4285 4297/30/4288 4296/87/4287
f 350/33/350 2279/88/2275 4289/26/4280 2209/32/2205
f 2279/88/2275 2280/88/2276 4290/32/4281 4289/26/4280
f 2280/88/2276 2281/88/2277 4291/26/4282 4290/32/4281
f 2281/88/2277 351/33/351 2212/32/2208 4291/26/4282
f 4291/26/4282 2212/32/2208 2211/35/2207 4294/28/4285
f 4294/28/4285 2211/35/2207 2210/87/2206 4297/30/4288
f 4297/30/4288 2210/87/2206 204/37/204 1456/89/1454
f 4296/87/4287 4297/30/4288 1456/89/1454 1455/38/1453
f 4295/87/4286 4296/87/4287 1455/38/1453 1454/37/1452
f 2207/87/2203 4295/87/4286 1454/37/1452 202/37/202
f 2208/35/2204 4292/28/4283 4295/87/4286 2207/87/2203
f 2209/32/2205 4289/26/4280 4292/28/4283 2208/35/2204
f 4298/26/4289 4299/32/4290 4302/28/4293 4301/28/4292
f 4299/32/4290 4300/26/4291 4303/28/4294 4302/28/4293
f 4301/28/4292 4302/28/4293 4305/87/4296 4304/87/4295
f 4302/28/4293 4303/28/4294 4306/30/4297 4305/87/4296
f 351/33/351 2276/88/2272 4298/26/4289 2212/32/2208
f 2276/88/2272 2277/88/2273 4299/32/4290 4298/26/4289
f 2277/88/2273 2278/88/2274 4300/26/4291 4299/32/4290
f 2278/88/2274 352/33/352 2215/32/2211 4300/26/4291
f 4300/26/4291 2215/32/2211 2214/35/2210 4303/28/4294
f 4303/28/4294 2214/35/2210 2213/87/2209 4306/30/4297
f 4306/30/4297 2213/87/2209 206/37/206 1462/89/1460
f 4305/87/4296 4306/30/4297 1462/89/1460 1461/38/1459
f 4304/87/4295 4305/87/4296 1461/38/1459 1460/37/1458
f 2210/87/2206 4304/87/4295 1460/37/1458 204/37/204
f 2211/35/2207 4301/28/4292 4304/87/4295 2210/87/2206
f 2212/32/2208 4298/26/4289 4301/28/4292 2211/35/2207
f 4307/26/4298 4308/32/4299 4311/28/4302 4310/28/4301
f 4308/32/4299 4309/26/4300 4312/28/4303 4311/28/4302
f 4310/28/4301 4311/28/4302 4314/87/4305 4313/87/4304
f 4311/28/4302 4312/28/4303 4315/30/4306 4314/87/4305
f 352/33/352 2273/88/2269 4307/26/4298 2215/32/2211
f 2273/88/2269 2274/88/2270 4308/32/4299 4307/26/4298
f 2274/88/2270 2275/88/2271 4309/26/4300 4308/32/4299
f 2275/88/2271 353/33/353 2218/32/2214 4309/26/4300
f 4309/26/4300 2218/32/2214 2217/35/2213 4312/28/4303
f 4312/28/4303 2217/35/2213 2216/87/2212 4315/30/4306
f 4315/30/4306 2216/87/2212 208/37/208 1468/89/1466
f 4314/87/4305 4315/30/4306 1468/89/1466 1467/38/1465
f 4313/87/4304 4314/87/4305 1467/38/1465 1466/37/1464
f 2213/87/2209 4313/87/4304 1466/37/1464 206/37/206
f 2214/35/2210 4310/28/4301 4313/87/4304 2213/87/2209
f 2215/32/2211 4307/26/4298 4310/28/4301 2214/35/2210
f 4316/26/4307 4317/32/4308 4320/28/4311 4319/28/4310
f 4317/32/4308 4318/26/4309 4321/28/4312 4320/28/4311
f 4319/28/4310 4320/28/4311 4323/87/4314 4322/87/4313
f 4320/28/4311 4321/28/4312 4324/30/4315 4323/87/4314
f 354/33/354 2270/88/2266 4316/26/4307 2221/32/2217
f 2270/88/2266 2271/88/2267 4317/32/4308 4316/26/4307
f 2271/88/2267 2272/88/2268 4318/26/4309 4317/32/4308
f 2272/88/2268 360/33/360 2239/32/2235 4318/26/4309
f 4318/26/4309 2239/32/2235 2238/35/2234 4321/28/4312
f 4321/28/4312 2238/35/2234 2237/87/2233 4324/30/4315
f 4324/30/4315 2237/87/2233 226/37/226 1517/89/1515
f 4323/87/4314 4324/30/4315 1517/89/1515 1518/38/1516
f 4322/87/4313 4323/87/4314 1518/38/1516 1519/37/1517
f 2219/87/2215 4322/87/4313 1519/37/1517 210/37/210
f 2220/35/2216 4319/28/4310 4322/87/4313 2219/87/2215
f 2221/32/2217 4316/26/4307 4319/28/4310 2220/35/2216
f 4325/90/4316 4326/91/4317 4329/92/4320 4328/93/4319
f 4326/91/4317 4327/94/4318 4330/95/4321 4329/92/4320
f 4328/93/4319 4329/92/4320 4332/812/4323 4331/813/4322
f 4329/92/4320 4330/95/4321 4333/814/4324 4332/812/4323
f 349/33/349 2267/34/2263 4325/90/4316 2206/99/2202
f 2267/34/2263 2268/88/2264 4326/91/4317 4325/90/4316
f 2268/88/2264 2269/39/2265 4327/94/4318 4326/91/4317
f 2269/39/2265 355/33/355 2224/32/2220 4327/94/4318
f 4327/94/4318 2224/32/2220 2223/28/2219 4330/95/4321
f 4330/95/4321 2223/28/2219 2222/31/2218 4333/814/4324
f 4333/814/4324 2222/31/2218 212/37/212 1480/815/1478
f 4332/812/4323 4333/814/4324 1480/815/1478 1479/816/1477
f 4331/813/4322 4332/812/4323 1479/816/1477 1478/817/1476
f 2204/103/2200 4331/813/4322 1478/817/1476 200/104/200
f 2205/105/2201 4328/93/4319 4331/813/4322 2204/103/2200
f 2206/99/2202 4325/90/4316 4328/93/4319 2205/105/2201
f 4334/818/4325 4335/819/4326 4338/820/4329 4337/821/4328
f 4335/819/4326 4336/822/4327 4339/823/4330 4338/820/4329
f 4337/821/4328 4338/820/4329 4341/824/4332 4340/825/4331
f 4338/820/4329 4339/823/4330 4342/826/4333 4341/824/4332
f 400/827/400 2782/828/2773 4334/818/4325 2764/829/2755
f 2782/828/2773 2781/830/2772 4335/819/4326 4334/818/4325
f 2781/830/2772 2780/831/2771 4336/822/4327 4335/819/4326
f 2780/831/2771 396/832/396 2752/833/2743 4336/822/4327
f 4336/822/4327 2752/833/2743 2751/834/2742 4339/823/4330
f 4339/823/4330 2751/834/2742 2750/835/2741 4342/826/4333
f 4342/826/4333 2750/835/2741 216/836/216 2174/837/2170
f 4341/824/4332 4342/826/4333 2174/837/2170 2175/838/2171
f 4340/825/4331 4341/824/4332 2175/838/2171 2176/839/2172
f 2762/840/2753 4340/825/4331 2176/839/2172 363/841/363
f 2763/842/2754 4337/821/4328 4340/825/4331 2762/840/2753
f 2764/829/2755 4334/818/4325 4337/821/4328 2763/842/2754
f 4343/86/4334 4344/86/4335 4347/86/4338 4346/86/4337
f 4344/86/4335 4345/86/4336 4348/86/4339 4347/86/4338
f 4346/86/4337 4347/86/4338 4350/86/4341 4349/86/4340
f 4347/86/4338 4348/86/4339 4351/86/4342 4350/86/4341
f 384/86/384 2417/86/2413 4343/86/4334 2404/86/2400
f 2417/86/2413 2418/86/2414 4344/86/4335 4343/86/4334
f 2418/86/2414 2419/86/2415 4345/86/4336 4344/86/4335
f 2419/86/2415 383/86/383 2401/86/2397 4345/86/4336
f 4345/86/4336 2401/86/2397 2400/86/2396 4348/86/4339
f 4348/86/4339 2400/86/2396 2399/86/2395 4351/86/4342
f 4351/86/4342 2399/86/2395 287/86/287 1783/86/1779
f 4350/86/4341 4351/86/4342 1783/86/1779 1782/86/1778
f 4349/86/4340 4350/86/4341 1782/86/1778 1781/86/1777
f 2402/86/2398 4349/86/4340 1781/86/1777 318/86/318
f 2403/86/2399 4346/86/4337 4349/86/4340 2402/86/2398
f 2404/86/2400 4343/86/4334 4346/86/4337 2403/86/2399
f 4352/26/4343 4353/27/4344 4356/28/4347 4355/29/4346
f 4353/27/4344 4354/30/4345 4357/31/4348 4356/28/4347
f 4355/29/4346 4356/28/4347 4359/28/4350 4358/32/4349
f 4356/28/4347 4357/31/4348 4360/30/4351 4359/28/4350
f 361/33/361 2242/32/2238 4352/26/4343 2266/34/2262
f 2242/32/2238 2241/35/2237 4353/27/4344 4352/26/4343
f 2241/35/2237 2240/36/2236 4354/30/4345 4353/27/4344
f 2240/36/2236 228/37/228 1496/37/1494 4354/30/4345
f 4354/30/4345 1496/37/1494 1497/38/1495 4357/31/4348
f 4357/31/4348 1497/38/1495 1498/37/1496 4360/30/4351
f 4360/30/4351 1498/37/1496 220/37/220 2228/36/2224
f 4359/28/4350 4360/30/4351 2228/36/2224 2229/35/2225
f 4358/32/4349 4359/28/4350 2229/35/2225 2230/32/2226
f 2264/39/2260 4358/32/4349 2230/32/2226 357/33/357
f 2265/39/2261 4355/29/4346 4358/32/4349 2264/39/2260
f 2266/34/2262 4352/26/4343 4355/29/4346 2265/39/2261
f 4361/26/4352 4362/27/4353 4365/28/4356 4364/29/4355
f 4362/27/4353 4363/30/4354 4366/31/4357 4365/28/4356
f 4364/29/4355 4365/28/4356 4368/28/4359 4367/32/4358
f 4365/28/4356 4366/31/4357 4369/30/4360 4368/28/4359
f 357/33/357 2230/32/2226 4361/26/4352 2263/34/2259
f 2230/32/2226 2229/35/2225 4362/27/4353 4361/26/4352
f 2229/35/2225 2228/36/2224 4363/30/4354 4362/27/4353
f 2228/36/2224 220/37/220 1502/37/1500 4363/30/4354
f 4363/30/4354 1502/37/1500 1503/38/1501 4366/31/4357
f 4366/31/4357 1503/38/1501 1504/37/1502 4369/30/4360
f 4369/30/4360 1504/37/1502 222/37/222 2231/36/2227
f 4368/28/4359 4369/30/4360 2231/36/2227 2232/35/2228
f 4367/32/4358 4368/28/4359 2232/35/2228 2233/32/2229
f 2261/39/2257 4367/32/4358 2233/32/2229 358/33/358
f 2262/39/2258 4364/29/4355 4367/32/4358 2261/39/2257
f 2263/34/2259 4361/26/4352 4364/29/4355 2262/39/2258
f 4370/26/4361 4371/27/4362 4374/28/4365 4373/29/4364
f 4371/27/4362 4372/30/4363 4375/31/4366 4374/28/4365
f 4373/29/4364 4374/28/4365 4377/28/4368 4376/32/4367
f 4374/28/4365 4375/31/4366 4378/30/4369 4377/28/4368
f 358/33/358 2233/32/2229 4370/26/4361 2260/34/2256
f 2233/32/2229 2232/35/2228 4371/27/4362 4370/26/4361
f 2232/35/2228 2231/36/2227 4372/30/4363 4371/27/4362
f 2231/36/2227 222/37/222 1508/37/1506 4372/30/4363
f 4372/30/4363 1508/37/1506 1509/38/1507 4375/31/4366
f 4375/31/4366 1509/38/1507 1510/37/1508 4378/30/4369
f 4378/30/4369 1510/37/1508 224/37/224 2234/36/2230
f 4377/28/4368 4378/30/4369 2234/36/2230 2235/35/2231
f 4376/32/4367 4377/28/4368 2235/35/2231 2236/32/2232
f 2258/39/2254 4376/32/4367 2236/32/2232 359/33/359
f 2259/39/2255 4373/29/4364 4376/32/4367 2258/39/2254
f 2260/34/2256 4370/26/4361 4373/29/4364 2259/39/2255
f 4379/26/4370 4380/27/4371 4383/28/4374 4382/29/4373
f 4380/27/4371 4381/30/4372 4384/31/4375 4383/28/4374
f 4382/29/4373 4383/28/4374 4386/28/4377 4385/32/4376
f 4383/28/4374 4384/31/4375 4387/30/4378 4386/28/4377
f 359/33/359 2236/32/2232 4379/26/4370 2257/34/2253
f 2236/32/2232 2235/35/2231 4380/27/4371 4379/26/4370
f 2235/35/2231 2234/36/2230 4381/30/4372 4380/27/4371
f 2234/36/2230 224/37/224 1514/37/1512 4381/30/4372
f 4381/30/4372 1514/37/1512 1515/38/1513 4384/31/4375
f 4384/31/4375 1515/38/1513 1516/37/1514 4387/30/4378
f 4387/30/4378 1516/37/1514 226/37/226 2237/36/2233
f 4386/28/4377 4387/30/4378 2237/36/2233 2238/35/2234
f 4385/32/4376 4386/28/4377 2238/35/2234 2239/32/2235
f 2255/39/2251 4385/32/4376 2239/32/2235 360/33/360
f 2256/39/2252 4382/29/4373 4385/32/4376 2255/39/2251
f 2257/34/2253 4379/26/4370 4382/29/4373 2256/39/2252
f 4388/843/4379 4389/844/4380 4392/845/4383 4391/846/4382
f 4389/844/4380 4390/847/4381 4393/848/4384 4392/845/4383
f 4391/846/4382 4392/845/4383 4395/849/4386 4394/850/4385
f 4392/845/4383 4393/848/4384 4396/851/4387 4395/849/4386
f 356/49/356 2227/852/2223 4388/843/4379 2254/51/2250
f 2227/852/2223 2226/853/2222 4389/844/4380 4388/843/4379
f 2226/853/2222 2225/854/2221 4390/847/4381 4389/844/4380
f 2225/854/2221 218/855/218 1523/856/1521 4390/847/4381
f 4390/847/4381 1523/856/1521 1524/857/1522 4393/848/4384
f 4393/848/4384 1524/857/1522 1525/858/1523 4396/851/4387
f 4396/851/4387 1525/858/1523 228/37/228 2240/58/2236
f 4395/849/4386 4396/851/4387 2240/58/2236 2241/27/2237
f 4394/850/4385 4395/849/4386 2241/27/2237 2242/32/2238
f 2252/59/2248 4394/850/4385 2242/32/2238 361/39/361
f 2253/60/2249 4391/846/4382 4394/850/4385 2252/59/2248
f 2254/51/2250 4388/843/4379 4391/846/4382 2253/60/2249
f 4398/859/4389 4399/860/4390 4397/861/4388 4403/862/4394
f 4400/863/4391 4401/864/4392 4397/861/4388 4399/865/4390
f 4402/866/4393 4403/867/4394 4397/861/4388 4401/868/4392
f 365/869/365 1634/870/1631 4398/859/4389 2299/871/2295
f 1634/870/1631 1635/872/1632 4399/860/4390 4398/859/4389
f 2299/871/2295 4398/859/4389 4403/862/4394 2298/873/2294
f 200/104/200 1444/874/1442 4400/863/4391 1636/875/1633
f 1444/874/1442 1443/876/1441 4401/864/4392 4400/863/4391
f 1636/875/1633 4400/863/4391 4399/865/4390 1635/872/1632
f 348/121/348 2297/877/2293 4402/866/4393 1442/878/1440
f 2297/877/2293 2298/879/2294 4403/867/4394 4402/866/4393
f 1442/878/1440 4402/866/4393 4401/868/4392 1443/880/1441
f 4404/881/4395 4405/882/4396 4408/883/4399 4407/884/4398
f 4405/882/4396 4406/885/4397 4409/886/4400 4408/883/4399
f 4407/884/4398 4408/883/4399 4411/887/4402 4410/888/4401
f 4408/883/4399 4409/886/4400 4412/889/4403 4411/887/4402
f 397/890/397 2779/891/2770 4404/881/4395 2755/892/2746
f 2779/891/2770 2778/893/2769 4405/882/4396 4404/881/4395
f 2778/893/2769 2777/894/2768 4406/885/4397 4405/882/4396
f 2777/894/2768 400/895/400 2764/896/2755 4406/885/4397
f 4406/885/4397 2764/896/2755 2763/842/2754 4409/886/4400
f 4409/886/4400 2763/842/2754 2762/897/2753 4412/889/4403
f 4412/889/4403 2762/897/2753 363/898/363 1481/899/1479
f 4411/887/4402 4412/889/4403 1481/899/1479 1482/900/1480
f 4410/888/4401 4411/887/4402 1482/900/1480 1483/901/1481
f 2753/902/2744 4410/888/4401 1483/901/1481 213/903/213
f 2754/904/2745 4407/884/4398 4410/888/4401 2753/902/2744
f 2755/892/2746 4404/881/4395 4407/884/4398 2754/904/2745
f 4413/577/4404 4414/151/4405 4417/151/4408 4416/150/4407
f 4414/151/4405 4415/153/4406 4418/578/4409 4417/151/4408
f 4416/150/4407 4417/151/4408 4420/155/4411 4419/577/4410
f 4417/151/4408 4418/578/4409 4421/153/4412 4420/155/4411
f 353/33/353 1562/150/1560 4413/577/4404 2251/88/2247
f 1562/150/1560 1563/151/1561 4414/151/4405 4413/577/4404
f 1563/151/1561 1564/152/1562 4415/153/4406 4414/151/4405
f 1564/152/1562 242/156/242 1610/211/1607 4415/153/4406
f 4415/153/4406 1610/211/1607 1611/157/1608 4418/578/4409
f 4418/578/4409 1611/157/1608 1612/211/1609 4421/153/4412
f 4421/153/4412 1612/211/1609 243/156/243 1567/152/1565
f 4420/155/4411 4421/153/4412 1567/152/1565 1566/151/1564
f 4419/577/4410 4420/155/4411 1566/151/1564 1565/150/1563
f 2249/39/2245 4419/577/4410 1565/150/1563 354/33/354
f 2250/39/2246 4416/150/4407 4419/577/4410 2249/39/2245
f 2251/88/2247 4413/577/4404 4416/150/4407 2250/39/2246
f 4422/905/4413 4423/906/4414 4426/907/4417 4425/908/4416
f 4423/906/4414 4424/165/4415 4427/909/4418 4426/907/4417
f 4425/908/4416 4426/907/4417 4429/910/4420 4428/911/4419
f 4426/907/4417 4427/909/4418 4430/912/4421 4429/910/4420
f 252/167/252 2168/913/2164 4422/905/4413 2243/667/2239
f 2168/913/2164 2169/914/2165 4423/906/4414 4422/905/4413
f 2169/914/2165 2170/915/2166 4424/165/4415 4423/906/4414
f 2170/915/2166 343/181/343 2246/916/2242 4424/165/4415
f 4424/165/4415 2246/916/2242 2247/917/2243 4427/909/4418
f 4427/909/4418 2247/917/2243 2248/918/2244 4430/912/4421
f 4430/912/4421 2248/918/2244 341/919/341 1484/920/1482
f 4429/910/4420 4430/912/4421 1484/920/1482 1485/921/1483
f 4428/911/4419 4429/910/4420 1485/921/1483 1486/173/1484
f 2245/675/2241 4428/911/4419 1486/173/1484 235/922/235
f 2244/923/2240 4425/908/4416 4428/911/4419 2245/675/2241
f 2243/667/2239 4422/905/4413 4425/908/4416 2244/923/2240
f 4431/213/4422 4432/185/4423 4435/192/4426 4434/184/4425
f 4432/185/4423 4433/187/4424 4436/187/4427 4435/192/4426
f 4434/184/4425 4435/192/4426 4438/185/4429 4437/183/4428
f 4435/192/4426 4436/187/4427 4439/187/4430 4438/185/4429
f 337/189/337 2113/191/2109 4431/213/4422 2158/215/2154
f 2113/191/2109 2112/185/2108 4432/185/4423 4431/213/4422
f 2112/185/2108 2111/217/2107 4433/187/4424 4432/185/4423
f 2111/217/2107 247/156/247 1600/211/247 4433/187/4424
f 4433/187/4424 1600/211/247 1599/211/1597 4436/187/4427
f 4436/187/4427 1599/211/1597 1598/157/1596 4439/187/4430
f 4439/187/4430 1598/157/1596 248/156/248 2114/217/2110
f 4438/185/4429 4439/187/4430 2114/217/2110 2115/185/2111
f 4437/183/4428 4438/185/4429 2115/185/2111 2116/191/2112
f 2156/190/2152 4437/183/4428 2116/191/2112 338/189/338
f 2157/190/2153 4434/184/4425 4437/183/4428 2156/190/2152
f 2158/215/2154 4431/213/4422 4434/184/4425 2157/190/2153
f 4440/213/4431 4441/185/4432 4444/192/4435 4443/184/4434
f 4441/185/4432 4442/187/4433 4445/187/4436 4444/192/4435
f 4443/184/4434 4444/192/4435 4447/185/4438 4446/183/4437
f 4444/192/4435 4445/187/4436 4448/187/4439 4447/185/4438
f 336/189/336 2110/191/2106 4440/213/4431 2155/215/2151
f 2110/191/2106 2109/185/2105 4441/185/4432 4440/213/4431
f 2109/185/2105 2108/217/2104 4442/187/4433 4441/185/4432
f 2108/217/2104 246/156/246 1603/211/1600 4442/187/4433
f 4442/187/4433 1603/211/1600 1602/211/1599 4445/187/4436
f 4445/187/4436 1602/211/1599 1601/157/1598 4448/187/4439
f 4448/187/4439 1601/157/1598 247/156/247 2111/217/2107
f 4447/185/4438 4448/187/4439 2111/217/2107 2112/185/2108
f 4446/183/4437 4447/185/4438 2112/185/2108 2113/191/2109
f 2153/190/2149 4446/183/4437 2113/191/2109 337/189/337
f 2154/190/2150 4443/184/4434 4446/183/4437 2153/190/2149
f 2155/215/2151 4440/213/4431 4443/184/4434 2154/190/2150
f 4449/213/4440 4450/185/4441 4453/192/4444 4452/184/4443
f 4450/185/4441 4451/187/4442 4454/187/4445 4453/192/4444
f 4452/184/4443 4453/192/4444 4456/185/4447 4455/183/4446
f 4453/192/4444 4454/187/4445 4457/187/4448 4456/185/4447
f 339/189/339 2119/191/2115 4449/213/4440 2152/215/2148
f 2119/191/2115 2118/185/2114 4450/185/4441 4449/213/4440
f 2118/185/2114 2117/217/2113 4451/187/4442 4450/185/4441
f 2117/217/2113 250/156/250 1606/211/1603 4451/187/4442
f 4451/187/4442 1606/211/1603 1605/211/1602 4454/187/4445
f 4454/187/4445 1605/211/1602 1604/157/1601 4457/187/4448
f 4457/187/4448 1604/157/1601 246/156/246 2108/217/2104
f 4456/185/4447 4457/187/4448 2108/217/2104 2109/185/2105
f 4455/183/4446 4456/185/4447 2109/185/2105 2110/191/2106
f 2150/190/2146 4455/183/4446 2110/191/2106 336/189/336
f 2151/190/2147 4452/184/4443 4455/183/4446 2150/190/2146
f 2152/215/2148 4449/213/4440 4452/184/4443 2151/190/2147
f 4458/213/4449 4459/213/4450 4462/192/4453 4461/192/4452
f 4459/213/4450 4460/184/4451 4463/384/4454 4462/192/4453
f 4461/192/4452 4462/192/4453 4465/187/4456 4464/217/4455
f 4462/192/4453 4463/384/4454 4466/187/4457 4465/187/4456
f 325/189/325 2147/215/2143 4458/213/4449 2086/191/2082
f 2147/215/2143 2148/190/2144 4459/213/4450 4458/213/4449
f 2148/190/2144 2149/215/2145 4460/184/4451 4459/213/4450
f 2149/215/2145 334/190/334 2104/213/2100 4460/184/4451
f 4460/184/4451 2104/213/2100 2103/192/2099 4463/384/4454
f 4463/384/4454 2103/192/2099 2102/187/2098 4466/187/4457
f 4466/187/4457 2102/187/2098 244/211/244 1609/156/1606
f 4465/187/4456 4466/187/4457 1609/156/1606 1608/211/1605
f 4464/217/4455 4465/187/4456 1608/211/1605 1607/157/1604
f 2084/217/2080 4464/217/4455 1607/157/1604 238/156/238
f 2085/185/2081 4461/192/4452 4464/217/4455 2084/217/2080
f 2086/191/2082 4458/213/4449 4461/192/4452 2085/185/2081
f 4467/213/4458 4468/185/4459 4471/192/4462 4470/184/4461
f 4468/185/4459 4469/187/4460 4472/187/4463 4471/192/4462
f 4470/184/4461 4471/192/4462 4474/185/4465 4473/183/4464
f 4471/192/4462 4472/187/4463 4475/187/4466 4474/185/4465
f 340/189/340 2122/191/2118 4467/213/4458 2146/215/2142
f 2122/191/2118 2121/185/2117 4468/185/4459 4467/213/4458
f 2121/185/2117 2120/217/2116 4469/187/4460 4468/185/4459
f 2120/217/2116 249/156/249 1594/211/1592 4469/187/4460
f 4469/187/4460 1594/211/1592 1593/211/1591 4472/187/4463
f 4472/187/4463 1593/211/1591 1592/157/1590 4475/187/4466
f 4475/187/4466 1592/157/1590 243/156/243 2099/217/2095
f 4474/185/4465 4475/187/4466 2099/217/2095 2100/185/2096
f 4473/183/4464 4474/185/4465 2100/185/2096 2101/191/2097
f 2144/190/2140 4473/183/4464 2101/191/2097 333/189/333
f 2145/190/2141 4470/184/4461 4473/183/4464 2144/190/2140
f 2146/215/2142 4467/213/4458 4470/184/4461 2145/190/2141
f 4476/183/4467 4477/184/4468 4480/185/4471 4479/185/4470
f 4477/184/4468 4478/183/4469 4481/186/4472 4480/185/4471
f 4479/185/4470 4480/185/4471 4483/187/4474 4482/188/4473
f 4480/185/4471 4481/186/4472 4484/187/4475 4483/187/4474
f 331/189/331 2141/190/2137 4476/183/4467 2095/191/2091
f 2141/190/2137 2142/189/2138 4477/184/4468 4476/183/4467
f 2142/189/2138 2143/189/2139 4478/183/4469 4477/184/4468
f 2143/189/2139 332/189/332 2098/191/2094 4478/183/4469
f 4478/183/4469 2098/191/2094 2097/192/2093 4481/186/4472
f 4481/186/4472 2097/192/2093 2096/188/2092 4484/187/4475
f 4484/187/4475 2096/188/2092 242/156/242 1615/157/1612
f 4483/187/4474 4484/187/4475 1615/157/1612 1614/157/1611
f 4482/188/4473 4483/187/4474 1614/157/1611 1613/157/1610
f 2093/188/2089 4482/188/4473 1613/157/1610 241/156/241
f 2094/192/2090 4479/185/4470 4482/188/4473 2093/188/2089
f 2095/191/2091 4476/183/4467 4479/185/4470 2094/192/2090
f 4485/183/4476 4486/184/4477 4489/185/4480 4488/185/4479
f 4486/184/4477 4487/183/4478 4490/186/4481 4489/185/4480
f 4488/185/4479 4489/185/4480 4492/187/4483 4491/188/4482
f 4489/185/4480 4490/186/4481 4493/187/4484 4492/187/4483
f 330/189/330 2138/190/2134 4485/183/4476 2092/191/2088
f 2138/190/2134 2139/189/2135 4486/184/4477 4485/183/4476
f 2139/189/2135 2140/189/2136 4487/183/4478 4486/184/4477
f 2140/189/2136 331/189/331 2095/191/2091 4487/183/4478
f 4487/183/4478 2095/191/2091 2094/192/2090 4490/186/4481
f 4490/186/4481 2094/192/2090 2093/188/2089 4493/187/4484
f 4493/187/4484 2093/188/2089 241/156/241 1618/157/1615
f 4492/187/4483 4493/187/4484 1618/157/1615 1617/157/1614
f 4491/188/4482 4492/187/4483 1617/157/1614 1616/157/1613
f 2090/188/2086 4491/188/4482 1616/157/1613 240/156/240
f 2091/192/2087 4488/185/4479 4491/188/4482 2090/188/2086
f 2092/191/2088 4485/183/4476 4488/185/4479 2091/192/2087
f 4494/183/4485 4495/184/4486 4498/185/4489 4497/185/4488
f 4495/184/4486 4496/183/4487 4499/186/4490 4498/185/4489
f 4497/185/4488 4498/185/4489 4501/187/4492 4500/188/4491
f 4498/185/4489 4499/186/4490 4502/187/4493 4501/187/4492
f 329/189/329 2135/190/2131 4494/183/4485 2089/191/2085
f 2135/190/2131 2136/189/2132 4495/184/4486 4494/183/4485
f 2136/189/2132 2137/189/2133 4496/183/4487 4495/184/4486
f 2137/189/2133 330/189/330 2092/191/2088 4496/183/4487
f 4496/183/4487 2092/191/2088 2091/192/2087 4499/186/4490
f 4499/186/4490 2091/192/2087 2090/188/2086 4502/187/4493
f 4502/187/4493 2090/188/2086 240/156/240 1621/157/1618
f 4501/187/4492 4502/187/4493 1621/157/1618 1620/157/1617
f 4500/188/4491 4501/187/4492 1620/157/1617 1619/157/1616
f 2087/188/2083 4500/188/4491 1619/157/1616 239/156/239
f 2088/192/2084 4497/185/4488 4500/188/4491 2087/188/2083
f 2089/191/2085 4494/183/4485 4497/185/4488 2088/192/2084
f 4504/924/4495 4505/925/4496 4503/926/4494 4513/927/4504
f 4506/928/4497 4507/929/4498 4503/926/4494 4505/930/4496
f 4508/931/4499 4509/932/4500 4503/926/4494 4507/929/4498
f 4510/933/4501 4511/934/4502 4503/926/4494 4509/935/4500
f 4512/936/4503 4513/937/4504 4503/926/4494 4511/938/4502
f 344/939/344 2186/235/2182 4504/924/4495 2179/940/2175
f 2186/235/2182 2187/941/2183 4505/925/4496 4504/924/4495
f 2179/940/2175 4504/924/4495 4513/927/4504 2178/942/2174
f 345/251/345 2182/943/2178 4506/928/4497 2188/944/2184
f 2182/943/2178 2181/945/2177 4507/929/4498 4506/928/4497
f 2188/944/2184 4506/928/4497 4505/930/4496 2187/254/2183
f 199/700/199 1540/946/1538 4508/931/4499 2180/947/2176
f 1540/946/1538 1539/948/1537 4509/932/4500 4508/931/4499
f 2180/947/2176 4508/931/4499 4507/929/4498 2181/945/2177
f 229/949/229 1537/950/1535 4510/933/4501 1538/951/1536
f 1537/950/1535 1536/952/1534 4511/934/4502 4510/933/4501
f 1538/951/1536 4510/933/4501 4509/935/4500 1539/948/1537
f 231/953/231 2177/954/2173 4512/936/4503 1535/955/1533
f 2177/954/2173 2178/942/2174 4513/937/4504 4512/936/4503
f 1535/955/1533 4512/936/4503 4511/938/4502 1536/952/1534
f 4514/956/4505 4515/957/4506 4518/958/4509 4517/959/4508
f 4515/957/4506 4516/960/4507 4519/961/4510 4518/958/4509
f 4517/959/4508 4518/958/4509 4521/962/4512 4520/963/4511
f 4518/958/4509 4519/961/4510 4522/964/4513 4521/962/4512
f 325/189/325 2086/191/2082 4514/956/4505 2185/965/2181
f 2086/191/2082 2085/185/2081 4515/957/4506 4514/956/4505
f 2085/185/2081 2084/217/2080 4516/960/4507 4515/957/4506
f 2084/217/2080 238/156/238 1627/966/1624 4516/960/4507
f 4516/960/4507 1627/966/1624 1626/967/1623 4519/961/4510
f 4519/961/4510 1626/967/1623 1625/968/1622 4522/964/4513
f 4522/964/4513 1625/968/1622 251/271/251 1633/969/1630
f 4521/962/4512 4522/964/4513 1633/969/1630 1632/544/1629
f 4520/963/4511 4521/962/4512 1632/544/1629 1631/970/1628
f 2183/971/2179 4520/963/4511 1631/970/1628 344/546/344
f 2184/972/2180 4517/959/4508 4520/963/4511 2183/971/2179
f 2185/965/2181 4514/956/4505 4517/959/4508 2184/972/2180
f 4524/973/4515 4525/974/4516 4523/975/4514 4529/976/4520
f 4526/977/4517 4527/978/4518 4523/975/4514 4525/979/4516
f 4528/980/4519 4529/981/4520 4523/975/4514 4527/982/4518
f 349/33/349 2206/99/2202 4524/973/4515 2302/983/2298
f 2206/99/2202 2205/105/2201 4525/974/4516 4524/973/4515
f 2302/983/2298 4524/973/4515 4529/976/4520 2301/984/2297
f 200/104/200 1636/985/1633 4526/977/4517 2204/103/2200
f 1636/985/1633 1635/986/1632 4527/978/4518 4526/977/4517
f 2204/103/2200 4526/977/4517 4525/979/4516 2205/605/2201
f 365/869/365 2300/987/2296 4528/980/4519 1634/988/1631
f 2300/987/2296 2301/984/2297 4529/981/4520 4528/980/4519
f 1634/988/1631 4528/980/4519 4527/982/4518 1635/872/1632
f 4531/989/4522 4532/990/4523 4530/991/4521 4536/992/4527
f 4533/993/4524 4534/994/4525 4530/991/4521 4532/995/4523
f 4535/996/4526 4536/992/4527 4530/991/4521 4534/997/4525
f 364/998/364 2306/668/2302 4531/989/4522 2293/999/2289
f 2306/668/2302 2307/1000/2303 4532/990/4523 4531/989/4522
f 2293/999/2289 4531/989/4522 4536/992/4527 2292/1001/2288
f 362/1002/362 1490/1003/1488 4533/993/4524 2308/312/2304
f 1490/1003/1488 1491/1004/1489 4534/994/4525 4533/993/4524
f 2308/312/2304 4533/993/4524 4532/995/4523 2307/1005/2303
f 218/855/218 2291/1006/2287 4535/996/4526 1492/1007/1490
f 2291/1006/2287 2292/1008/2288 4536/992/4527 4535/996/4526
f 1492/1007/1490 4535/996/4526 4534/997/4525 1491/1009/1489
f 4537/183/4528 4538/184/4529 4541/185/4532 4540/185/4531
f 4538/184/4529 4539/183/4530 4542/186/4533 4541/185/4532
f 4540/185/4531 4541/185/4532 4544/187/4535 4543/188/4534
f 4541/185/4532 4542/186/4533 4545/187/4536 4544/187/4535
f 334/189/334 2132/190/2128 4537/183/4528 2104/191/2100
f 2132/190/2128 2133/189/2129 4538/184/4529 4537/183/4528
f 2133/189/2129 2134/189/2130 4539/183/4530 4538/184/4529
f 2134/189/2130 329/189/329 2089/191/2085 4539/183/4530
f 4539/183/4530 2089/191/2085 2088/192/2084 4542/186/4533
f 4542/186/4533 2088/192/2084 2087/188/2083 4545/187/4536
f 4545/187/4536 2087/188/2083 239/156/239 1624/157/1621
f 4544/187/4535 4545/187/4536 1624/157/1621 1623/157/1620
f 4543/188/4534 4544/187/4535 1623/157/1620 1622/157/1619
f 2102/188/2098 4543/188/4534 1622/157/1619 244/156/244
f 2103/192/2099 4540/185/4531 4543/188/4534 2102/188/2098
f 2104/191/2100 4537/183/4528 4540/185/4531 2103/192/2099
f 4547/1010/4538 4548/1011/4539 4546/1012/4537 4556/1013/4547
f 4549/1014/4540 4550/1015/4541 4546/1012/4537 4548/1016/4539
f 4551/1017/4542 4552/1018/4543 4546/1012/4537 4550/1015/4541
f 4553/1019/4544 4554/1020/4545 4546/1012/4537 4552/1021/4543
f 4555/1022/4546 4556/1013/4547 4546/1012/4537 4554/1023/4545
f 233/1024/233 1645/1025/1642 4547/1010/4538 1901/1026/1897
f 1645/1025/1642 1644/1027/1641 4548/1011/4539 4547/1010/4538
f 1901/1026/1897 4547/1010/4538 4556/1013/4547 1902/1028/1898
f 234/1029/234 1909/1030/1905 4549/1014/4540 1643/1031/1640
f 1909/1030/1905 1908/1032/1904 4550/1015/4541 4549/1014/4540
f 1643/1031/1640 4549/1014/4540 4548/1016/4539 1644/1033/1641
f 343/692/343 2173/1034/2169 4551/1017/4542 1907/1035/1903
f 2173/1034/2169 2172/1036/2168 4552/1018/4543 4551/1017/4542
f 1907/1035/1903 4551/1017/4542 4550/1015/4541 1908/1032/1904
f 335/1037/335 1889/1038/1885 4553/1019/4544 2171/1039/2167
f 1889/1038/1885 1890/1040/1886 4554/1020/4545 4553/1019/4544
f 2171/1039/2167 4553/1019/4544 4552/1021/4543 2172/1041/2168
f 215/383/215 1903/1042/1899 4555/1022/4546 1891/1043/1887
f 1903/1042/1899 1902/1028/1898 4556/1013/4547 4555/1022/4546
f 1891/1043/1887 4555/1022/4546 4554/1023/4545 1890/1040/1886
f 4557/1044/4548 4558/1045/4549 4561/1046/4552 4560/1047/4551
f 4558/1045/4549 4559/1048/4550 4562/1049/4553 4561/1046/4552
f 4560/1047/4551 4561/1046/4552 4564/1050/4555 4563/1051/4554
f 4561/1046/4552 4562/1049/4553 4565/1052/4556 4564/1050/4555
f 409/801/409 2839/1053/2830 4557/1044/4548 2201/1054/2197
f 2839/1053/2830 2838/1055/2829 4558/1045/4549 4557/1044/4548
f 2838/1055/2829 2837/1056/2828 4559/1048/4550 4558/1045/4549
f 2837/1056/2828 410/1057/410 2824/1058/2815 4559/1048/4550
f 4559/1048/4550 2824/1058/2815 2823/1059/2814 4562/1049/4553
f 4562/1049/4553 2823/1059/2814 2822/1060/2813 4565/1052/4556
f 4565/1052/4556 2822/1060/2813 196/143/196 1441/144/1439
f 4564/1050/4555 4565/1052/4556 1441/144/1439 1440/145/1438
f 4563/1051/4554 4564/1050/4555 1440/145/1438 1439/146/1437
f 2203/1061/2199 4563/1051/4554 1439/146/1437 347/75/347
f 2202/804/2198 4560/1047/4551 4563/1051/4554 2203/1061/2199
f 2201/1054/2197 4557/1044/4548 4560/1047/4551 2202/804/2198
f 4566/86/4557 4567/86/4558 4570/86/4561 4569/86/4560
f 4567/86/4558 4568/86/4559 4571/86/4562 4570/86/4561
f 4569/86/4560 4570/86/4561 4573/86/4564 4572/86/4563
f 4570/86/4561 4571/86/4562 4574/86/4565 4573/86/4564
f 311/86/311 2018/86/2014 4566/86/4557 1981/86/1977
f 2018/86/2014 2019/86/2015 4567/86/4558 4566/86/4557
f 2019/86/2015 2020/86/2016 4568/86/4559 4567/86/4558
f 2020/86/2016 310/86/310 1978/86/1974 4568/86/4559
f 4568/86/4559 1978/86/1974 1977/86/1973 4571/86/4562
f 4571/86/4562 1977/86/1973 1976/86/1972 4574/86/4565
f 4574/86/4565 1976/86/1972 262/86/262 1660/86/1657
f 4573/86/4564 4574/86/4565 1660/86/1657 1659/86/1656
f 4572/86/4563 4573/86/4564 1659/86/1656 1658/86/1655
f 1979/86/1975 4572/86/4563 1658/86/1655 263/86/263
f 1980/86/1976 4569/86/4560 4572/86/4563 1979/86/1975
f 1981/86/1977 4566/86/4557 4569/86/4560 1980/86/1976
f 4575/86/4566 4576/86/4567 4579/86/4570 4578/86/4569
f 4576/86/4567 4577/86/4568 4580/86/4571 4579/86/4570
f 4578/86/4569 4579/86/4570 4582/86/4573 4581/86/4572
f 4579/86/4570 4580/86/4571 4583/86/4574 4582/86/4573
f 316/86/316 2015/86/2011 4575/86/4566 1996/86/1992
f 2015/86/2011 2016/86/2012 4576/86/4567 4575/86/4566
f 2016/86/2012 2017/86/2013 4577/86/4568 4576/86/4567
f 2017/86/2013 311/86/311 1981/86/1977 4577/86/4568
f 4577/86/4568 1981/86/1977 1980/86/1976 4580/86/4571
f 4580/86/4571 1980/86/1976 1979/86/1975 4583/86/4574
f 4583/86/4574 1979/86/1975 263/86/263 1723/86/1720
f 4582/86/4573 4583/86/4574 1723/86/1720 1722/86/1719
f 4581/86/4572 4582/86/4573 1722/86/1719 1721/86/1718
f 1994/86/1990 4581/86/4572 1721/86/1718 266/86/266
f 1995/86/1991 4578/86/4569 4581/86/4572 1994/86/1990
f 1996/86/1992 4575/86/4566 4578/86/4569 1995/86/1991
f 4584/86/4575 4585/86/4576 4588/86/4579 4587/86/4578
f 4585/86/4576 4586/86/4577 4589/86/4580 4588/86/4579
f 4587/86/4578 4588/86/4579 4591/86/4582 4590/86/4581
f 4588/86/4579 4589/86/4580 4592/86/4583 4591/86/4582
f 312/86/312 2012/86/2008 4584/86/4575 1984/86/1980
f 2012/86/2008 2013/86/2009 4585/86/4576 4584/86/4575
f 2013/86/2009 2014/86/2010 4586/86/4577 4585/86/4576
f 2014/86/2010 315/86/315 1993/86/1989 4586/86/4577
f 4586/86/4577 1993/86/1989 1992/86/1988 4589/86/4580
f 4589/86/4580 1992/86/1988 1991/86/1987 4592/86/4583
f 4592/86/4583 1991/86/1987 267/86/267 1708/86/1705
f 4591/86/4582 4592/86/4583 1708/86/1705 1707/86/1704
f 4590/86/4581 4591/86/4582 1707/86/1704 1706/86/1703
f 1982/86/1978 4590/86/4581 1706/86/1703 270/86/270
f 1983/86/1979 4587/86/4578 4590/86/4581 1982/86/1978
f 1984/86/1980 4584/86/4575 4587/86/4578 1983/86/1979
f 4593/86/4584 4594/86/4585 4597/86/4588 4596/86/4587
f 4594/86/4585 4595/86/4586 4598/86/4589 4597/86/4588
f 4596/86/4587 4597/86/4588 4600/86/4591 4599/86/4590
f 4597/86/4588 4598/86/4589 4601/86/4592 4600/86/4591
f 313/86/313 2009/86/2005 4593/86/4584 1987/86/1983
f 2009/86/2005 2010/86/2006 4594/86/4585 4593/86/4584
f 2010/86/2006 2011/86/2007 4595/86/4586 4594/86/4585
f 2011/86/2007 314/86/314 1990/86/1986 4595/86/4586
f 4595/86/4586 1990/86/1986 1989/86/1985 4598/86/4589
f 4598/86/4589 1989/86/1985 1988/86/1984 4601/86/4592
f 4601/86/4592 1988/86/1984 271/86/271 1699/86/1696
f 4600/86/4591 4601/86/4592 1699/86/1696 1698/86/1695
f 4599/86/4590 4600/86/4591 1698/86/1695 1697/86/1694
f 1985/86/1981 4599/86/4590 1697/86/1694 273/86/273
f 1986/86/1982 4596/86/4587 4599/86/4590 1985/86/1981
f 1987/86/1983 4593/86/4584 4596/86/4587 1986/86/1982
f 4602/86/4593 4603/86/4594 4606/86/4597 4605/86/4596
f 4603/86/4594 4604/86/4595 4607/86/4598 4606/86/4597
f 4605/86/4596 4606/86/4597 4609/86/4600 4608/86/4599
f 4606/86/4597 4607/86/4598 4610/86/4601 4609/86/4600
f 314/86/314 2006/86/2002 4602/86/4593 1990/86/1986
f 2006/86/2002 2007/86/2003 4603/86/4594 4602/86/4593
f 2007/86/2003 2008/86/2004 4604/86/4595 4603/86/4594
f 2008/86/2004 312/86/312 1984/86/1980 4604/86/4595
f 4604/86/4595 1984/86/1980 1983/86/1979 4607/86/4598
f 4607/86/4598 1983/86/1979 1982/86/1978 4610/86/4601
f 4610/86/4601 1982/86/1978 270/86/270 1705/86/1702
f 4609/86/4600 4610/86/4601 1705/86/1702 1704/86/1701
f 4608/86/4599 4609/86/4600 1704/86/1701 1703/86/1700
f 1988/86/1984 4608/86/4599 1703/86/1700 271/86/271
f 1989/86/1985 4605/86/4596 4608/86/4599 1988/86/1984
f 1990/86/1986 4602/86/4593 4605/86/4596 1989/86/1985
f 4611/86/4602 4612/86/4603 4615/86/4606 4614/86/4605
f 4612/86/4603 4613/86/4604 4616/86/4607 4615/86/4606
f 4614/86/4605 4615/86/4606 4618/86/4609 4617/86/4608
f 4615/86/4606 4616/86/4607 4619/86/4610 4618/86/4609
f 315/86/315 2003/86/1999 4611/86/4602 1993/86/1989
f 2003/86/1999 2004/86/2000 4612/86/4603 4611/86/4602
f 2004/86/2000 2005/86/2001 4613/86/4604 4612/86/4603
f 2005/86/2001 316/86/316 1996/86/1992 4613/86/4604
f 4613/86/4604 1996/86/1992 1995/86/1991 4616/86/4607
f 4616/86/4607 1995/86/1991 1994/86/1990 4619/86/4610
f 4619/86/4610 1994/86/1990 266/86/266 1693/86/1690
f 4618/86/4609 4619/86/4610 1693/86/1690 1692/86/1689
f 4617/86/4608 4618/86/4609 1692/86/1689 1691/86/1688
f 1991/86/1987 4617/86/4608 1691/86/1688 267/86/267
f 1992/86/1988 4614/86/4605 4617/86/4608 1991/86/1987
f 1993/86/1989 4611/86/4602 4614/86/4605 1992/86/1988
f 4620/86/4611 4621/86/4612 4624/86/4615 4623/86/4614
f 4621/86/4612 4622/86/4613 4625/86/4616 4624/86/4615
f 4623/86/4614 4624/86/4615 4627/86/4618 4626/86/4617
f 4624/86/4615 4625/86/4616 4628/86/4619 4627/86/4618
f 310/86/310 2000/86/1996 4620/86/4611 1978/86/1974
f 2000/86/1996 2001/86/1997 4621/86/4612 4620/86/4611
f 2001/86/1997 2002/86/1998 4622/86/4613 4621/86/4612
f 2002/86/1998 308/86/308 1972/86/1968 4622/86/4613
f 4622/86/4613 1972/86/1968 1971/86/1967 4625/86/4616
f 4625/86/4616 1971/86/1967 1970/86/1966 4628/86/4619
f 4628/86/4619 1970/86/1966 259/86/259 1657/86/1654
f 4627/86/4618 4628/86/4619 1657/86/1654 1656/86/1653
f 4626/86/4617 4627/86/4618 1656/86/1653 1655/86/1652
f 1976/86/1972 4626/86/4617 1655/86/1652 262/86/262
f 1977/86/1973 4623/86/4614 4626/86/4617 1976/86/1972
f 1978/86/1974 4620/86/4611 4623/86/4614 1977/86/1973
f 4629/86/4620 4630/86/4621 4633/86/4624 4632/86/4623
f 4630/86/4621 4631/86/4622 4634/86/4625 4633/86/4624
f 4632/86/4623 4633/86/4624 4636/86/4627 4635/86/4626
f 4633/86/4624 4634/86/4625 4637/86/4628 4636/86/4627
f 420/86/420 2884/86/2875 4629/86/4620 2900/86/2891
f 2884/86/2875 2883/86/2874 4630/86/4621 4629/86/4620
f 2883/86/2874 2882/86/2873 4631/86/4622 4630/86/4621
f 2882/86/2873 253/86/253 1666/86/1663 4631/86/4622
f 4631/86/4622 1666/86/1663 1665/86/1662 4634/86/4625
f 4634/86/4625 1665/86/1662 1664/86/1661 4637/86/4628
f 4637/86/4628 1664/86/1661 317/86/317 2029/86/2025
f 4636/86/4627 4637/86/4628 2029/86/2025 2028/86/2024
f 4635/86/4626 4636/86/4627 2028/86/2024 2027/86/2023
f 2902/86/2893 4635/86/4626 2027/86/2023 418/86/418
f 2901/86/2892 4632/86/4623 4635/86/4626 2902/86/2893
f 2900/86/2891 4629/86/4620 4632/86/4623 2901/86/2892
f 4638/86/4629 4639/86/4630 4642/86/4633 4641/86/4632
f 4639/86/4630 4640/86/4631 4643/86/4634 4642/86/4633
f 4641/86/4632 4642/86/4633 4645/86/4636 4644/86/4635
f 4642/86/4633 4643/86/4634 4646/86/4637 4645/86/4636
f 429/86/429 1997/86/1993 4638/86/4629 2960/86/2951
f 1997/86/1993 1998/86/1994 4639/86/4630 4638/86/4629
f 1998/86/1994 1999/86/1995 4640/86/4631 4639/86/4630
f 1999/86/1995 309/86/309 1975/86/1971 4640/86/4631
f 4640/86/4631 1975/86/1971 1974/86/1970 4643/86/4634
f 4643/86/4634 1974/86/1970 1973/86/1969 4646/86/4637
f 4646/86/4637 1973/86/1969 258/86/258 1822/86/1818
f 4645/86/4636 4646/86/4637 1822/86/1818 1821/86/1817
f 4644/86/4635 4645/86/4636 1821/86/1817 1820/86/1816
f 2962/86/2953 4644/86/4635 1820/86/1816 426/86/426
f 2961/86/2952 4641/86/4632 4644/86/4635 2962/86/2953
f 2960/86/2951 4638/86/4629 4641/86/4632 2961/86/2952
f 4647/86/4638 4648/86/4639 4651/86/4642 4650/86/4641
f 4648/86/4639 4649/86/4640 4652/86/4643 4651/86/4642
f 4650/86/4641 4651/86/4642 4654/86/4645 4653/86/4644
f 4651/86/4642 4652/86/4643 4655/86/4646 4654/86/4645
f 313/86/313 2045/86/2041 4647/86/4638 1745/86/1742
f 2045/86/2041 2046/86/2042 4648/86/4639 4647/86/4638
f 2046/86/2042 2047/86/2043 4649/86/4640 4648/86/4639
f 2047/86/2043 321/86/321 1793/86/1789 4649/86/4640
f 4649/86/4640 1793/86/1789 1794/86/1790 4652/86/4643
f 4652/86/4643 1794/86/1790 1795/86/1791 4655/86/4646
f 4655/86/4646 1795/86/1791 288/86/288 1784/86/1780
f 4654/86/4645 4655/86/4646 1784/86/1780 1785/86/1781
f 4653/86/4644 4654/86/4645 1785/86/1781 1786/86/1782
f 1747/86/1744 4653/86/4644 1786/86/1782 282/86/282
f 1746/86/1743 4650/86/4641 4653/86/4644 1747/86/1744
f 1745/86/1742 4647/86/4638 4650/86/4641 1746/86/1743
f 4656/86/4647 4657/86/4648 4660/86/4651 4659/86/4650
f 4657/86/4648 4658/86/4649 4661/86/4652 4660/86/4651
f 4659/86/4650 4660/86/4651 4663/86/4654 4662/86/4653
f 4660/86/4651 4661/86/4652 4664/86/4655 4663/86/4654
f 301/86/301 1964/86/1960 4656/86/4647 1927/86/1923
f 1964/86/1960 1965/86/1961 4657/86/4648 4656/86/4647
f 1965/86/1961 1966/86/1962 4658/86/4649 4657/86/4648
f 1966/86/1962 300/86/300 1924/86/1920 4658/86/4649
f 4658/86/4649 1924/86/1920 1923/86/1919 4661/86/4652
f 4661/86/4652 1923/86/1919 1922/86/1918 4664/86/4655
f 4664/86/4655 1922/86/1918 278/86/278 1759/86/1756
f 4663/86/4654 4664/86/4655 1759/86/1756 1758/86/1755
f 4662/86/4653 4663/86/4654 1758/86/1755 1757/86/1754
f 1925/86/1921 4662/86/4653 1757/86/1754 279/86/279
f 1926/86/1922 4659/86/4650 4662/86/4653 1925/86/1921
f 1927/86/1923 4656/86/4647 4659/86/4650 1926/86/1922
f 4665/86/4656 4666/86/4657 4669/86/4660 4668/86/4659
f 4666/86/4657 4667/86/4658 4670/86/4661 4669/86/4660
f 4668/86/4659 4669/86/4660 4672/86/4663 4671/86/4662
f 4669/86/4660 4670/86/4661 4673/86/4664 4672/86/4663
f 306/86/306 1961/86/1957 4665/86/4656 1942/86/1938
f 1961/86/1957 1962/86/1958 4666/86/4657 4665/86/4656
f 1962/86/1958 1963/86/1959 4667/86/4658 4666/86/4657
f 1963/86/1959 307/86/307 1945/86/1941 4667/86/4658
f 4667/86/4658 1945/86/1941 1944/86/1940 4670/86/4661
f 4670/86/4661 1944/86/1940 1943/86/1939 4673/86/4664
f 4673/86/4664 1943/86/1939 285/86/285 1762/86/1759
f 4672/86/4663 4673/86/4664 1762/86/1759 1761/86/1758
f 4671/86/4662 4672/86/4663 1761/86/1758 1760/86/1757
f 1940/86/1936 4671/86/4662 1760/86/1757 284/86/284
f 1941/86/1937 4668/86/4659 4671/86/4662 1940/86/1936
f 1942/86/1938 4665/86/4656 4668/86/4659 1941/86/1937
f 4674/86/4665 4675/86/4666 4678/86/4669 4677/86/4668
f 4675/86/4666 4676/86/4667 4679/86/4670 4678/86/4669
f 4677/86/4668 4678/86/4669 4681/86/4672 4680/86/4671
f 4678/86/4669 4679/86/4670 4682/86/4673 4681/86/4672
f 305/86/305 1958/86/1954 4674/86/4665 1939/86/1935
f 1958/86/1954 1959/86/1955 4675/86/4666 4674/86/4665
f 1959/86/1955 1960/86/1956 4676/86/4667 4675/86/4666
f 1960/86/1956 303/86/303 1933/86/1929 4676/86/4667
f 4676/86/4667 1933/86/1929 1932/86/1928 4679/86/4670
f 4679/86/4670 1932/86/1928 1931/86/1927 4682/86/4673
f 4682/86/4673 1931/86/1927 281/86/281 1765/86/1761
f 4681/86/4672 4682/86/4673 1765/86/1761 1764/86/1760
f 4680/86/4671 4681/86/4672 1764/86/1760 1763/86/283
f 1937/86/1933 4680/86/4671 1763/86/283 283/86/283
f 1938/86/1934 4677/86/4668 4680/86/4671 1937/86/1933
f 1939/86/1935 4674/86/4665 4677/86/4668 1938/86/1934
f 4683/86/4674 4684/86/4675 4687/86/4678 4686/86/4677
f 4684/86/4675 4685/86/4676 4688/86/4679 4687/86/4678
f 4686/86/4677 4687/86/4678 4690/86/4681 4689/86/4680
f 4687/86/4678 4688/86/4679 4691/86/4682 4690/86/4681
f 304/86/304 1955/86/1951 4683/86/4674 1936/86/1932
f 1955/86/1951 1956/86/1952 4684/86/4675 4683/86/4674
f 1956/86/1952 1957/86/1953 4685/86/4676 4684/86/4675
f 1957/86/1953 305/86/305 1939/86/1935 4685/86/4676
f 4685/86/4676 1939/86/1935 1938/86/1934 4688/86/4679
f 4688/86/4679 1938/86/1934 1937/86/1933 4691/86/4682
f 4691/86/4682 1937/86/1933 283/86/283 1768/86/1764
f 4690/86/4681 4691/86/4682 1768/86/1764 1767/86/1763
f 4689/86/4680 4690/86/4681 1767/86/1763 1766/86/1762
f 1934/86/1930 4689/86/4680 1766/86/1762 282/86/282
f 1935/86/1931 4686/86/4677 4689/86/4680 1934/86/1930
f 1936/86/1932 4683/86/4674 4686/86/4677 1935/86/1931
f 4692/86/4683 4693/86/4684 4696/86/4687 4695/86/4686
f 4693/86/4684 4694/86/4685 4697/86/4688 4696/86/4687
f 4695/86/4686 4696/86/4687 4699/86/4690 4698/86/4689
f 4696/86/4687 4697/86/4688 4700/86/4691 4699/86/4690
f 303/86/303 1952/86/1948 4692/86/4683 1933/86/1929
f 1952/86/1948 1953/86/1949 4693/86/4684 4692/86/4683
f 1953/86/1949 1954/86/1950 4694/86/4685 4693/86/4684
f 1954/86/1950 306/86/306 1942/86/1938 4694/86/4685
f 4694/86/4685 1942/86/1938 1941/86/1937 4697/86/4688
f 4697/86/4688 1941/86/1937 1940/86/1936 4700/86/4691
f 4700/86/4691 1940/86/1936 284/86/284 1771/86/1767
f 4699/86/4690 4700/86/4691 1771/86/1767 1770/86/1766
f 4698/86/4689 4699/86/4690 1770/86/1766 1769/86/1765
f 1931/86/1927 4698/86/4689 1769/86/1765 281/86/281
f 1932/86/1928 4695/86/4686 4698/86/4689 1931/86/1927
f 1933/86/1929 4692/86/4683 4695/86/4686 1932/86/1928
f 4701/86/4692 4702/86/4693 4705/86/4696 4704/86/4695
f 4702/86/4693 4703/86/4694 4706/86/4697 4705/86/4696
f 4704/86/4695 4705/86/4696 4708/86/4699 4707/86/4698
f 4705/86/4696 4706/86/4697 4709/86/4700 4708/86/4699
f 307/86/307 1949/86/1945 4701/86/4692 1945/86/1941
f 1949/86/1945 1950/86/1946 4702/86/4693 4701/86/4692
f 1950/86/1946 1951/86/1947 4703/86/4694 4702/86/4693
f 1951/86/1947 302/86/302 1930/86/1926 4703/86/4694
f 4703/86/4694 1930/86/1926 1929/86/1925 4706/86/4697
f 4706/86/4697 1929/86/1925 1928/86/1924 4709/86/4700
f 4709/86/4700 1928/86/1924 280/86/280 1774/86/1770
f 4708/86/4699 4709/86/4700 1774/86/1770 1773/86/1769
f 4707/86/4698 4708/86/4699 1773/86/1769 1772/86/1768
f 1943/86/1939 4707/86/4698 1772/86/1768 285/86/285
f 1944/86/1940 4704/86/4695 4707/86/4698 1943/86/1939
f 1945/86/1941 4701/86/4692 4704/86/4695 1944/86/1940
f 4710/86/4701 4711/86/4702 4714/86/4705 4713/86/4704
f 4711/86/4702 4712/86/4703 4715/86/4706 4714/86/4705
f 4713/86/4704 4714/86/4705 4717/86/4708 4716/86/4707
f 4714/86/4705 4715/86/4706 4718/86/4709 4717/86/4708
f 302/86/302 1946/86/1942 4710/86/4701 1930/86/1926
f 1946/86/1942 1947/86/1943 4711/86/4702 4710/86/4701
f 1947/86/1943 1948/86/1944 4712/86/4703 4711/86/4702
f 1948/86/1944 301/86/301 1927/86/1923 4712/86/4703
f 4712/86/4703 1927/86/1923 1926/86/1922 4715/86/4706
f 4715/86/4706 1926/86/1922 1925/86/1921 4718/86/4709
f 4718/86/4709 1925/86/1921 279/86/279 1777/86/1773
f 4717/86/4708 4718/86/4709 1777/86/1773 1776/86/1772
f 4716/86/4707 4717/86/4708 1776/86/1772 1775/86/1771
f 1928/86/1924 4716/86/4707 1775/86/1771 280/86/280
f 1929/86/1925 4713/86/4704 4716/86/4707 1928/86/1924
f 1930/86/1926 4710/86/4701 4713/86/4704 1929/86/1925
f 4719/86/4710 4720/86/4711 4723/86/4714 4722/86/4713
f 4720/86/4711 4721/86/4712 4724/86/4715 4723/86/4714
f 4722/86/4713 4723/86/4714 4726/86/4717 4725/86/4716
f 4723/86/4714 4724/86/4715 4727/86/4718 4726/86/4717
f 385/86/385 2411/86/2407 4719/86/4710 2407/86/2403
f 2411/86/2407 2412/86/2408 4720/86/4711 4719/86/4710
f 2412/86/2408 2413/86/2409 4721/86/4712 4720/86/4711
f 2413/86/2409 381/86/381 2395/86/2391 4721/86/4712
f 4721/86/4712 2395/86/2391 2394/86/2390 4724/86/4715
f 4724/86/4715 2394/86/2390 2393/86/2389 4727/86/4718
f 4727/86/4718 2393/86/2389 274/86/274 1684/86/1681
f 4726/86/4717 4727/86/4718 1684/86/1681 1683/86/1680
f 4725/86/4716 4726/86/4717 1683/86/1680 1682/86/1679
f 2405/86/2401 4725/86/4716 1682/86/1679 319/86/319
f 2406/86/2402 4722/86/4713 4725/86/4716 2405/86/2401
f 2407/86/2403 4719/86/4710 4722/86/4713 2406/86/2402
f 4728/86/4719 4729/86/4720 4732/86/4723 4731/86/4722
f 4729/86/4720 4730/86/4721 4733/86/4724 4732/86/4723
f 4731/86/4722 4732/86/4723 4735/86/4726 4734/86/4725
f 4732/86/4723 4733/86/4724 4736/86/4727 4735/86/4726
f 298/86/298 2048/86/2044 4728/86/4719 1918/86/1914
f 2048/86/2044 2049/86/2045 4729/86/4720 4728/86/4719
f 2049/86/2045 2050/86/2046 4730/86/4721 4729/86/4720
f 2050/86/2046 304/86/304 1936/86/1932 4730/86/4721
f 4730/86/4721 1936/86/1932 1935/86/1931 4733/86/4724
f 4733/86/4724 1935/86/1931 1934/86/1930 4736/86/4727
f 4736/86/4727 1934/86/1930 282/86/282 1786/86/1782
f 4735/86/4726 4736/86/4727 1786/86/1782 1785/86/1781
f 4734/86/4725 4735/86/4726 1785/86/1781 1784/86/1780
f 1916/86/1912 4734/86/4725 1784/86/1780 288/86/288
f 1917/86/1913 4731/86/4722 4734/86/4725 1916/86/1912
f 1918/86/1914 4728/86/4719 4731/86/4722 1917/86/1913
f 4737/86/4728 4738/86/4729 4741/86/4732 4740/86/4731
f 4738/86/4729 4739/86/4730 4742/86/4733 4741/86/4732
f 4740/86/4731 4741/86/4732 4744/86/4735 4743/86/4734
f 4741/86/4732 4742/86/4733 4745/86/4736 4744/86/4735
f 319/86/319 2051/86/2047 4737/86/4728 2032/86/2028
f 2051/86/2047 2052/86/2048 4738/86/4729 4737/86/4728
f 2052/86/2048 2053/86/2049 4739/86/4730 4738/86/4729
f 2053/86/2049 298/86/298 1918/86/1914 4739/86/4730
f 4739/86/4730 1918/86/1914 1917/86/1913 4742/86/4733
f 4742/86/4733 1917/86/1913 1916/86/1912 4745/86/4736
f 4745/86/4736 1916/86/1912 288/86/288 1789/86/1785
f 4744/86/4735 4745/86/4736 1789/86/1785 1788/86/1784
f 4743/86/4734 4744/86/4735 1788/86/1784 1787/86/1783
f 2030/86/2026 4743/86/4734 1787/86/1783 287/86/287
f 2031/86/2027 4740/86/4731 4743/86/4734 2030/86/2026
f 2032/86/2028 4737/86/4728 4740/86/4731 2031/86/2027
f 4747/86/4738 4748/86/4739 4746/86/4737 4752/86/4743
f 4749/86/4740 4750/86/4741 4746/86/4737 4748/86/4739
f 4751/86/4742 4752/86/4743 4746/86/4737 4750/86/4741
f 318/86/318 2042/86/2038 4747/86/4738 2026/86/2022
f 2042/86/2038 2043/86/2039 4748/86/4739 4747/86/4738
f 2026/86/2022 4747/86/4738 4752/86/4743 2025/86/2021
f 321/86/321 2041/86/2037 4749/86/4740 2044/86/2040
f 2041/86/2037 2040/86/2036 4750/86/4741 4749/86/4740
f 2044/86/2040 4749/86/4740 4748/86/4739 2043/86/2039
f 273/86/273 2024/86/2020 4751/86/4742 2039/86/2035
f 2024/86/2020 2025/86/2021 4752/86/4743 4751/86/4742
f 2039/86/2035 4751/86/4742 4750/86/4741 2040/86/2036
f 4753/86/4744 4754/86/4745 4757/86/4748 4756/86/4747
f 4754/86/4745 4755/86/4746 4758/86/4749 4757/86/4748
f 4756/86/4747 4757/86/4748 4760/86/4751 4759/86/4750
f 4757/86/4748 4758/86/4749 4761/86/4752 4760/86/4751
f 324/86/324 1865/86/1861 4753/86/4744 2068/86/2064
f 1865/86/1861 1866/86/1862 4754/86/4745 4753/86/4744
f 1866/86/1862 1867/86/1863 4755/86/4746 4754/86/4745
f 1867/86/1863 295/86/295 1826/86/1822 4755/86/4746
f 4755/86/4746 1826/86/1822 1827/86/1823 4758/86/4749
f 4758/86/4749 1827/86/1823 1828/86/1824 4761/86/4752
f 4761/86/4752 1828/86/1824 292/86/292 1801/86/1797
f 4760/86/4751 4761/86/4752 1801/86/1797 1800/86/1796
f 4759/86/4750 4760/86/4751 1800/86/1796 1799/86/1795
f 2066/86/2062 4759/86/4750 1799/86/1795 322/86/322
f 2067/86/2063 4756/86/4747 4759/86/4750 2066/86/2062
f 2068/86/2064 4753/86/4744 4756/86/4747 2067/86/2063
f 4762/426/4753 4763/379/4754 4766/378/4757 4765/427/4756
f 4763/379/4754 4764/381/4755 4767/381/4758 4766/378/4757
f 4765/427/4756 4766/378/4757 4769/379/4760 4768/376/4759
f 4766/378/4757 4767/381/4758 4770/425/4761 4769/379/4760
f 332/189/332 1880/377/1876 4762/426/4753 2131/215/2127
f 1880/377/1876 1881/379/1877 4763/379/4754 4762/426/4753
f 1881/379/1877 1882/425/1878 4764/381/4755 4763/379/4754
f 1882/425/1878 207/382/207 1471/383/1469 4764/381/4755
f 4764/381/4755 1471/383/1469 1470/1062/1468 4767/381/4758
f 4767/381/4758 1470/1062/1468 1469/383/1467 4770/425/4761
f 4770/425/4761 1469/383/1467 209/382/209 1885/425/1881
f 4769/379/4760 4770/425/4761 1885/425/1881 1884/379/1880
f 4768/376/4759 4769/379/4760 1884/379/1880 1883/377/1879
f 2129/189/2125 4768/376/4759 1883/377/1879 333/189/333
f 2130/190/2126 4765/427/4756 4768/376/4759 2129/189/2125
f 2131/215/2127 4762/426/4753 4765/427/4756 2130/190/2126
f 4771/86/4762 4772/86/4763 4775/86/4766 4774/86/4765
f 4772/86/4763 4773/86/4764 4776/86/4767 4775/86/4766
f 4774/86/4765 4775/86/4766 4778/86/4769 4777/86/4768
f 4775/86/4766 4776/86/4767 4779/86/4770 4778/86/4769
f 326/86/326 1796/86/1792 4771/86/4762 2083/86/2079
f 1796/86/1792 1797/86/1793 4772/86/4763 4771/86/4762
f 1797/86/1793 1798/86/1794 4773/86/4764 4772/86/4763
f 1798/86/1794 293/86/293 1834/86/1830 4773/86/4764
f 4773/86/4764 1834/86/1830 1833/86/1829 4776/86/4767
f 4776/86/4767 1833/86/1829 1832/86/1828 4779/86/4770
f 4779/86/4770 1832/86/1828 297/86/297 1864/86/1860
f 4778/86/4769 4779/86/4770 1864/86/1860 1863/86/1859
f 4777/86/4768 4778/86/4769 1863/86/1859 1862/86/1858
f 2081/86/2077 4777/86/4768 1862/86/1858 328/86/328
f 2082/86/2078 4774/86/4765 4777/86/4768 2081/86/2077
f 2083/86/2079 4771/86/4762 4774/86/4765 2082/86/2078
f 4780/86/4771 4781/86/4772 4784/86/4775 4783/86/4774
f 4781/86/4772 4782/86/4773 4785/86/4776 4784/86/4775
f 4783/86/4774 4784/86/4775 4787/86/4778 4786/86/4777
f 4784/86/4775 4785/86/4776 4788/86/4779 4787/86/4778
f 328/86/328 1862/86/1858 4780/86/4771 2080/86/2076
f 1862/86/1858 1863/86/1859 4781/86/4772 4780/86/4771
f 1863/86/1859 1864/86/1860 4782/86/4773 4781/86/4772
f 1864/86/1860 297/86/297 1861/86/1857 4782/86/4773
f 4782/86/4773 1861/86/1857 1860/86/1856 4785/86/4776
f 4785/86/4776 1860/86/1856 1859/86/1855 4788/86/4779
f 4788/86/4779 1859/86/1855 294/86/294 1813/86/1809
f 4787/86/4778 4788/86/4779 1813/86/1809 1812/86/1808
f 4786/86/4777 4787/86/4778 1812/86/1808 1811/86/1807
f 2078/86/2074 4786/86/4777 1811/86/1807 327/86/327
f 2079/86/2075 4783/86/4774 4786/86/4777 2078/86/2074
f 2080/86/2076 4780/86/4771 4783/86/4774 2079/86/2075
f 4789/86/4780 4790/86/4781 4793/86/4784 4792/86/4783
f 4790/86/4781 4791/86/4782 4794/86/4785 4793/86/4784
f 4792/86/4783 4793/86/4784 4796/86/4787 4795/86/4786
f 4793/86/4784 4794/86/4785 4797/86/4788 4796/86/4787
f 323/86/323 1808/86/1804 4789/86/4780 2065/86/2061
f 1808/86/1804 1809/86/1805 4790/86/4781 4789/86/4780
f 1809/86/1805 1810/86/1806 4791/86/4782 4790/86/4781
f 1810/86/1806 290/86/290 1853/86/1849 4791/86/4782
f 4791/86/4782 1853/86/1849 1854/86/1850 4794/86/4785
f 4794/86/4785 1854/86/1850 1855/86/1851 4797/86/4788
f 4797/86/4788 1855/86/1851 295/86/295 1867/86/1863
f 4796/86/4787 4797/86/4788 1867/86/1863 1866/86/1862
f 4795/86/4786 4796/86/4787 1866/86/1862 1865/86/1861
f 2063/86/2059 4795/86/4786 1865/86/1861 324/86/324
f 2064/86/2060 4792/86/4783 4795/86/4786 2063/86/2059
f 2065/86/2061 4789/86/4780 4792/86/4783 2064/86/2060
f 4798/1063/4789 4799/1064/4790 4802/1065/4793 4801/1066/4792
f 4799/1064/4790 4800/1067/4791 4803/1068/4794 4802/1065/4793
f 4801/1066/4792 4802/1065/4793 4805/1069/4796 4804/1070/4795
f 4802/1065/4793 4803/1068/4794 4806/1071/4797 4805/1069/4796
f 335/1037/335 2107/1072/2103 4798/1063/4789 2128/1073/2124
f 2107/1072/2103 2106/1074/2102 4799/1064/4790 4798/1063/4789
f 2106/1074/2102 2105/1075/2101 4800/1067/4791 4799/1064/4790
f 2105/1075/2101 245/1076/245 1591/1077/1589 4800/1067/4791
f 4800/1067/4791 1591/1077/1589 1590/1078/1588 4803/1068/4794
f 4803/1068/4794 1590/1078/1588 1589/1079/1587 4806/1071/4797
f 4806/1071/4797 1589/1079/1587 250/211/250 2117/187/2113
f 4805/1069/4796 4806/1071/4797 2117/187/2113 2118/192/2114
f 4804/1070/4795 4805/1069/4796 2118/192/2114 2119/213/2115
f 2126/1080/2122 4804/1070/4795 2119/213/2115 339/190/339
f 2127/1081/2123 4801/1066/4792 4804/1070/4795 2126/1080/2122
f 2128/1073/2124 4798/1063/4789 4801/1066/4792 2127/1081/2123
f 4807/213/4798 4808/185/4799 4811/192/4802 4810/184/4801
f 4808/185/4799 4809/187/4800 4812/187/4803 4811/192/4802
f 4810/184/4801 4811/192/4802 4814/185/4805 4813/183/4804
f 4811/192/4802 4812/187/4803 4815/187/4806 4814/185/4805
f 338/189/338 2116/191/2112 4807/213/4798 2125/215/2121
f 2116/191/2112 2115/185/2111 4808/185/4799 4807/213/4798
f 2115/185/2111 2114/217/2110 4809/187/4800 4808/185/4799
f 2114/217/2110 248/156/248 1597/211/1595 4809/187/4800
f 4809/187/4800 1597/211/1595 1596/211/1594 4812/187/4803
f 4812/187/4803 1596/211/1594 1595/157/1593 4815/187/4806
f 4815/187/4806 1595/157/1593 249/156/249 2120/217/2116
f 4814/185/4805 4815/187/4806 2120/217/2116 2121/185/2117
f 4813/183/4804 4814/185/4805 2121/185/2117 2122/191/2118
f 2123/190/2119 4813/183/4804 2122/191/2118 340/189/340
f 2124/190/2120 4810/184/4801 4813/183/4804 2123/190/2119
f 2125/215/2121 4807/213/4798 4810/184/4801 2124/190/2120
f 4816/86/4807 4817/86/4808 4820/86/4811 4819/86/4810
f 4817/86/4808 4818/86/4809 4821/86/4812 4820/86/4811
f 4819/86/4810 4820/86/4811 4823/86/4814 4822/86/4813
f 4820/86/4811 4821/86/4812 4824/86/4815 4823/86/4814
f 429/86/429 2959/86/2950 4816/86/4807 1997/86/1993
f 2959/86/2950 2958/86/2949 4817/86/4808 4816/86/4807
f 2958/86/2949 2957/86/2948 4818/86/4809 4817/86/4808
f 2957/86/2948 427/86/427 1823/86/1819 4818/86/4809
f 4818/86/4809 1823/86/1819 1824/86/1820 4821/86/4812
f 4821/86/4812 1824/86/1820 1825/86/1821 4824/86/4815
f 4824/86/4815 1825/86/1821 255/86/255 1690/86/1687
f 4823/86/4814 4824/86/4815 1690/86/1687 1689/86/1686
f 4822/86/4813 4823/86/4814 1689/86/1686 1688/86/1685
f 1999/86/1995 4822/86/4813 1688/86/1685 309/86/309
f 1998/86/1994 4819/86/4810 4822/86/4813 1999/86/1995
f 1997/86/1993 4816/86/4807 4819/86/4810 1998/86/1994
f 4825/86/4816 4826/86/4817 4829/86/4820 4828/86/4819
f 4826/86/4817 4827/86/4818 4830/86/4821 4829/86/4820
f 4828/86/4819 4829/86/4820 4832/86/4823 4831/86/4822
f 4829/86/4820 4830/86/4821 4833/86/4824 4832/86/4823
f 264/86/264 1720/86/1717 4825/86/4816 1669/86/1666
f 1720/86/1717 1719/86/1716 4826/86/4817 4825/86/4816
f 1719/86/1716 1718/86/1715 4827/86/4818 4826/86/4817
f 1718/86/1715 261/86/261 1663/86/1660 4827/86/4818
f 4827/86/4818 1663/86/1660 1662/86/1659 4830/86/4821
f 4830/86/4821 1662/86/1659 1661/86/1658 4833/86/4824
f 4833/86/4824 1661/86/1658 301/86/301 1948/86/1944
f 4832/86/4823 4833/86/4824 1948/86/1944 1947/86/1943
f 4831/86/4822 4832/86/4823 1947/86/1943 1946/86/1942
f 1667/86/1664 4831/86/4822 1946/86/1942 302/86/302
f 1668/86/1665 4828/86/4819 4831/86/4822 1667/86/1664
f 1669/86/1666 4825/86/4816 4828/86/4819 1668/86/1665
f 4834/86/4825 4835/86/4826 4838/86/4829 4837/86/4828
f 4835/86/4826 4836/86/4827 4839/86/4830 4838/86/4829
f 4837/86/4828 4838/86/4829 4841/86/4832 4840/86/4831
f 4838/86/4829 4839/86/4830 4842/86/4833 4841/86/4832
f 265/86/265 1726/86/1723 4834/86/4825 1714/86/1711
f 1726/86/1723 1725/86/1722 4835/86/4826 4834/86/4825
f 1725/86/1722 1724/86/1721 4836/86/4827 4835/86/4826
f 1724/86/1721 264/86/264 1669/86/1666 4836/86/4827
f 4836/86/4827 1669/86/1666 1668/86/1665 4839/86/4830
f 4839/86/4830 1668/86/1665 1667/86/1664 4842/86/4833
f 4842/86/4833 1667/86/1664 302/86/302 1951/86/1947
f 4841/86/4832 4842/86/4833 1951/86/1947 1950/86/1946
f 4840/86/4831 4841/86/4832 1950/86/1946 1949/86/1945
f 1712/86/1709 4840/86/4831 1949/86/1945 307/86/307
f 1713/86/1710 4837/86/4828 4840/86/4831 1712/86/1709
f 1714/86/1711 4834/86/4825 4837/86/4828 1713/86/1710
f 4843/86/4834 4844/86/4835 4847/86/4838 4846/86/4837
f 4844/86/4835 4845/86/4836 4848/86/4839 4847/86/4838
f 4846/86/4837 4847/86/4838 4850/86/4841 4849/86/4840
f 4847/86/4838 4848/86/4839 4851/86/4842 4850/86/4841
f 269/86/269 1672/86/1669 4843/86/4834 1678/86/1675
f 1672/86/1669 1671/86/1668 4844/86/4835 4843/86/4834
f 1671/86/1668 1670/86/1667 4845/86/4836 4844/86/4835
f 1670/86/1667 268/86/268 1711/86/1708 4845/86/4836
f 4845/86/4836 1711/86/1708 1710/86/1707 4848/86/4839
f 4848/86/4839 1710/86/1707 1709/86/1706 4851/86/4842
f 4851/86/4842 1709/86/1706 306/86/306 1954/86/1950
f 4850/86/4841 4851/86/4842 1954/86/1950 1953/86/1949
f 4849/86/4840 4850/86/4841 1953/86/1949 1952/86/1948
f 1676/86/1673 4849/86/4840 1952/86/1948 303/86/303
f 1677/86/1674 4846/86/4837 4849/86/4840 1676/86/1673
f 1678/86/1675 4843/86/4834 4846/86/4837 1677/86/1674
f 4852/86/4843 4853/86/4844 4856/86/4847 4855/86/4846
f 4853/86/4844 4854/86/4845 4857/86/4848 4856/86/4847
f 4855/86/4846 4856/86/4847 4859/86/4850 4858/86/4849
f 4856/86/4847 4857/86/4848 4860/86/4851 4859/86/4850
f 256/86/256 1702/86/1699 4852/86/4843 1687/86/1684
f 1702/86/1699 1701/86/1698 4853/86/4844 4852/86/4843
f 1701/86/1698 1700/86/1697 4854/86/4845 4853/86/4844
f 1700/86/1697 272/86/272 1696/86/1693 4854/86/4845
f 4854/86/4845 1696/86/1693 1695/86/1692 4857/86/4848
f 4857/86/4848 1695/86/1692 1694/86/1691 4860/86/4851
f 4860/86/4851 1694/86/1691 305/86/305 1957/86/1953
f 4859/86/4850 4860/86/4851 1957/86/1953 1956/86/1952
f 4858/86/4849 4859/86/4850 1956/86/1952 1955/86/1951
f 1685/86/1682 4858/86/4849 1955/86/1951 304/86/304
f 1686/86/1683 4855/86/4846 4858/86/4849 1685/86/1682
f 1687/86/1684 4852/86/4843 4855/86/4846 1686/86/1683
f 4861/86/4852 4862/86/4853 4865/86/4856 4864/86/4855
f 4862/86/4853 4863/86/4854 4866/86/4857 4865/86/4856
f 4864/86/4855 4865/86/4856 4868/86/4859 4867/86/4858
f 4865/86/4856 4866/86/4857 4869/86/4860 4868/86/4859
f 272/86/272 1675/86/1672 4861/86/4852 1696/86/1693
f 1675/86/1672 1674/86/1671 4862/86/4853 4861/86/4852
f 1674/86/1671 1673/86/1670 4863/86/4854 4862/86/4853
f 1673/86/1670 269/86/269 1678/86/1675 4863/86/4854
f 4863/86/4854 1678/86/1675 1677/86/1674 4866/86/4857
f 4866/86/4857 1677/86/1674 1676/86/1673 4869/86/4860
f 4869/86/4860 1676/86/1673 303/86/303 1960/86/1956
f 4868/86/4859 4869/86/4860 1960/86/1956 1959/86/1955
f 4867/86/4858 4868/86/4859 1959/86/1955 1958/86/1954
f 1694/86/1691 4867/86/4858 1958/86/1954 305/86/305
f 1695/86/1692 4864/86/4855 4867/86/4858 1694/86/1691
f 1696/86/1693 4861/86/4852 4864/86/4855 1695/86/1692
f 4870/86/4861 4871/86/4862 4874/86/4865 4873/86/4864
f 4871/86/4862 4872/86/4863 4875/86/4866 4874/86/4865
f 4873/86/4864 4874/86/4865 4877/86/4868 4876/86/4867
f 4874/86/4865 4875/86/4866 4878/86/4869 4877/86/4868
f 268/86/268 1717/86/1714 4870/86/4861 1711/86/1708
f 1717/86/1714 1716/86/1713 4871/86/4862 4870/86/4861
f 1716/86/1713 1715/86/1712 4872/86/4863 4871/86/4862
f 1715/86/1712 265/86/265 1714/86/1711 4872/86/4863
f 4872/86/4863 1714/86/1711 1713/86/1710 4875/86/4866
f 4875/86/4866 1713/86/1710 1712/86/1709 4878/86/4869
f 4878/86/4869 1712/86/1709 307/86/307 1963/86/1959
f 4877/86/4868 4878/86/4869 1963/86/1959 1962/86/1958
f 4876/86/4867 4877/86/4868 1962/86/1958 1961/86/1957
f 1709/86/1706 4876/86/4867 1961/86/1957 306/86/306
f 1710/86/1707 4873/86/4864 4876/86/4867 1709/86/1706
f 1711/86/1708 4870/86/4861 4873/86/4864 1710/86/1707
f 4879/86/4870 4880/86/4871 4883/86/4874 4882/86/4873
f 4880/86/4871 4881/86/4872 4884/86/4875 4883/86/4874
f 4882/86/4873 4883/86/4874 4886/86/4877 4885/86/4876
f 4883/86/4874 4884/86/4875 4887/86/4878 4886/86/4877
f 261/86/261 1681/86/1678 4879/86/4870 1663/86/1660
f 1681/86/1678 1680/86/1677 4880/86/4871 4879/86/4870
f 1680/86/1677 1679/86/1676 4881/86/4872 4880/86/4871
f 1679/86/1676 260/86/260 1654/86/1651 4881/86/4872
f 4881/86/4872 1654/86/1651 1653/86/1650 4884/86/4875
f 4884/86/4875 1653/86/1650 1652/86/1649 4887/86/4878
f 4887/86/4878 1652/86/1649 300/86/300 1966/86/1962
f 4886/86/4877 4887/86/4878 1966/86/1962 1965/86/1961
f 4885/86/4876 4886/86/4877 1965/86/1961 1964/86/1960
f 1661/86/1658 4885/86/4876 1964/86/1960 301/86/301
f 1662/86/1659 4882/86/4873 4885/86/4876 1661/86/1658
f 1663/86/1660 4879/86/4870 4882/86/4873 1662/86/1659
f 4888/1082/4879 4889/1083/4880 4892/1084/4883 4891/1085/4882
f 4889/1083/4880 4890/1086/4881 4893/1087/4884 4892/1084/4883
f 4891/1085/4882 4892/1084/4883 4895/1088/4886 4894/1089/4885
f 4892/1084/4883 4893/1087/4884 4896/1090/4887 4895/1088/4886
f 399/394/399 2776/1091/2767 4888/1082/4879 2761/1092/2752
f 2776/1091/2767 2775/1093/2766 4889/1083/4880 4888/1082/4879
f 2775/1093/2766 2774/1094/2765 4890/1086/4881 4889/1083/4880
f 2774/1094/2765 398/1095/398 1814/1096/1810 4890/1086/4881
f 4890/1086/4881 1814/1096/1810 1815/1097/1811 4893/1087/4884
f 4893/1087/4884 1815/1097/1811 1816/1098/1812 4896/1090/4887
f 4896/1090/4887 1816/1098/1812 214/1099/214 2162/1100/2158
f 4895/1088/4886 4896/1090/4887 2162/1100/2158 2163/1101/2159
f 4894/1089/4885 4895/1088/4886 2163/1101/2159 2164/1102/2160
f 2759/1103/2750 4894/1089/4885 2164/1102/2160 342/1104/342
f 2760/1105/2751 4891/1085/4882 4894/1089/4885 2759/1103/2750
f 2761/1092/2752 4888/1082/4879 4891/1085/4882 2760/1105/2751
f 4897/86/4888 4898/86/4889 4901/86/4892 4900/86/4891
f 4898/86/4889 4899/86/4890 4902/86/4893 4901/86/4892
f 4900/86/4891 4901/86/4892 4904/86/4895 4903/86/4894
f 4901/86/4892 4902/86/4893 4905/86/4896 4904/86/4895
f 279/86/279 1757/86/1754 4897/86/4888 1738/86/1735
f 1757/86/1754 1758/86/1755 4898/86/4889 4897/86/4888
f 1758/86/1755 1759/86/1756 4899/86/4890 4898/86/4889
f 1759/86/1756 278/86/278 1648/86/1645 4899/86/4890
f 4899/86/4890 1648/86/1645 1647/86/1644 4902/86/4893
f 4902/86/4893 1647/86/1644 1646/86/1643 4905/86/4896
f 4905/86/4896 1646/86/1643 308/86/308 2002/86/1998
f 4904/86/4895 4905/86/4896 2002/86/1998 2001/86/1997
f 4903/86/4894 4904/86/4895 2001/86/1997 2000/86/1996
f 1736/86/1733 4903/86/4894 2000/86/1996 310/86/310
f 1737/86/1734 4900/86/4891 4903/86/4894 1736/86/1733
f 1738/86/1735 4897/86/4888 4900/86/4891 1737/86/1734
f 4906/86/4897 4907/86/4898 4910/86/4901 4909/86/4900
f 4907/86/4898 4908/86/4899 4911/86/4902 4910/86/4901
f 4909/86/4900 4910/86/4901 4913/86/4904 4912/86/4903
f 4910/86/4901 4911/86/4902 4914/86/4905 4913/86/4904
f 284/86/284 1760/86/1757 4906/86/4897 1753/86/1750
f 1760/86/1757 1761/86/1758 4907/86/4898 4906/86/4897
f 1761/86/1758 1762/86/1759 4908/86/4899 4907/86/4898
f 1762/86/1759 285/86/285 1756/86/1753 4908/86/4899
f 4908/86/4899 1756/86/1753 1755/86/1752 4911/86/4902
f 4911/86/4902 1755/86/1752 1754/86/1751 4914/86/4905
f 4914/86/4905 1754/86/1751 316/86/316 2005/86/2001
f 4913/86/4904 4914/86/4905 2005/86/2001 2004/86/2000
f 4912/86/4903 4913/86/4904 2004/86/2000 2003/86/1999
f 1751/86/1748 4912/86/4903 2003/86/1999 315/86/315
f 1752/86/1749 4909/86/4900 4912/86/4903 1751/86/1748
f 1753/86/1750 4906/86/4897 4909/86/4900 1752/86/1749
f 4915/86/4906 4916/86/4907 4919/86/4910 4918/86/4909
f 4916/86/4907 4917/86/4908 4920/86/4911 4919/86/4910
f 4918/86/4909 4919/86/4910 4922/86/4913 4921/86/4912
f 4919/86/4910 4920/86/4911 4923/86/4914 4922/86/4913
f 283/86/283 1763/86/283 4915/86/4906 1750/86/1747
f 1763/86/283 1764/86/1760 4916/86/4907 4915/86/4906
f 1764/86/1760 1765/86/1761 4917/86/4908 4916/86/4907
f 1765/86/1761 281/86/281 1744/86/1741 4917/86/4908
f 4917/86/4908 1744/86/1741 1743/86/1740 4920/86/4911
f 4920/86/4911 1743/86/1740 1742/86/1739 4923/86/4914
f 4923/86/4914 1742/86/1739 312/86/312 2008/86/2004
f 4922/86/4913 4923/86/4914 2008/86/2004 2007/86/2003
f 4921/86/4912 4922/86/4913 2007/86/2003 2006/86/2002
f 1748/86/1745 4921/86/4912 2006/86/2002 314/86/314
f 1749/86/1746 4918/86/4909 4921/86/4912 1748/86/1745
f 1750/86/1747 4915/86/4906 4918/86/4909 1749/86/1746
f 4924/86/4915 4925/86/4916 4928/86/4919 4927/86/4918
f 4925/86/4916 4926/86/4917 4929/86/4920 4928/86/4919
f 4927/86/4918 4928/86/4919 4931/86/4922 4930/86/4921
f 4928/86/4919 4929/86/4920 4932/86/4923 4931/86/4922
f 282/86/282 1766/86/1762 4924/86/4915 1747/86/1744
f 1766/86/1762 1767/86/1763 4925/86/4916 4924/86/4915
f 1767/86/1763 1768/86/1764 4926/86/4917 4925/86/4916
f 1768/86/1764 283/86/283 1750/86/1747 4926/86/4917
f 4926/86/4917 1750/86/1747 1749/86/1746 4929/86/4920
f 4929/86/4920 1749/86/1746 1748/86/1745 4932/86/4923
f 4932/86/4923 1748/86/1745 314/86/314 2011/86/2007
f 4931/86/4922 4932/86/4923 2011/86/2007 2010/86/2006
f 4930/86/4921 4931/86/4922 2010/86/2006 2009/86/2005
f 1745/86/1742 4930/86/4921 2009/86/2005 313/86/313
f 1746/86/1743 4927/86/4918 4930/86/4921 1745/86/1742
f 1747/86/1744 4924/86/4915 4927/86/4918 1746/86/1743
f 4933/86/4924 4934/86/4925 4937/86/4928 4936/86/4927
f 4934/86/4925 4935/86/4926 4938/86/4929 4937/86/4928
f 4936/86/4927 4937/86/4928 4940/86/4931 4939/86/4930
f 4937/86/4928 4938/86/4929 4941/86/4932 4940/86/4931
f 281/86/281 1769/86/1765 4933/86/4924 1744/86/1741
f 1769/86/1765 1770/86/1766 4934/86/4925 4933/86/4924
f 1770/86/1766 1771/86/1767 4935/86/4926 4934/86/4925
f 1771/86/1767 284/86/284 1753/86/1750 4935/86/4926
f 4935/86/4926 1753/86/1750 1752/86/1749 4938/86/4929
f 4938/86/4929 1752/86/1749 1751/86/1748 4941/86/4932
f 4941/86/4932 1751/86/1748 315/86/315 2014/86/2010
f 4940/86/4931 4941/86/4932 2014/86/2010 2013/86/2009
f 4939/86/4930 4940/86/4931 2013/86/2009 2012/86/2008
f 1742/86/1739 4939/86/4930 2012/86/2008 312/86/312
f 1743/86/1740 4936/86/4927 4939/86/4930 1742/86/1739
f 1744/86/1741 4933/86/4924 4936/86/4927 1743/86/1740
f 4942/86/4933 4943/86/4934 4946/86/4937 4945/86/4936
f 4943/86/4934 4944/86/4935 4947/86/4938 4946/86/4937
f 4945/86/4936 4946/86/4937 4949/86/4940 4948/86/4939
f 4946/86/4937 4947/86/4938 4950/86/4941 4949/86/4940
f 285/86/285 1772/86/1768 4942/86/4933 1756/86/1753
f 1772/86/1768 1773/86/1769 4943/86/4934 4942/86/4933
f 1773/86/1769 1774/86/1770 4944/86/4935 4943/86/4934
f 1774/86/1770 280/86/280 1741/86/1738 4944/86/4935
f 4944/86/4935 1741/86/1738 1740/86/1737 4947/86/4938
f 4947/86/4938 1740/86/1737 1739/86/1736 4950/86/4941
f 4950/86/4941 1739/86/1736 311/86/311 2017/86/2013
f 4949/86/4940 4950/86/4941 2017/86/2013 2016/86/2012
f 4948/86/4939 4949/86/4940 2016/86/2012 2015/86/2011
f 1754/86/1751 4948/86/4939 2015/86/2011 316/86/316
f 1755/86/1752 4945/86/4936 4948/86/4939 1754/86/1751
f 1756/86/1753 4942/86/4933 4945/86/4936 1755/86/1752
f 4951/86/4942 4952/86/4943 4955/86/4946 4954/86/4945
f 4952/86/4943 4953/86/4944 4956/86/4947 4955/86/4946
f 4954/86/4945 4955/86/4946 4958/86/4949 4957/86/4948
f 4955/86/4946 4956/86/4947 4959/86/4950 4958/86/4949
f 280/86/280 1775/86/1771 4951/86/4942 1741/86/1738
f 1775/86/1771 1776/86/1772 4952/86/4943 4951/86/4942
f 1776/86/1772 1777/86/1773 4953/86/4944 4952/86/4943
f 1777/86/1773 279/86/279 1738/86/1735 4953/86/4944
f 4953/86/4944 1738/86/1735 1737/86/1734 4956/86/4947
f 4956/86/4947 1737/86/1734 1736/86/1733 4959/86/4950
f 4959/86/4950 1736/86/1733 310/86/310 2020/86/2016
f 4958/86/4949 4959/86/4950 2020/86/2016 2019/86/2015
f 4957/86/4948 4958/86/4949 2019/86/2015 2018/86/2014
f 1739/86/1736 4957/86/4948 2018/86/2014 311/86/311
f 1740/86/1737 4954/86/4945 4957/86/4948 1739/86/1736
f 1741/86/1738 4951/86/4942 4954/86/4945 1740/86/1737
f 4960/86/4951 4961/86/4952 4964/86/4955 4963/86/4954
f 4961/86/4952 4962/86/4953 4965/86/4956 4964/86/4955
f 4963/86/4954 4964/86/4955 4967/86/4958 4966/86/4957
f 4964/86/4955 4965/86/4956 4968/86/4959 4967/86/4958
f 383/86/383 2408/86/2404 4960/86/4951 2401/86/2397
f 2408/86/2404 2409/86/2405 4961/86/4952 4960/86/4951
f 2409/86/2405 2410/86/2406 4962/86/4953 4961/86/4952
f 2410/86/2406 385/86/385 2407/86/2403 4962/86/4953
f 4962/86/4953 2407/86/2403 2406/86/2402 4965/86/4956
f 4965/86/4956 2406/86/2402 2405/86/2401 4968/86/4959
f 4968/86/4959 2405/86/2401 319/86/319 2032/86/2028
f 4967/86/4958 4968/86/4959 2032/86/2028 2031/86/2027
f 4966/86/4957 4967/86/4958 2031/86/2027 2030/86/2026
f 2399/86/2395 4966/86/4957 2030/86/2026 287/86/287
f 2400/86/2396 4963/86/4954 4966/86/4957 2399/86/2395
f 2401/86/2397 4960/86/4951 4963/86/4954 2400/86/2396
f 4969/1106/4960 4970/1107/4961 4973/1108/4964 4972/1109/4963
f 4970/1107/4961 4971/1110/4962 4974/1111/4965 4973/1108/4964
f 4972/1109/4963 4973/1108/4964 4976/1112/4967 4975/1113/4966
f 4973/1108/4964 4974/1111/4965 4977/1114/4968 4976/1112/4967
f 396/832/396 2773/1115/2764 4969/1106/4960 2752/833/2743
f 2773/1115/2764 2772/1116/2763 4970/1107/4961 4969/1106/4960
f 2772/1116/2763 2771/423/2762 4971/1110/4962 4970/1107/4961
f 2771/423/2762 399/1117/399 2761/1118/2752 4971/1110/4962
f 4971/1110/4962 2761/1118/2752 2760/1119/2751 4974/1111/4965
f 4974/1111/4965 2760/1119/2751 2759/1120/2750 4977/1114/4968
f 4977/1114/4968 2759/1120/2750 342/1104/342 1487/1121/1485
f 4976/1112/4967 4977/1114/4968 1487/1121/1485 1488/1122/1486
f 4975/1113/4966 4976/1112/4967 1488/1122/1486 1489/1123/1487
f 2750/835/2741 4975/1113/4966 1489/1123/1487 216/836/216
f 2751/834/2742 4972/1109/4963 4975/1113/4966 2750/835/2741
f 2752/833/2743 4969/1106/4960 4972/1109/4963 2751/834/2742
f 4978/86/4969 4979/86/4970 4982/86/4973 4981/86/4972
f 4979/86/4970 4980/86/4971 4983/86/4974 4982/86/4973
f 4981/86/4972 4982/86/4973 4985/86/4976 4984/86/4975
f 4982/86/4973 4983/86/4974 4986/86/4977 4985/86/4976
f 287/86/287 1787/86/1783 4978/86/4969 1783/86/1779
f 1787/86/1783 1788/86/1784 4979/86/4970 4978/86/4969
f 1788/86/1784 1789/86/1785 4980/86/4971 4979/86/4970
f 1789/86/1785 288/86/288 1795/86/1791 4980/86/4971
f 4980/86/4971 1795/86/1791 1794/86/1790 4983/86/4974
f 4983/86/4974 1794/86/1790 1793/86/1789 4986/86/4977
f 4986/86/4977 1793/86/1789 321/86/321 2044/86/2040
f 4985/86/4976 4986/86/4977 2044/86/2040 2043/86/2039
f 4984/86/4975 4985/86/4976 2043/86/2039 2042/86/2038
f 1781/86/1777 4984/86/4975 2042/86/2038 318/86/318
f 1782/86/1778 4981/86/4972 4984/86/4975 1781/86/1777
f 1783/86/1779 4978/86/4969 4981/86/4972 1782/86/1778
f 4988/86/4979 4989/86/4980 4987/86/4978 4993/86/4984
f 4990/86/4981 4991/86/4982 4987/86/4978 4989/86/4980
f 4992/86/4983 4993/86/4984 4987/86/4978 4991/86/4982
f 273/86/273 2039/86/2035 4988/86/4979 1985/86/1981
f 2039/86/2035 2040/86/2036 4989/86/4980 4988/86/4979
f 1985/86/1981 4988/86/4979 4993/86/4984 1986/86/1982
f 321/86/321 2047/86/2043 4990/86/4981 2041/86/2037
f 2047/86/2043 2046/86/2042 4991/86/4982 4990/86/4981
f 2041/86/2037 4990/86/4981 4989/86/4980 2040/86/2036
f 313/86/313 1987/86/1983 4992/86/4983 2045/86/2041
f 1987/86/1983 1986/86/1982 4993/86/4984 4992/86/4983
f 2045/86/2041 4992/86/4983 4991/86/4982 2046/86/2042
f 4995/86/4986 4996/86/4987 4994/86/4985 5004/86/4995
f 4997/86/4988 4998/86/4989 4994/86/4985 4996/86/4987
f 4999/86/4990 5000/86/4991 4994/86/4985 4998/86/4989
f 5001/86/4992 5002/86/4993 4994/86/4985 5000/86/4991
f 5003/86/4994 5004/86/4995 4994/86/4985 5002/86/4993
f 277/86/277 1732/86/1729 4995/86/4986 1792/86/1788
f 1732/86/1729 1731/86/1728 4996/86/4987 4995/86/4986
f 1792/86/1788 4995/86/4986 5004/86/4995 1791/86/1787
f 276/86/276 2311/86/2307 4997/86/4988 1730/86/1727
f 2311/86/2307 2310/86/2306 4998/86/4989 4997/86/4988
f 1730/86/1727 4997/86/4988 4996/86/4987 1731/86/1728
f 256/86/256 1687/86/1684 4999/86/4990 2309/86/2305
f 1687/86/1684 1686/86/1683 5000/86/4991 4999/86/4990
f 2309/86/2305 4999/86/4990 4998/86/4989 2310/86/2306
f 304/86/304 2050/86/2046 5001/86/4992 1685/86/1682
f 2050/86/2046 2049/86/2045 5002/86/4993 5001/86/4992
f 1685/86/1682 5001/86/4992 5000/86/4991 1686/86/1683
f 298/86/298 1790/86/1786 5003/86/4994 2048/86/2044
f 1790/86/1786 1791/86/1787 5004/86/4995 5003/86/4994
f 2048/86/2044 5003/86/4994 5002/86/4993 2049/86/2045
f 5006/86/4997 5007/86/4998 5005/86/4996 5015/86/5006
f 5008/86/4999 5009/86/5000 5005/86/4996 5007/86/4998
f 5010/86/5001 5011/86/5002 5005/86/4996 5009/86/5000
f 5012/86/5003 5013/86/5004 5005/86/4996 5011/86/5002
f 5014/86/5005 5015/86/5006 5005/86/4996 5013/86/5004
f 274/86/274 1729/86/1726 5006/86/4997 1684/86/1681
f 1729/86/1726 1728/86/1725 5007/86/4998 5006/86/4997
f 1684/86/1681 5006/86/4997 5015/86/5006 1683/86/1680
f 275/86/275 1735/86/1732 5008/86/4999 1727/86/1724
f 1735/86/1732 1734/86/1731 5009/86/5000 5008/86/4999
f 1727/86/1724 5008/86/4999 5007/86/4998 1728/86/1725
f 277/86/277 1792/86/1788 5010/86/5001 1733/86/1730
f 1792/86/1788 1791/86/1787 5011/86/5002 5010/86/5001
f 1733/86/1730 5010/86/5001 5009/86/5000 1734/86/1731
f 298/86/298 2053/86/2049 5012/86/5003 1790/86/1786
f 2053/86/2049 2052/86/2048 5013/86/5004 5012/86/5003
f 1790/86/1786 5012/86/5003 5011/86/5002 1791/86/1787
f 319/86/319 1682/86/1679 5014/86/5005 2051/86/2047
f 1682/86/1679 1683/86/1680 5015/86/5006 5014/86/5005
f 2051/86/2047 5014/86/5005 5013/86/5004 2052/86/2048
f 5016/86/5007 5017/86/5008 5020/86/5011 5019/86/5010
f 5017/86/5008 5018/86/5009 5021/86/5012 5020/86/5011
f 5019/86/5010 5020/86/5011 5023/86/5014 5022/86/5013
f 5020/86/5011 5021/86/5012 5024/86/5015 5023/86/5014
f 293/86/293 2057/86/2053 5016/86/5007 1834/86/1830
f 2057/86/2053 2058/86/2054 5017/86/5008 5016/86/5007
f 2058/86/2054 2059/86/2055 5018/86/5009 5017/86/5008
f 2059/86/2055 323/86/323 2065/86/2061 5018/86/5009
f 5018/86/5009 2065/86/2061 2064/86/2060 5021/86/5012
f 5021/86/5012 2064/86/2060 2063/86/2059 5024/86/5015
f 5024/86/5015 2063/86/2059 324/86/324 2062/86/2058
f 5023/86/5014 5024/86/5015 2062/86/2058 2061/86/2057
f 5022/86/5013 5023/86/5014 2061/86/2057 2060/86/2056
f 1832/86/1828 5022/86/5013 2060/86/2056 297/86/297
f 1833/86/1829 5019/86/5010 5022/86/5013 1832/86/1828
f 1834/86/1830 5016/86/5007 5019/86/5010 1833/86/1829
f 5025/86/5016 5026/86/5017 5029/86/5020 5028/86/5019
f 5026/86/5017 5027/86/5018 5030/86/5021 5029/86/5020
f 5028/86/5019 5029/86/5020 5032/86/5023 5031/86/5022
f 5029/86/5020 5030/86/5021 5033/86/5024 5032/86/5023
f 297/86/297 2060/86/2056 5025/86/5016 1861/86/1857
f 2060/86/2056 2061/86/2057 5026/86/5017 5025/86/5016
f 2061/86/2057 2062/86/2058 5027/86/5018 5026/86/5017
f 2062/86/2058 324/86/324 2068/86/2064 5027/86/5018
f 5027/86/5018 2068/86/2064 2067/86/2063 5030/86/5021
f 5030/86/5021 2067/86/2063 2066/86/2062 5033/86/5024
f 5033/86/5024 2066/86/2062 322/86/322 2056/86/2052
f 5032/86/5023 5033/86/5024 2056/86/2052 2055/86/2051
f 5031/86/5022 5032/86/5023 2055/86/2051 2054/86/2050
f 1859/86/1855 5031/86/5022 2054/86/2050 294/86/294
f 1860/86/1856 5028/86/5019 5031/86/5022 1859/86/1855
f 1861/86/1857 5025/86/5016 5028/86/5019 1860/86/1856
f 5034/86/5025 5035/86/5026 5038/86/5029 5037/86/5028
f 5035/86/5026 5036/86/5027 5039/86/5030 5038/86/5029
f 5037/86/5028 5038/86/5029 5041/86/5032 5040/86/5031
f 5038/86/5029 5039/86/5030 5042/86/5033 5041/86/5032
f 296/86/296 2075/86/2071 5034/86/5025 1858/86/1854
f 2075/86/2071 2076/86/2072 5035/86/5026 5034/86/5025
f 2076/86/2072 2077/86/2073 5036/86/5027 5035/86/5026
f 2077/86/2073 328/86/328 2080/86/2076 5036/86/5027
f 5036/86/5027 2080/86/2076 2079/86/2075 5039/86/5030
f 5039/86/5030 2079/86/2075 2078/86/2074 5042/86/5033
f 5042/86/5033 2078/86/2074 327/86/327 2074/86/2070
f 5041/86/5032 5042/86/5033 2074/86/2070 2073/86/2069
f 5040/86/5031 5041/86/5032 2073/86/2069 2072/86/2068
f 1856/86/1852 5040/86/5031 2072/86/2068 291/86/291
f 1857/86/1853 5037/86/5028 5040/86/5031 1856/86/1852
f 1858/86/1854 5034/86/5025 5037/86/5028 1857/86/1853
f 5043/86/5034 5044/86/5035 5047/86/5038 5046/86/5037
f 5044/86/5035 5045/86/5036 5048/86/5039 5047/86/5038
f 5046/86/5037 5047/86/5038 5050/86/5041 5049/86/5040
f 5047/86/5038 5048/86/5039 5051/86/5042 5050/86/5041
f 289/86/289 2069/86/2065 5043/86/5034 1831/86/1827
f 2069/86/2065 2070/86/2066 5044/86/5035 5043/86/5034
f 2070/86/2066 2071/86/2067 5045/86/5036 5044/86/5035
f 2071/86/2067 326/86/326 2083/86/2079 5045/86/5036
f 5045/86/5036 2083/86/2079 2082/86/2078 5048/86/5039
f 5048/86/5039 2082/86/2078 2081/86/2077 5051/86/5042
f 5051/86/5042 2081/86/2077 328/86/328 2077/86/2073
f 5050/86/5041 5051/86/5042 2077/86/2073 2076/86/2072
f 5049/86/5040 5050/86/5041 2076/86/2072 2075/86/2071
f 1829/86/1825 5049/86/5040 2075/86/2071 296/86/296
f 1830/86/1826 5046/86/5037 5049/86/5040 1829/86/1825
f 1831/86/1827 5043/86/5034 5046/86/5037 1830/86/1826
f 5052/425/5043 5053/379/5044 5056/378/5047 5055/381/5046
f 5053/379/5044 5054/377/5045 5057/376/5048 5056/378/5047
f 5055/381/5046 5056/378/5047 5059/379/5050 5058/425/5049
f 5056/378/5047 5057/376/5048 5060/377/5051 5059/379/5050
f 223/382/223 1900/381/1896 5052/425/5043 1513/383/1511
f 1900/381/1896 1899/442/1895 5053/379/5044 5052/425/5043
f 1899/442/1895 1898/377/1894 5054/377/5045 5053/379/5044
f 1898/377/1894 338/189/338 2125/215/2121 5054/377/5045
f 5054/377/5045 2125/215/2121 2124/190/2120 5057/376/5048
f 5057/376/5048 2124/190/2120 2123/190/2119 5060/377/5051
f 5060/377/5051 2123/190/2119 340/189/340 1913/377/1909
f 5059/379/5050 5060/377/5051 1913/377/1909 1914/442/1910
f 5058/425/5049 5059/379/5050 1914/442/1910 1915/381/1911
f 1511/383/1509 5058/425/5049 1915/381/1911 225/382/225
f 1512/383/1510 5055/381/5046 5058/425/5049 1511/383/1509
f 1513/383/1511 5052/425/5043 5055/381/5046 1512/383/1510
f 5061/1124/5052 5062/1125/5053 5065/1126/5056 5064/1127/5055
f 5062/1125/5053 5063/1128/5054 5066/1129/5057 5065/1126/5056
f 5064/1127/5055 5065/1126/5056 5068/1130/5059 5067/1131/5058
f 5065/1126/5056 5066/1129/5057 5069/1132/5060 5068/1130/5059
f 215/382/215 1891/1133/1887 5061/1124/5052 1495/382/1493
f 1891/1133/1887 1890/1040/1886 5062/1125/5053 5061/1124/5052
f 1890/1040/1886 1889/1134/1885 5063/1128/5054 5062/1125/5053
f 1889/1134/1885 335/1037/335 2128/1073/2124 5063/1128/5054
f 5063/1128/5054 2128/1073/2124 2127/1081/2123 5066/1129/5057
f 5066/1129/5057 2127/1081/2123 2126/1080/2122 5069/1132/5060
f 5069/1132/5060 2126/1080/2122 339/190/339 1910/376/1906
f 5068/1130/5059 5069/1132/5060 1910/376/1906 1911/379/1907
f 5067/1131/5058 5068/1130/5059 1911/379/1907 1912/381/1908
f 1493/383/1491 5067/1131/5058 1912/381/1908 227/383/227
f 1494/383/1492 5064/1127/5055 5067/1131/5058 1493/383/1491
f 1495/382/1493 5061/1124/5052 5064/1127/5055 1494/383/1492
f 5070/187/5061 5071/185/5062 5074/185/5065 5073/187/5064
f 5071/185/5062 5072/191/5063 5075/191/5066 5074/185/5065
f 5073/187/5064 5074/185/5065 5077/185/5068 5076/187/5067
f 5074/185/5065 5075/191/5066 5078/183/5069 5077/185/5068
f 242/156/242 2096/217/2092 5070/187/5061 1610/211/1607
f 2096/217/2092 2097/185/2093 5071/185/5062 5070/187/5061
f 2097/185/2093 2098/183/2094 5072/191/5063 5071/185/5062
f 2098/183/2094 332/189/332 2131/215/2127 5072/191/5063
f 5072/191/5063 2131/215/2127 2130/190/2126 5075/191/5066
f 5075/191/5066 2130/190/2126 2129/189/2125 5078/183/5069
f 5078/183/5069 2129/189/2125 333/189/333 2101/183/2097
f 5077/185/5068 5078/183/5069 2101/183/2097 2100/185/2096
f 5076/187/5067 5077/185/5068 2100/185/2096 2099/217/2095
f 1612/211/1609 5076/187/5067 2099/217/2095 243/156/243
f 1611/157/1608 5073/187/5064 5076/187/5067 1612/211/1609
f 1610/211/1607 5070/187/5061 5073/187/5064 1611/157/1608
f 5079/381/5070 5080/425/5071 5083/378/5074 5082/378/5073
f 5080/425/5071 5081/425/5072 5084/378/5075 5083/378/5074
f 5082/378/5073 5083/378/5074 5086/426/5077 5085/377/5076
f 5083/378/5074 5084/378/5075 5087/427/5078 5086/426/5077
f 211/383/211 1477/383/1475 5079/381/5070 1888/381/1884
f 1477/383/1475 1476/383/1474 5080/425/5071 5079/381/5070
f 1476/383/1474 1475/382/1473 5081/425/5072 5080/425/5071
f 1475/382/1473 201/383/201 1873/381/1869 5081/425/5072
f 5081/425/5072 1873/381/1869 1872/379/1868 5084/378/5075
f 5084/378/5075 1872/379/1868 1871/427/1867 5087/427/5078
f 5087/427/5078 1871/427/1867 329/189/329 2134/189/2130
f 5086/426/5077 5087/427/5078 2134/189/2130 2133/189/2129
f 5085/377/5076 5086/426/5077 2133/189/2129 2132/190/2128
f 1886/427/1882 5085/377/5076 2132/190/2128 334/189/334
f 1887/379/1883 5082/378/5073 5085/377/5076 1886/427/1882
f 1888/381/1884 5079/381/5070 5082/378/5073 1887/379/1883
f 5088/381/5079 5089/425/5080 5092/378/5083 5091/378/5082
f 5089/425/5080 5090/425/5081 5093/378/5084 5092/378/5083
f 5091/378/5082 5092/378/5083 5095/426/5086 5094/377/5085
f 5092/378/5083 5093/378/5084 5096/427/5087 5095/426/5086
f 201/383/201 1453/383/1451 5088/381/5079 1873/381/1869
f 1453/383/1451 1452/383/1450 5089/425/5080 5088/381/5079
f 1452/383/1450 1451/382/1449 5090/425/5081 5089/425/5080
f 1451/382/1449 203/383/203 1876/381/1872 5090/425/5081
f 5090/425/5081 1876/381/1872 1875/379/1871 5093/378/5084
f 5093/378/5084 1875/379/1871 1874/427/1870 5096/427/5087
f 5096/427/5087 1874/427/1870 330/189/330 2137/189/2133
f 5095/426/5086 5096/427/5087 2137/189/2133 2136/189/2132
f 5094/377/5085 5095/426/5086 2136/189/2132 2135/190/2131
f 1871/427/1867 5094/377/5085 2135/190/2131 329/189/329
f 1872/379/1868 5091/378/5082 5094/377/5085 1871/427/1867
f 1873/381/1869 5088/381/5079 5091/378/5082 1872/379/1868
f 5097/381/5088 5098/425/5089 5101/378/5092 5100/378/5091
f 5098/425/5089 5099/425/5090 5102/378/5093 5101/378/5092
f 5100/378/5091 5101/378/5092 5104/426/5095 5103/377/5094
f 5101/378/5092 5102/378/5093 5105/427/5096 5104/426/5095
f 203/383/203 1459/383/1457 5097/381/5088 1876/381/1872
f 1459/383/1457 1458/383/1456 5098/425/5089 5097/381/5088
f 1458/383/1456 1457/382/1455 5099/425/5090 5098/425/5089
f 1457/382/1455 205/383/205 1879/381/1875 5099/425/5090
f 5099/425/5090 1879/381/1875 1878/379/1874 5102/378/5093
f 5102/378/5093 1878/379/1874 1877/427/1873 5105/427/5096
f 5105/427/5096 1877/427/1873 331/189/331 2140/189/2136
f 5104/426/5095 5105/427/5096 2140/189/2136 2139/189/2135
f 5103/377/5094 5104/426/5095 2139/189/2135 2138/190/2134
f 1874/427/1870 5103/377/5094 2138/190/2134 330/189/330
f 1875/379/1871 5100/378/5091 5103/377/5094 1874/427/1870
f 1876/381/1872 5097/381/5088 5100/378/5091 1875/379/1871
f 5106/381/5097 5107/425/5098 5110/378/5101 5109/378/5100
f 5107/425/5098 5108/425/5099 5111/378/5102 5110/378/5101
f 5109/378/5100 5110/378/5101 5113/426/5104 5112/377/5103
f 5110/378/5101 5111/378/5102 5114/427/5105 5113/426/5104
f 205/383/205 1465/383/1463 5106/381/5097 1879/381/1875
f 1465/383/1463 1464/383/1462 5107/425/5098 5106/381/5097
f 1464/383/1462 1463/382/1461 5108/425/5099 5107/425/5098
f 1463/382/1461 207/383/207 1882/381/1878 5108/425/5099
f 5108/425/5099 1882/381/1878 1881/379/1877 5111/378/5102
f 5111/378/5102 1881/379/1877 1880/427/1876 5114/427/5105
f 5114/427/5105 1880/427/1876 332/189/332 2143/189/2139
f 5113/426/5104 5114/427/5105 2143/189/2139 2142/189/2138
f 5112/377/5103 5113/426/5104 2142/189/2138 2141/190/2137
f 1877/427/1873 5112/377/5103 2141/190/2137 331/189/331
f 1878/379/1874 5109/378/5100 5112/377/5103 1877/427/1873
f 1879/381/1875 5106/381/5097 5109/378/5100 1878/379/1874
f 5115/425/5106 5116/379/5107 5119/378/5110 5118/381/5109
f 5116/379/5107 5117/377/5108 5120/376/5111 5119/378/5110
f 5118/381/5109 5119/378/5110 5122/379/5113 5121/425/5112
f 5119/378/5110 5120/376/5111 5123/377/5114 5122/379/5113
f 225/382/225 1915/381/1911 5115/425/5106 1528/383/1526
f 1915/381/1911 1914/442/1910 5116/379/5107 5115/425/5106
f 1914/442/1910 1913/377/1909 5117/377/5108 5116/379/5107
f 1913/377/1909 340/189/340 2146/215/2142 5117/377/5108
f 5117/377/5108 2146/215/2142 2145/190/2141 5120/376/5111
f 5120/376/5111 2145/190/2141 2144/190/2140 5123/377/5114
f 5123/377/5114 2144/190/2140 333/189/333 1883/377/1879
f 5122/379/5113 5123/377/5114 1883/377/1879 1884/442/1880
f 5121/425/5112 5122/379/5113 1884/442/1880 1885/381/1881
f 1526/383/1524 5121/425/5112 1885/381/1881 209/382/209
f 1527/383/1525 5118/381/5109 5121/425/5112 1526/383/1524
f 1528/383/1526 5115/425/5106 5118/381/5109 1527/383/1525
f 5124/428/5115 5125/429/5116 5128/430/5119 5127/431/5118
f 5125/429/5116 5126/1135/5117 5129/1136/5120 5128/430/5119
f 5127/431/5118 5128/430/5119 5131/434/5122 5130/435/5121
f 5128/430/5119 5129/1136/5120 5132/436/5123 5131/434/5122
f 198/437/198 1447/438/1445 5124/428/5115 1870/336/1866
f 1447/438/1445 1446/439/1444 5125/429/5116 5124/428/5115
f 1446/439/1444 1445/1137/1443 5126/1135/5117 5125/429/5116
f 1445/1137/1443 211/383/211 1888/1138/1884 5126/1135/5117
f 5126/1135/5117 1888/1138/1884 1887/379/1883 5129/1136/5120
f 5129/1136/5120 1887/379/1883 1886/376/1882 5132/436/5123
f 5132/436/5123 1886/376/1882 334/190/334 2149/215/2145
f 5131/434/5122 5132/436/5123 2149/215/2145 2148/190/2144
f 5130/435/5121 5131/434/5122 2148/190/2144 2147/215/2143
f 1868/441/1864 5130/435/5121 2147/215/2143 325/189/325
f 1869/338/1865 5127/431/5118 5130/435/5121 1868/441/1864
f 1870/336/1866 5124/428/5115 5127/431/5118 1869/338/1865
f 5133/425/5124 5134/379/5125 5137/378/5128 5136/381/5127
f 5134/379/5125 5135/377/5126 5138/376/5129 5137/378/5128
f 5136/381/5127 5137/378/5128 5140/379/5131 5139/425/5130
f 5137/378/5128 5138/376/5129 5141/377/5132 5140/379/5131
f 227/382/227 1912/381/1908 5133/425/5124 1522/383/1520
f 1912/381/1908 1911/442/1907 5134/379/5125 5133/425/5124
f 1911/442/1907 1910/377/1906 5135/377/5126 5134/379/5125
f 1910/377/1906 339/189/339 2152/215/2148 5135/377/5126
f 5135/377/5126 2152/215/2148 2151/190/2147 5138/376/5129
f 5138/376/5129 2151/190/2147 2150/190/2146 5141/377/5132
f 5141/377/5132 2150/190/2146 336/189/336 1892/377/1888
f 5140/379/5131 5141/377/5132 1892/377/1888 1893/442/1889
f 5139/425/5130 5140/379/5131 1893/442/1889 1894/381/1890
f 1520/383/1518 5139/425/5130 1894/381/1890 219/382/219
f 1521/383/1519 5136/381/5127 5139/425/5130 1520/383/1518
f 1522/383/1520 5133/425/5124 5136/381/5127 1521/383/1519
f 5142/425/5133 5143/379/5134 5146/378/5137 5145/381/5136
f 5143/379/5134 5144/377/5135 5147/376/5138 5146/378/5137
f 5145/381/5136 5146/378/5137 5149/379/5140 5148/425/5139
f 5146/378/5137 5147/376/5138 5150/377/5141 5149/379/5140
f 219/382/219 1894/381/1890 5142/425/5133 1501/383/1499
f 1894/381/1890 1893/442/1889 5143/379/5134 5142/425/5133
f 1893/442/1889 1892/377/1888 5144/377/5135 5143/379/5134
f 1892/377/1888 336/189/336 2155/215/2151 5144/377/5135
f 5144/377/5135 2155/215/2151 2154/190/2150 5147/376/5138
f 5147/376/5138 2154/190/2150 2153/190/2149 5150/377/5141
f 5150/377/5141 2153/190/2149 337/189/337 1895/377/1891
f 5149/379/5140 5150/377/5141 1895/377/1891 1896/442/1892
f 5148/425/5139 5149/379/5140 1896/442/1892 1897/381/1893
f 1499/383/1497 5148/425/5139 1897/381/1893 221/382/221
f 1500/383/1498 5145/381/5136 5148/425/5139 1499/383/1497
f 1501/383/1499 5142/425/5133 5145/381/5136 1500/383/1498
f 5151/425/5142 5152/379/5143 5155/378/5146 5154/381/5145
f 5152/379/5143 5153/377/5144 5156/376/5147 5155/378/5146
f 5154/381/5145 5155/378/5146 5158/379/5149 5157/425/5148
f 5155/378/5146 5156/376/5147 5159/377/5150 5158/379/5149
f 221/382/221 1897/381/1893 5151/425/5142 1507/383/1505
f 1897/381/1893 1896/442/1892 5152/379/5143 5151/425/5142
f 1896/442/1892 1895/377/1891 5153/377/5144 5152/379/5143
f 1895/377/1891 337/189/337 2158/215/2154 5153/377/5144
f 5153/377/5144 2158/215/2154 2157/190/2153 5156/376/5147
f 5156/376/5147 2157/190/2153 2156/190/2152 5159/377/5150
f 5159/377/5150 2156/190/2152 338/189/338 1898/377/1894
f 5158/379/5149 5159/377/5150 1898/377/1894 1899/442/1895
f 5157/425/5148 5158/379/5149 1899/442/1895 1900/381/1896
f 1505/383/1503 5157/425/5148 1900/381/1896 223/382/223
f 1506/383/1504 5154/381/5145 5157/425/5148 1505/383/1503
f 1507/383/1505 5151/425/5142 5154/381/5145 1506/383/1504
f 5160/1139/5151 5161/1140/5152 5164/1141/5155 5163/1142/5154
f 5161/1140/5152 5162/1143/5153 5165/1144/5156 5164/1141/5155
f 5163/1142/5154 5164/1141/5155 5167/1145/5158 5166/1146/5157
f 5164/1141/5155 5165/1144/5156 5168/1147/5159 5167/1145/5158
f 408/1148/408 2192/1149/2188 5160/1139/5151 2834/1150/2825
f 2192/1149/2188 2193/1151/2189 5161/1140/5152 5160/1139/5151
f 2193/1151/2189 2194/1152/2190 5162/1143/5153 5161/1140/5152
f 2194/1152/2190 346/399/346 2191/400/2187 5162/1143/5153
f 5162/1143/5153 2191/400/2187 2190/401/2186 5165/1144/5156
f 5165/1144/5156 2190/401/2186 2189/402/2185 5168/1147/5159
f 5168/1147/5159 2189/402/2185 197/403/197 1846/1153/1842
f 5167/1145/5158 5168/1147/5159 1846/1153/1842 1845/1154/1841
f 5166/1146/5157 5167/1145/5158 1845/1154/1841 1844/1155/1840
f 2836/1156/2827 5166/1146/5157 1844/1155/1840 406/1157/406
f 2835/1158/2826 5163/1142/5154 5166/1146/5157 2836/1156/2827
f 2834/1150/2825 5160/1139/5151 5163/1142/5154 2835/1158/2826
f 5169/1159/5160 5170/1160/5161 5173/1161/5164 5172/1162/5163
f 5170/1160/5161 5171/1163/5162 5174/1164/5165 5173/1161/5164
f 5172/1162/5163 5173/1161/5164 5176/1165/5167 5175/1166/5166
f 5173/1161/5164 5174/1164/5165 5177/1167/5168 5176/1165/5167
f 335/1037/335 2171/1168/2167 5169/1159/5160 2107/1169/2103
f 2171/1168/2167 2172/1036/2168 5170/1160/5161 5169/1159/5160
f 2172/1036/2168 2173/1170/2169 5171/1163/5162 5170/1160/5161
f 2173/1170/2169 343/181/343 2170/1171/2166 5171/1163/5162
f 5171/1163/5162 2170/1171/2166 2169/495/2165 5174/1164/5165
f 5174/1164/5165 2169/495/2165 2168/494/2164 5177/1167/5168
f 5177/1167/5168 2168/494/2164 252/493/252 1642/1172/1639
f 5176/1165/5167 5177/1167/5168 1642/1172/1639 1641/1173/1638
f 5175/1166/5166 5176/1165/5167 1641/1173/1638 1640/1174/1637
f 2105/1075/2101 5175/1166/5166 1640/1174/1637 245/1175/245
f 2106/1074/2102 5172/1162/5163 5175/1166/5166 2105/1075/2101
f 2107/1169/2103 5169/1159/5160 5172/1162/5163 2106/1074/2102
f 5179/1176/5170 5180/1177/5171 5178/1178/5169 5188/1179/5179
f 5181/1180/5172 5182/1181/5173 5178/1178/5169 5180/1182/5171
f 5183/1183/5174 5184/1184/5175 5178/1178/5169 5182/1185/5173
f 5185/1186/5176 5186/1187/5177 5178/1178/5169 5184/1188/5175
f 5187/1189/5178 5188/1190/5179 5178/1178/5169 5186/1191/5177
f 198/335/198 1870/336/1866 5179/1176/5170 1529/1192/1527
f 1870/336/1866 1869/338/1865 5180/1177/5171 5179/1176/5170
f 1529/1192/1527 5179/1176/5170 5188/1179/5179 1530/1193/1528
f 325/189/325 2185/965/2181 5181/1180/5172 1868/441/1864
f 2185/965/2181 2184/1194/2180 5182/1181/5173 5181/1180/5172
f 1868/441/1864 5181/1180/5172 5180/1182/5171 1869/338/1865
f 344/546/344 2179/1195/2175 5183/1183/5174 2183/971/2179
f 2179/1195/2175 2178/942/2174 5184/1184/5175 5183/1183/5174
f 2183/971/2179 5183/1183/5174 5182/1185/5173 2184/1196/2180
f 231/953/231 1534/1197/1532 5185/1186/5176 2177/1198/2173
f 1534/1197/1532 1533/1199/1531 5186/1187/5177 5185/1186/5176
f 2177/1198/2173 5185/1186/5176 5184/1188/5175 2178/1200/2174
f 230/1201/230 1531/1202/1529 5187/1189/5178 1532/1203/1530
f 1531/1202/1529 1530/1193/1528 5188/1190/5179 5187/1189/5178
f 1532/1203/1530 5187/1189/5178 5186/1191/5177 1533/1204/1531
f 5189/532/5180 5190/1205/5181 5193/534/5184 5192/533/5183
f 5190/1205/5181 5191/1206/5182 5194/538/5185 5193/534/5184
f 5192/533/5183 5193/534/5184 5196/1207/5187 5195/1208/5186
f 5193/534/5184 5194/538/5185 5197/1209/5188 5196/1207/5187
f 251/271/251 1630/543/1627 5189/532/5180 1633/542/1630
f 1630/543/1627 1629/1210/1626 5190/1205/5181 5189/532/5180
f 1629/1210/1626 1628/1211/1625 5191/1206/5182 5190/1205/5181
f 1628/1211/1625 237/555/237 1549/1212/1547 5191/1206/5182
f 5191/1206/5182 1549/1212/1547 1548/552/1546 5194/538/5185
f 5194/538/5185 1548/552/1546 1547/1213/1545 5197/1209/5188
f 5197/1209/5188 1547/1213/1545 345/550/345 2188/1214/2184
f 5196/1207/5187 5197/1209/5188 2188/1214/2184 2187/941/2183
f 5195/1208/5186 5196/1207/5187 2187/941/2183 2186/547/2182
f 1631/970/1628 5195/1208/5186 2186/547/2182 344/1215/344
f 1632/1216/1629 5192/533/5183 5195/1208/5186 1631/970/1628
f 1633/542/1630 5189/532/5180 5192/533/5183 1632/1216/1629
f 5198/86/5189 5199/86/5190 5202/86/5193 5201/86/5192
f 5199/86/5190 5200/86/5191 5203/86/5194 5202/86/5193
f 5201/86/5192 5202/86/5193 5205/86/5196 5204/86/5195
f 5202/86/5193 5203/86/5194 5206/86/5197 5205/86/5196
f 428/86/428 1967/86/1963 5198/86/5189 2954/86/2945
f 1967/86/1963 1968/86/1964 5199/86/5190 5198/86/5189
f 1968/86/1964 1969/86/1965 5200/86/5191 5199/86/5190
f 1969/86/1965 299/86/299 1921/86/1917 5200/86/5191
f 5200/86/5191 1921/86/1917 1920/86/1916 5203/86/5194
f 5203/86/5194 1920/86/1916 1919/86/1915 5206/86/5197
f 5206/86/5197 1919/86/1915 255/86/255 1825/86/1821
f 5205/86/5196 5206/86/5197 1825/86/1821 1824/86/1820
f 5204/86/5195 5205/86/5196 1824/86/1820 1823/86/1819
f 2956/86/2947 5204/86/5195 1823/86/1819 427/86/427
f 2955/86/2946 5201/86/5192 5204/86/5195 2956/86/2947
f 2954/86/2945 5198/86/5189 5201/86/5192 2955/86/2946
f 5207/1217/5198 5208/1218/5199 5211/1219/5202 5210/1220/5201
f 5208/1218/5199 5209/1221/5200 5212/1222/5203 5211/1219/5202
f 5210/1220/5201 5211/1219/5202 5214/1223/5205 5213/1224/5204
f 5211/1219/5202 5212/1222/5203 5215/1225/5206 5214/1223/5205
f 407/810/407 1850/808/1846 5207/1217/5198 2831/1226/2822
f 1850/808/1846 1851/807/1847 5208/1218/5199 5207/1217/5198
f 1851/807/1847 1852/806/1848 5209/1221/5200 5208/1218/5199
f 1852/806/1848 236/79/236 1546/420/1544 5209/1221/5200
f 5209/1221/5200 1546/420/1544 1545/421/1543 5212/1222/5203
f 5212/1222/5203 1545/421/1543 1544/422/1542 5215/1225/5206
f 5215/1225/5206 1544/422/1542 346/399/346 2194/1152/2190
f 5214/1223/5205 5215/1225/5206 2194/1152/2190 2193/1151/2189
f 5213/1224/5204 5214/1223/5205 2193/1151/2189 2192/1149/2188
f 2833/1227/2824 5213/1224/5204 2192/1149/2188 408/1148/408
f 2832/1228/2823 5210/1220/5201 5213/1224/5204 2833/1227/2824
f 2831/1226/2822 5207/1217/5198 5210/1220/5201 2832/1228/2823
f 5216/87/5207 5217/27/5208 5220/27/5211 5219/31/5210
f 5217/27/5208 5218/26/5209 5221/32/5212 5220/27/5211
f 5219/31/5210 5220/27/5211 5223/28/5214 5222/87/5213
f 5220/27/5211 5221/32/5212 5224/29/5215 5223/28/5214
f 208/575/208 2216/36/2212 5216/87/5207 1472/37/1470
f 2216/36/2212 2217/28/2213 5217/27/5208 5216/87/5207
f 2217/28/2213 2218/26/2214 5218/26/5209 5217/27/5208
f 2218/26/2214 353/33/353 2251/88/2247 5218/26/5209
f 5218/26/5209 2251/88/2247 2250/39/2246 5221/32/5212
f 5221/32/5212 2250/39/2246 2249/39/2245 5224/29/5215
f 5224/29/5215 2249/39/2245 354/33/354 2221/26/2217
f 5223/28/5214 5224/29/5215 2221/26/2217 2220/28/2216
f 5222/87/5213 5223/28/5214 2220/28/2216 2219/36/2215
f 1474/89/1472 5222/87/5213 2219/36/2215 210/575/210
f 1473/38/1471 5219/31/5210 5222/87/5213 1474/89/1472
f 1472/37/1470 5216/87/5207 5219/31/5210 1473/38/1471
f 5225/1229/5216 5226/1230/5217 5229/1231/5220 5228/1232/5219
f 5226/1230/5217 5227/1233/5218 5230/1234/5221 5229/1231/5220
f 5228/1232/5219 5229/1231/5220 5232/1235/5223 5231/1236/5222
f 5229/1231/5220 5230/1234/5221 5233/1237/5224 5232/1235/5223
f 245/1076/245 1573/1238/1571 5225/1229/5216 1591/1077/1589
f 1573/1238/1571 1572/1239/1570 5226/1230/5217 5225/1229/5216
f 1572/1239/1570 1571/1240/1569 5227/1233/5218 5226/1230/5217
f 1571/1240/1569 356/49/356 2254/51/2250 5227/1233/5218
f 5227/1233/5218 2254/51/2250 2253/60/2249 5230/1234/5221
f 5230/1234/5221 2253/60/2249 2252/59/2248 5233/1237/5224
f 5233/1237/5224 2252/59/2248 361/39/361 1586/592/1584
f 5232/1235/5223 5233/1237/5224 1586/592/1584 1587/576/1585
f 5231/1236/5222 5232/1235/5223 1587/576/1585 1588/578/1586
f 1589/1079/1587 5231/1236/5222 1588/578/1586 250/211/250
f 1590/1078/1588 5228/1232/5219 5231/1236/5222 1589/1079/1587
f 1591/1077/1589 5225/1229/5216 5228/1232/5219 1590/1078/1588
f 5234/153/5225 5235/579/5226 5238/151/5229 5237/578/5228
f 5235/579/5226 5236/149/5227 5239/577/5230 5238/151/5229
f 5237/578/5228 5238/151/5229 5241/155/5232 5240/152/5231
f 5238/151/5229 5239/577/5230 5242/592/5233 5241/155/5232
f 248/156/248 1582/152/1580 5234/153/5225 1597/211/1595
f 1582/152/1580 1581/579/1579 5235/579/5226 5234/153/5225
f 1581/579/1579 1580/150/1578 5236/149/5227 5235/579/5226
f 1580/150/1578 359/33/359 2257/34/2253 5236/149/5227
f 5236/149/5227 2257/34/2253 2256/39/2252 5239/577/5230
f 5239/577/5230 2256/39/2252 2255/39/2251 5242/592/5233
f 5242/592/5233 2255/39/2251 360/33/360 1583/150/1581
f 5241/155/5232 5242/592/5233 1583/150/1581 1584/579/1582
f 5240/152/5231 5241/155/5232 1584/579/1582 1585/152/1583
f 1595/157/1593 5240/152/5231 1585/152/1583 249/156/249
f 1596/211/1594 5237/578/5228 5240/152/5231 1595/157/1593
f 1597/211/1595 5234/153/5225 5237/578/5228 1596/211/1594
f 5243/153/5234 5244/579/5235 5247/151/5238 5246/578/5237
f 5244/579/5235 5245/149/5236 5248/577/5239 5247/151/5238
f 5246/578/5237 5247/151/5238 5250/155/5241 5249/152/5240
f 5247/151/5238 5248/577/5239 5251/592/5242 5250/155/5241
f 247/156/247 1579/152/1577 5243/153/5234 1600/211/247
f 1579/152/1577 1578/579/1576 5244/579/5235 5243/153/5234
f 1578/579/1576 1577/150/1575 5245/149/5236 5244/579/5235
f 1577/150/1575 358/33/358 2260/34/2256 5245/149/5236
f 5245/149/5236 2260/34/2256 2259/39/2255 5248/577/5239
f 5248/577/5239 2259/39/2255 2258/39/2254 5251/592/5242
f 5251/592/5242 2258/39/2254 359/33/359 1580/150/1578
f 5250/155/5241 5251/592/5242 1580/150/1578 1581/579/1579
f 5249/152/5240 5250/155/5241 1581/579/1579 1582/152/1580
f 1598/157/1596 5249/152/5240 1582/152/1580 248/156/248
f 1599/211/1597 5246/578/5237 5249/152/5240 1598/157/1596
f 1600/211/247 5243/153/5234 5246/578/5237 1599/211/1597
f 5252/153/5243 5253/579/5244 5256/151/5247 5255/578/5246
f 5253/579/5244 5254/149/5245 5257/577/5248 5256/151/5247
f 5255/578/5246 5256/151/5247 5259/155/5250 5258/152/5249
f 5256/151/5247 5257/577/5248 5260/592/5251 5259/155/5250
f 246/156/246 1576/152/1574 5252/153/5243 1603/211/1600
f 1576/152/1574 1575/579/1573 5253/579/5244 5252/153/5243
f 1575/579/1573 1574/150/1572 5254/149/5245 5253/579/5244
f 1574/150/1572 357/33/357 2263/34/2259 5254/149/5245
f 5254/149/5245 2263/34/2259 2262/39/2258 5257/577/5248
f 5257/577/5248 2262/39/2258 2261/39/2257 5260/592/5251
f 5260/592/5251 2261/39/2257 358/33/358 1577/150/1575
f 5259/155/5250 5260/592/5251 1577/150/1575 1578/579/1576
f 5258/152/5249 5259/155/5250 1578/579/1576 1579/152/1577
f 1601/157/1598 5258/152/5249 1579/152/1577 247/156/247
f 1602/211/1599 5255/578/5246 5258/152/5249 1601/157/1598
f 1603/211/1600 5252/153/5243 5255/578/5246 1602/211/1599
f 5261/153/5252 5262/579/5253 5265/151/5256 5264/578/5255
f 5262/579/5253 5263/149/5254 5266/577/5257 5265/151/5256
f 5264/578/5255 5265/151/5256 5268/155/5259 5267/152/5258
f 5265/151/5256 5266/577/5257 5269/592/5260 5268/155/5259
f 250/156/250 1588/152/1586 5261/153/5252 1606/211/1603
f 1588/152/1586 1587/579/1585 5262/579/5253 5261/153/5252
f 1587/579/1585 1586/150/1584 5263/149/5254 5262/579/5253
f 1586/150/1584 361/33/361 2266/34/2262 5263/149/5254
f 5263/149/5254 2266/34/2262 2265/39/2261 5266/577/5257
f 5266/577/5257 2265/39/2261 2264/39/2260 5269/592/5260
f 5269/592/5260 2264/39/2260 357/33/357 1574/150/1572
f 5268/155/5259 5269/592/5260 1574/150/1572 1575/579/1573
f 5267/152/5258 5268/155/5259 1575/579/1573 1576/152/1574
f 1604/157/1601 5267/152/5258 1576/152/1574 246/156/246
f 1605/211/1602 5264/578/5255 5267/152/5258 1604/157/1601
f 1606/211/1603 5261/153/5252 5264/578/5255 1605/211/1602
f 5270/152/5261 5271/152/5262 5274/576/5265 5273/155/5264
f 5271/152/5262 5272/152/5263 5275/151/5266 5274/576/5265
f 5273/155/5264 5274/576/5265 5277/577/5268 5276/149/5267
f 5274/576/5265 5275/151/5266 5278/150/5269 5277/577/5268
f 238/156/238 1607/157/1604 5270/152/5261 1552/152/1550
f 1607/157/1604 1608/211/1605 5271/152/5262 5270/152/5261
f 1608/211/1605 1609/156/1606 5272/152/5263 5271/152/5262
f 1609/156/1606 244/211/244 1570/152/1568 5272/152/5263
f 5272/152/5263 1570/152/1568 1569/576/1567 5275/151/5266
f 5275/151/5266 1569/576/1567 1568/577/1566 5278/150/5269
f 5278/150/5269 1568/577/1566 355/33/355 2269/39/2265
f 5277/577/5268 5278/150/5269 2269/39/2265 2268/88/2264
f 5276/149/5267 5277/577/5268 2268/88/2264 2267/34/2263
f 1550/150/1548 5276/149/5267 2267/34/2263 349/33/349
f 1551/151/1549 5273/155/5264 5276/149/5267 1550/150/1548
f 1552/152/1550 5270/152/5261 5273/155/5264 1551/151/1549
f 5279/152/5270 5280/578/5271 5283/151/5274 5282/151/5273
f 5280/578/5271 5281/578/5272 5284/155/5275 5283/151/5274
f 5282/151/5273 5283/151/5274 5286/577/5277 5285/577/5276
f 5283/151/5274 5284/155/5275 5287/149/5278 5286/577/5277
f 243/156/243 1592/157/1590 5279/152/5270 1567/578/1565
f 1592/157/1590 1593/157/1591 5280/578/5271 5279/152/5270
f 1593/157/1591 1594/157/1592 5281/578/5272 5280/578/5271
f 1594/157/1592 249/156/249 1585/578/1583 5281/578/5272
f 5281/578/5272 1585/578/1583 1584/579/1582 5284/155/5275
f 5284/155/5275 1584/579/1582 1583/577/1581 5287/149/5278
f 5287/149/5278 1583/577/1581 360/33/360 2272/88/2268
f 5286/577/5277 5287/149/5278 2272/88/2268 2271/88/2267
f 5285/577/5276 5286/577/5277 2271/88/2267 2270/88/2266
f 1565/577/1563 5285/577/5276 2270/88/2266 354/33/354
f 1566/579/1564 5282/151/5273 5285/577/5276 1565/577/1563
f 1567/578/1565 5279/152/5270 5282/151/5273 1566/579/1564
f 5288/152/5279 5289/578/5280 5292/151/5283 5291/151/5282
f 5289/578/5280 5290/578/5281 5293/155/5284 5292/151/5283
f 5291/151/5282 5292/151/5283 5295/577/5286 5294/577/5285
f 5292/151/5283 5293/155/5284 5296/149/5287 5295/577/5286
f 241/156/241 1613/157/1610 5288/152/5279 1561/578/1559
f 1613/157/1610 1614/157/1611 5289/578/5280 5288/152/5279
f 1614/157/1611 1615/157/1612 5290/578/5281 5289/578/5280
f 1615/157/1612 242/156/242 1564/578/1562 5290/578/5281
f 5290/578/5281 1564/578/1562 1563/579/1561 5293/155/5284
f 5293/155/5284 1563/579/1561 1562/577/1560 5296/149/5287
f 5296/149/5287 1562/577/1560 353/33/353 2275/88/2271
f 5295/577/5286 5296/149/5287 2275/88/2271 2274/88/2270
f 5294/577/5285 5295/577/5286 2274/88/2270 2273/88/2269
f 1559/577/1557 5294/577/5285 2273/88/2269 352/33/352
f 1560/579/1558 5291/151/5282 5294/577/5285 1559/577/1557
f 1561/578/1559 5288/152/5279 5291/151/5282 1560/579/1558
f 5297/152/5288 5298/578/5289 5301/151/5292 5300/151/5291
f 5298/578/5289 5299/578/5290 5302/155/5293 5301/151/5292
f 5300/151/5291 5301/151/5292 5304/577/5295 5303/577/5294
f 5301/151/5292 5302/155/5293 5305/149/5296 5304/577/5295
f 240/156/240 1616/157/1613 5297/152/5288 1558/578/1556
f 1616/157/1613 1617/157/1614 5298/578/5289 5297/152/5288
f 1617/157/1614 1618/157/1615 5299/578/5290 5298/578/5289
f 1618/157/1615 241/156/241 1561/578/1559 5299/578/5290
f 5299/578/5290 1561/578/1559 1560/579/1558 5302/155/5293
f 5302/155/5293 1560/579/1558 1559/577/1557 5305/149/5296
f 5305/149/5296 1559/577/1557 352/33/352 2278/88/2274
f 5304/577/5295 5305/149/5296 2278/88/2274 2277/88/2273
f 5303/577/5294 5304/577/5295 2277/88/2273 2276/88/2272
f 1556/577/1554 5303/577/5294 2276/88/2272 351/33/351
f 1557/579/1555 5300/151/5291 5303/577/5294 1556/577/1554
f 1558/578/1556 5297/152/5288 5300/151/5291 1557/579/1555
f 5306/152/5297 5307/578/5298 5310/151/5301 5309/151/5300
f 5307/578/5298 5308/578/5299 5311/155/5302 5310/151/5301
f 5309/151/5300 5310/151/5301 5313/577/5304 5312/577/5303
f 5310/151/5301 5311/155/5302 5314/149/5305 5313/577/5304
f 239/156/239 1619/157/1616 5306/152/5297 1555/578/1553
f 1619/157/1616 1620/157/1617 5307/578/5298 5306/152/5297
f 1620/157/1617 1621/157/1618 5308/578/5299 5307/578/5298
f 1621/157/1618 240/156/240 1558/578/1556 5308/578/5299
f 5308/578/5299 1558/578/1556 1557/579/1555 5311/155/5302
f 5311/155/5302 1557/579/1555 1556/577/1554 5314/149/5305
f 5314/149/5305 1556/577/1554 351/33/351 2281/88/2277
f 5313/577/5304 5314/149/5305 2281/88/2277 2280/88/2276
f 5312/577/5303 5313/577/5304 2280/88/2276 2279/88/2275
f 1553/577/1551 5312/577/5303 2279/88/2275 350/33/350
f 1554/579/1552 5309/151/5300 5312/577/5303 1553/577/1551
f 1555/578/1553 5306/152/5297 5309/151/5300 1554/579/1552
f 5315/152/5306 5316/578/5307 5319/151/5310 5318/151/5309
f 5316/578/5307 5317/578/5308 5320/155/5311 5319/151/5310
f 5318/151/5309 5319/151/5310 5322/577/5313 5321/577/5312
f 5319/151/5310 5320/155/5311 5323/149/5314 5322/577/5313
f 244/156/244 1622/157/1619 5315/152/5306 1570/578/1568
f 1622/157/1619 1623/157/1620 5316/578/5307 5315/152/5306
f 1623/157/1620 1624/157/1621 5317/578/5308 5316/578/5307
f 1624/157/1621 239/156/239 1555/578/1553 5317/578/5308
f 5317/578/5308 1555/578/1553 1554/579/1552 5320/155/5311
f 5320/155/5311 1554/579/1552 1553/577/1551 5323/149/5314
f 5323/149/5314 1553/577/1551 350/33/350 2284/88/2280
f 5322/577/5313 5323/149/5314 2284/88/2280 2283/88/2279
f 5321/577/5312 5322/577/5313 2283/88/2279 2282/88/2278
f 1568/577/1566 5321/577/5312 2282/88/2278 355/33/355
f 1569/579/1567 5318/151/5309 5321/577/5312 1568/577/1566
f 1570/578/1568 5315/152/5306 5318/151/5309 1569/579/1567
f 5325/1241/5316 5326/1242/5317 5324/1243/5315 5330/1244/5321
f 5327/1245/5318 5328/1246/5319 5324/1243/5315 5326/1247/5317
f 5329/1248/5320 5330/1244/5321 5324/1243/5315 5328/1249/5319
f 356/284/356 2303/1250/2299 5325/1241/5316 2227/1251/2223
f 2303/1250/2299 2304/1252/2300 5326/1242/5317 5325/1241/5316
f 2227/1251/2223 5325/1241/5316 5330/1244/5321 2226/1253/2222
f 364/1254/364 2293/1255/2289 5327/1245/5318 2305/1256/2301
f 2293/1255/2289 2292/1257/2288 5328/1246/5319 5327/1245/5318
f 2305/1256/2301 5327/1245/5318 5326/1247/5317 2304/1252/2300
f 218/855/218 2225/854/2221 5329/1248/5320 2291/1006/2287
f 2225/854/2221 2226/1253/2222 5330/1244/5321 5329/1248/5320
f 2291/1006/2287 5329/1248/5320 5328/1249/5319 2292/1258/2288
f 5331/1259/5322 5332/1260/5323 5335/1261/5326 5334/1262/5325
f 5332/1260/5323 5333/1263/5324 5336/614/5327 5335/1261/5326
f 5334/1262/5325 5335/1261/5326 5338/1264/5329 5337/1265/5328
f 5335/1261/5326 5336/614/5327 5339/1266/5330 5338/1264/5329
f 251/271/251 2294/1267/2290 5331/1259/5322 1630/1268/1627
f 2294/1267/2290 2295/1269/2291 5332/1260/5323 5331/1259/5322
f 2295/1269/2291 2296/1270/2292 5333/1263/5324 5332/1260/5323
f 2296/1270/2292 365/1271/365 2299/871/2295 5333/1263/5324
f 5333/1263/5324 2299/871/2295 2298/1272/2294 5336/614/5327
f 5336/614/5327 2298/1272/2294 2297/877/2293 5339/1266/5330
f 5339/1266/5330 2297/877/2293 348/1273/348 2200/1274/2196
f 5338/1264/5329 5339/1266/5330 2200/1274/2196 2199/622/2195
f 5337/1265/5328 5338/1264/5329 2199/622/2195 2198/1275/2194
f 1628/554/1625 5337/1265/5328 2198/1275/2194 237/1276/237
f 1629/1277/1626 5334/1262/5325 5337/1265/5328 1628/554/1625
f 1630/1268/1627 5331/1259/5322 5334/1262/5325 1629/1277/1626
f 5340/1278/5331 5341/1279/5332 5344/1280/5335 5343/1281/5334
f 5341/1279/5332 5342/1282/5333 5345/1283/5336 5344/1280/5335
f 5343/1281/5334 5344/1280/5335 5347/1284/5338 5346/1285/5337
f 5344/1280/5335 5345/1283/5336 5348/1286/5339 5347/1284/5338
f 238/156/238 1552/152/1550 5340/1278/5331 1627/966/1624
f 1552/152/1550 1551/151/1549 5341/1279/5332 5340/1278/5331
f 1551/151/1549 1550/150/1548 5342/1282/5333 5341/1279/5332
f 1550/150/1548 349/33/349 2302/983/2298 5342/1282/5333
f 5342/1282/5333 2302/983/2298 2301/984/2297 5345/1283/5336
f 5345/1283/5336 2301/984/2297 2300/987/2296 5348/1286/5339
f 5348/1286/5339 2300/987/2296 365/1271/365 2296/1270/2292
f 5347/1284/5338 5348/1286/5339 2296/1270/2292 2295/1269/2291
f 5346/1285/5337 5347/1284/5338 2295/1269/2291 2294/1267/2290
f 1625/968/1622 5346/1285/5337 2294/1267/2290 251/271/251
f 1626/967/1623 5343/1281/5334 5346/1285/5337 1625/968/1622
f 1627/966/1624 5340/1278/5331 5343/1281/5334 1626/967/1623
f 5349/1287/5340 5350/1288/5341 5353/1289/5344 5352/1290/5343
f 5350/1288/5341 5351/1291/5342 5354/1292/5345 5353/1289/5344
f 5352/1290/5343 5353/1289/5344 5356/1293/5347 5355/1294/5346
f 5353/1289/5344 5354/1292/5345 5357/1295/5348 5356/1293/5347
f 245/1175/245 1640/1174/1637 5349/1287/5340 1573/1296/1571
f 1640/1174/1637 1641/1173/1638 5350/1288/5341 5349/1287/5340
f 1641/1173/1638 1642/1172/1639 5351/1291/5342 5350/1288/5341
f 1642/1172/1639 252/493/252 2290/1297/2286 5351/1291/5342
f 5351/1291/5342 2290/1297/2286 2289/656/2285 5354/1292/5345
f 5354/1292/5345 2289/656/2285 2288/1298/2284 5357/1295/5348
f 5357/1295/5348 2288/1298/2284 364/303/364 2305/1299/2301
f 5356/1293/5347 5357/1295/5348 2305/1299/2301 2304/1300/2300
f 5355/1294/5346 5356/1293/5347 2304/1300/2300 2303/1301/2299
f 1571/1240/1569 5355/1294/5346 2303/1301/2299 356/284/356
f 1572/1302/1570 5352/1290/5343 5355/1294/5346 1571/1240/1569
f 1573/1296/1571 5349/1287/5340 5352/1290/5343 1572/1302/1570
f 5358/1303/5349 5359/1304/5350 5362/1305/5353 5361/1306/5352
f 5359/1304/5350 5360/1307/5351 5363/664/5354 5362/1305/5353
f 5361/1306/5352 5362/1305/5353 5365/663/5356 5364/1308/5355
f 5362/1305/5353 5363/664/5354 5366/1309/5357 5365/663/5356
f 252/493/252 2243/1310/2239 5358/1303/5349 2290/1297/2286
f 2243/1310/2239 2244/1311/2240 5359/1304/5350 5358/1303/5349
f 2244/1311/2240 2245/171/2241 5360/1307/5351 5359/1304/5350
f 2245/171/2241 235/172/235 1637/1312/1634 5360/1307/5351
f 5360/1307/5351 1637/1312/1634 1638/1313/1635 5363/664/5354
f 5363/664/5354 1638/1313/1635 1639/1314/1636 5366/1309/5357
f 5366/1309/5357 1639/1314/1636 362/1002/362 2308/1315/2304
f 5365/663/5356 5366/1309/5357 2308/1315/2304 2307/314/2303
f 5364/1308/5355 5365/663/5356 2307/314/2303 2306/1316/2302
f 2288/1298/2284 5364/1308/5355 2306/1316/2302 364/303/364
f 2289/656/2285 5361/1306/5352 5364/1308/5355 2288/1298/2284
f 2290/1297/2286 5358/1303/5349 5361/1306/5352 2289/656/2285
f 5368/1317/5359 5369/1318/5360 5367/1319/5358 5377/1320/5368
f 5370/1321/5361 5371/1322/5362 5367/1319/5358 5369/1323/5360
f 5372/1324/5363 5373/1325/5364 5367/1319/5358 5371/1326/5362
f 5374/1327/5365 5375/1328/5366 5367/1319/5358 5373/1325/5364
f 5376/1329/5367 5377/1330/5368 5367/1319/5358 5375/1331/5366
f 343/1332/343 1907/1333/1903 5368/1317/5359 2246/916/2242
f 1907/1333/1903 1908/1334/1904 5369/1318/5360 5368/1317/5359
f 2246/916/2242 5368/1317/5359 5377/1320/5368 2247/917/2243
f 234/1335/234 1543/1336/1541 5370/1321/5361 1909/1337/1905
f 1543/1336/1541 1542/1338/1540 5371/1322/5362 5370/1321/5361
f 1909/1337/1905 5370/1321/5361 5369/1323/5360 1908/1339/1904
f 232/1340/232 1906/1341/1902 5372/1324/5363 1541/1342/1539
f 1906/1341/1902 1905/1343/1901 5373/1325/5364 5372/1324/5363
f 1541/1342/1539 5372/1324/5363 5371/1326/5362 1542/1338/1540
f 217/1344/217 2159/1345/2155 5374/1327/5365 1904/1346/1900
f 2159/1345/2155 2160/1347/2156 5375/1328/5366 5374/1327/5365
f 1904/1346/1900 5374/1327/5365 5373/1325/5364 1905/1348/1901
f 341/1349/341 2248/1350/2244 5376/1329/5367 2161/1351/2157
f 2248/1350/2244 2247/1352/2243 5377/1330/5368 5376/1329/5367
f 2161/1351/2157 5376/1329/5367 5375/1331/5366 2160/1353/2156
f 5378/86/5369 5379/86/5370 5382/86/5373 5381/86/5372
f 5379/86/5370 5380/86/5371 5383/86/5374 5382/86/5373
f 5381/86/5372 5382/86/5373 5385/86/5376 5384/86/5375
f 5382/86/5373 5383/86/5374 5386/86/5377 5385/86/5376
f 372/86/372 2344/86/2340 5378/86/5369 2365/86/2361
f 2344/86/2340 2343/86/2339 5379/86/5370 5378/86/5369
f 2343/86/2339 2342/86/2338 5380/86/5371 5379/86/5370
f 2342/86/2338 370/86/370 2323/86/2319 5380/86/5371
f 5380/86/5371 2323/86/2319 2322/86/2318 5383/86/5374
f 5383/86/5374 2322/86/2318 2321/86/2317 5386/86/5377
f 5386/86/5377 2321/86/2317 366/86/366 2326/86/2322
f 5385/86/5376 5386/86/5377 2326/86/2322 2325/86/2321
f 5384/86/5375 5385/86/5376 2325/86/2321 2324/86/2320
f 2363/86/2359 5384/86/5375 2324/86/2320 371/86/371
f 2364/86/2360 5381/86/5372 5384/86/5375 2363/86/2359
f 2365/86/2361 5378/86/5369 5381/86/5372 2364/86/2360
f 5387/86/5378 5388/86/5379 5391/86/5382 5390/86/5381
f 5388/86/5379 5389/86/5380 5392/86/5383 5391/86/5382
f 5390/86/5381 5391/86/5382 5394/86/5385 5393/86/5384
f 5391/86/5382 5392/86/5383 5395/86/5386 5394/86/5385
f 373/86/373 2347/86/2343 5387/86/5378 2362/86/2358
f 2347/86/2343 2346/86/2342 5388/86/5379 5387/86/5378
f 2346/86/2342 2345/86/2341 5389/86/5380 5388/86/5379
f 2345/86/2341 368/86/368 2317/86/2313 5389/86/5380
f 5389/86/5380 2317/86/2313 2316/86/2312 5392/86/5383
f 5392/86/5383 2316/86/2312 2315/86/2311 5395/86/5386
f 5395/86/5386 2315/86/2311 370/86/370 2342/86/2338
f 5394/86/5385 5395/86/5386 2342/86/2338 2343/86/2339
f 5393/86/5384 5394/86/5385 2343/86/2339 2344/86/2340
f 2360/86/2356 5393/86/5384 2344/86/2340 372/86/372
f 2361/86/2357 5390/86/5381 5393/86/5384 2360/86/2356
f 2362/86/2358 5387/86/5378 5390/86/5381 2361/86/2357
f 5396/86/5387 5397/86/5388 5400/86/5391 5399/86/5390
f 5397/86/5388 5398/86/5389 5401/86/5392 5400/86/5391
f 5399/86/5390 5400/86/5391 5403/86/5394 5402/86/5393
f 5400/86/5391 5401/86/5392 5404/86/5395 5403/86/5394
f 374/86/374 2350/86/2346 5396/86/5387 2359/86/2355
f 2350/86/2346 2349/86/2345 5397/86/5388 5396/86/5387
f 2349/86/2345 2348/86/2344 5398/86/5389 5397/86/5388
f 2348/86/2344 369/86/369 2320/86/2316 5398/86/5389
f 5398/86/5389 2320/86/2316 2319/86/2315 5401/86/5392
f 5401/86/5392 2319/86/2315 2318/86/2314 5404/86/5395
f 5404/86/5395 2318/86/2314 368/86/368 2345/86/2341
f 5403/86/5394 5404/86/5395 2345/86/2341 2346/86/2342
f 5402/86/5393 5403/86/5394 2346/86/2342 2347/86/2343
f 2357/86/2353 5402/86/5393 2347/86/2343 373/86/373
f 2358/86/2354 5399/86/5390 5402/86/5393 2357/86/2353
f 2359/86/2355 5396/86/5387 5399/86/5390 2358/86/2354
f 5405/86/5396 5406/86/5397 5409/86/5400 5408/86/5399
f 5406/86/5397 5407/86/5398 5410/86/5401 5409/86/5400
f 5408/86/5399 5409/86/5400 5412/86/5403 5411/86/5402
f 5409/86/5400 5410/86/5401 5413/86/5404 5412/86/5403
f 375/86/375 2353/86/2349 5405/86/5396 2356/86/2352
f 2353/86/2349 2352/86/2348 5406/86/5397 5405/86/5396
f 2352/86/2348 2351/86/2347 5407/86/5398 5406/86/5397
f 2351/86/2347 367/86/367 2314/86/2310 5407/86/5398
f 5407/86/5398 2314/86/2310 2313/86/2309 5410/86/5401
f 5410/86/5401 2313/86/2309 2312/86/2308 5413/86/5404
f 5413/86/5404 2312/86/2308 369/86/369 2348/86/2344
f 5412/86/5403 5413/86/5404 2348/86/2344 2349/86/2345
f 5411/86/5402 5412/86/5403 2349/86/2345 2350/86/2346
f 2354/86/2350 5411/86/5402 2350/86/2346 374/86/374
f 2355/86/2351 5408/86/5399 5411/86/5402 2354/86/2350
f 2356/86/2352 5405/86/5396 5408/86/5399 2355/86/2351
f 5414/86/5405 5415/86/5406 5418/86/5409 5417/86/5408
f 5415/86/5406 5416/86/5407 5419/86/5410 5418/86/5409
f 5417/86/5408 5418/86/5409 5421/86/5412 5420/86/5411
f 5418/86/5409 5419/86/5410 5422/86/5413 5421/86/5412
f 292/86/292 2338/86/2334 5414/86/5405 1801/86/1797
f 2338/86/2334 2337/86/2333 5415/86/5406 5414/86/5405
f 2337/86/2333 2336/86/2332 5416/86/5407 5415/86/5406
f 2336/86/2332 375/86/375 2356/86/2352 5416/86/5407
f 5416/86/5407 2356/86/2352 2355/86/2351 5419/86/5410
f 5419/86/5410 2355/86/2351 2354/86/2350 5422/86/5413
f 5422/86/5413 2354/86/2350 374/86/374 2333/86/2329
f 5421/86/5412 5422/86/5413 2333/86/2329 2334/86/2330
f 5420/86/5411 5421/86/5412 2334/86/2330 2335/86/2331
f 1799/86/1795 5420/86/5411 2335/86/2331 322/86/322
f 1800/86/1796 5417/86/5408 5420/86/5411 1799/86/1795
f 1801/86/1797 5414/86/5405 5417/86/5408 1800/86/1796
f 5423/86/5414 5424/86/5415 5427/86/5418 5426/86/5417
f 5424/86/5415 5425/86/5416 5428/86/5419 5427/86/5418
f 5426/86/5417 5427/86/5418 5430/86/5421 5429/86/5420
f 5427/86/5418 5428/86/5419 5431/86/5422 5430/86/5421
f 322/86/322 2335/86/2331 5423/86/5414 2056/86/2052
f 2335/86/2331 2334/86/2330 5424/86/5415 5423/86/5414
f 2334/86/2330 2333/86/2329 5425/86/5416 5424/86/5415
f 2333/86/2329 374/86/374 2359/86/2355 5425/86/5416
f 5425/86/5416 2359/86/2355 2358/86/2354 5428/86/5419
f 5428/86/5419 2358/86/2354 2357/86/2353 5431/86/5422
f 5431/86/5422 2357/86/2353 373/86/373 2330/86/2326
f 5430/86/5421 5431/86/5422 2330/86/2326 2331/86/2327
f 5429/86/5420 5430/86/5421 2331/86/2327 2332/86/2328
f 2054/86/2050 5429/86/5420 2332/86/2328 294/86/294
f 2055/86/2051 5426/86/5417 5429/86/5420 2054/86/2050
f 2056/86/2052 5423/86/5414 5426/86/5417 2055/86/2051
f 5432/86/5423 5433/86/5424 5436/86/5427 5435/86/5426
f 5433/86/5424 5434/86/5425 5437/86/5428 5436/86/5427
f 5435/86/5426 5436/86/5427 5439/86/5430 5438/86/5429
f 5436/86/5427 5437/86/5428 5440/86/5431 5439/86/5430
f 294/86/294 2332/86/2328 5432/86/5423 1813/86/1809
f 2332/86/2328 2331/86/2327 5433/86/5424 5432/86/5423
f 2331/86/2327 2330/86/2326 5434/86/5425 5433/86/5424
f 2330/86/2326 373/86/373 2362/86/2358 5434/86/5425
f 5434/86/5425 2362/86/2358 2361/86/2357 5437/86/5428
f 5437/86/5428 2361/86/2357 2360/86/2356 5440/86/5431
f 5440/86/5431 2360/86/2356 372/86/372 2327/86/2323
f 5439/86/5430 5440/86/5431 2327/86/2323 2328/86/2324
f 5438/86/5429 5439/86/5430 2328/86/2324 2329/86/2325
f 1811/86/1807 5438/86/5429 2329/86/2325 327/86/327
f 1812/86/1808 5435/86/5426 5438/86/5429 1811/86/1807
f 1813/86/1809 5432/86/5423 5435/86/5426 1812/86/1808
f 5441/86/5432 5442/86/5433 5445/86/5436 5444/86/5435
f 5442/86/5433 5443/86/5434 5446/86/5437 5445/86/5436
f 5444/86/5435 5445/86/5436 5448/86/5439 5447/86/5438
f 5445/86/5436 5446/86/5437 5449/86/5440 5448/86/5439
f 327/86/327 2329/86/2325 5441/86/5432 2074/86/2070
f 2329/86/2325 2328/86/2324 5442/86/5433 5441/86/5432
f 2328/86/2324 2327/86/2323 5443/86/5434 5442/86/5433
f 2327/86/2323 372/86/372 2365/86/2361 5443/86/5434
f 5443/86/5434 2365/86/2361 2364/86/2360 5446/86/5437
f 5446/86/5437 2364/86/2360 2363/86/2359 5449/86/5440
f 5449/86/5440 2363/86/2359 371/86/371 2341/86/2337
f 5448/86/5439 5449/86/5440 2341/86/2337 2340/86/2336
f 5447/86/5438 5448/86/5439 2340/86/2336 2339/86/2335
f 2072/86/2068 5447/86/5438 2339/86/2335 291/86/291
f 2073/86/2069 5444/86/5435 5447/86/5438 2072/86/2068
f 2074/86/2070 5441/86/5432 5444/86/5435 2073/86/2069
f 5450/86/5441 5451/86/5442 5454/86/5445 5453/86/5444
f 5451/86/5442 5452/86/5443 5455/86/5446 5454/86/5445
f 5453/86/5444 5454/86/5445 5457/86/5448 5456/86/5447
f 5454/86/5445 5455/86/5446 5458/86/5449 5457/86/5448
f 428/86/428 2953/86/2944 5450/86/5441 1967/86/1963
f 2953/86/2944 2952/86/2943 5451/86/5442 5450/86/5441
f 2952/86/2943 2951/86/2942 5452/86/5443 5451/86/5442
f 2951/86/2942 430/86/430 2944/86/2935 5452/86/5443
f 5452/86/5443 2944/86/2935 2943/86/2934 5455/86/5446
f 5455/86/5446 2943/86/2934 2942/86/2933 5458/86/5449
f 5458/86/5449 2942/86/2933 257/86/257 1651/86/1648
f 5457/86/5448 5458/86/5449 1651/86/1648 1650/86/1647
f 5456/86/5447 5457/86/5448 1650/86/1647 1649/86/1646
f 1969/86/1965 5456/86/5447 1649/86/1646 299/86/299
f 1968/86/1964 5453/86/5444 5456/86/5447 1969/86/1965
f 1967/86/1963 5450/86/5441 5453/86/5444 1968/86/1964
f 5459/86/5450 5460/86/5451 5463/86/5454 5462/86/5453
f 5460/86/5451 5461/86/5452 5464/86/5455 5463/86/5454
f 5462/86/5453 5463/86/5454 5466/86/5457 5465/86/5456
f 5463/86/5454 5464/86/5455 5467/86/5458 5466/86/5457
f 300/86/300 1652/86/1649 5459/86/5450 2375/86/2371
f 1652/86/1649 1653/86/1650 5460/86/5451 5459/86/5450
f 1653/86/1650 1654/86/1651 5461/86/5452 5460/86/5451
f 1654/86/1651 260/86/260 1819/86/1815 5461/86/5452
f 5461/86/5452 1819/86/1815 1818/86/1814 5464/86/5455
f 5464/86/5455 1818/86/1814 1817/86/1813 5467/86/5458
f 5467/86/5458 1817/86/1813 376/86/376 2383/86/2379
f 5466/86/5457 5467/86/5458 2383/86/2379 2382/86/2378
f 5465/86/5456 5466/86/5457 2382/86/2378 2381/86/2377
f 2377/86/2373 5465/86/5456 2381/86/2377 379/86/379
f 2376/86/2372 5462/86/5453 5465/86/5456 2377/86/2373
f 2375/86/2371 5459/86/5450 5462/86/5453 2376/86/2372
f 5468/86/5459 5469/86/5460 5472/86/5463 5471/86/5462
f 5469/86/5460 5470/86/5461 5473/86/5464 5472/86/5463
f 5471/86/5462 5472/86/5463 5475/86/5466 5474/86/5465
f 5472/86/5463 5473/86/5464 5476/86/5467 5475/86/5466
f 300/86/300 2375/86/2371 5468/86/5459 1924/86/1920
f 2375/86/2371 2376/86/2372 5469/86/5460 5468/86/5459
f 2376/86/2372 2377/86/2373 5470/86/5461 5469/86/5460
f 2377/86/2373 379/86/379 2386/86/2382 5470/86/5461
f 5470/86/5461 2386/86/2382 2385/86/2381 5473/86/5464
f 5473/86/5464 2385/86/2381 2384/86/2380 5476/86/5467
f 5476/86/5467 2384/86/2380 378/86/378 2374/86/2370
f 5475/86/5466 5476/86/5467 2374/86/2370 2373/86/2369
f 5474/86/5465 5475/86/5466 2373/86/2369 2372/86/2368
f 1922/86/1918 5474/86/5465 2372/86/2368 278/86/278
f 1923/86/1919 5471/86/5462 5474/86/5465 1922/86/1918
f 1924/86/1920 5468/86/5459 5471/86/5462 1923/86/1919
f 5477/86/5468 5478/86/5469 5481/86/5472 5480/86/5471
f 5478/86/5469 5479/86/5470 5482/86/5473 5481/86/5472
f 5480/86/5471 5481/86/5472 5484/86/5475 5483/86/5474
f 5481/86/5472 5482/86/5473 5485/86/5476 5484/86/5475
f 308/86/308 1646/86/1643 5477/86/5468 2378/86/2374
f 1646/86/1643 1647/86/1644 5478/86/5469 5477/86/5468
f 1647/86/1644 1648/86/1645 5479/86/5470 5478/86/5469
f 1648/86/1645 278/86/278 2372/86/2368 5479/86/5470
f 5479/86/5470 2372/86/2368 2373/86/2369 5482/86/5473
f 5482/86/5473 2373/86/2369 2374/86/2370 5485/86/5476
f 5485/86/5476 2374/86/2370 378/86/378 2389/86/2385
f 5484/86/5475 5485/86/5476 2389/86/2385 2388/86/2384
f 5483/86/5474 5484/86/5475 2388/86/2384 2387/86/2383
f 2380/86/2376 5483/86/5474 2387/86/2383 380/86/380
f 2379/86/2375 5480/86/5471 5483/86/5474 2380/86/2376
f 2378/86/2374 5477/86/5468 5480/86/5471 2379/86/2375
f 5486/86/5477 5487/86/5478 5490/86/5481 5489/86/5480
f 5487/86/5478 5488/86/5479 5491/86/5482 5490/86/5481
f 5489/86/5480 5490/86/5481 5493/86/5484 5492/86/5483
f 5490/86/5481 5491/86/5482 5494/86/5485 5493/86/5484
f 308/86/308 2378/86/2374 5486/86/5477 1972/86/1968
f 2378/86/2374 2379/86/2375 5487/86/5478 5486/86/5477
f 2379/86/2375 2380/86/2376 5488/86/5479 5487/86/5478
f 2380/86/2376 380/86/380 2392/86/2388 5488/86/5479
f 5488/86/5479 2392/86/2388 2391/86/2387 5491/86/5482
f 5491/86/5482 2391/86/2387 2390/86/2386 5494/86/5485
f 5494/86/5485 2390/86/2386 377/86/377 2371/86/2367
f 5493/86/5484 5494/86/5485 2371/86/2367 2370/86/2366
f 5492/86/5483 5493/86/5484 2370/86/2366 2369/86/2365
f 1970/86/1966 5492/86/5483 2369/86/2365 259/86/259
f 1971/86/1967 5489/86/5480 5492/86/5483 1970/86/1966
f 1972/86/1968 5486/86/5477 5489/86/5480 1971/86/1967
f 5495/86/5486 5496/86/5487 5499/86/5490 5498/86/5489
f 5496/86/5487 5497/86/5488 5500/86/5491 5499/86/5490
f 5498/86/5489 5499/86/5490 5502/86/5493 5501/86/5492
f 5499/86/5490 5500/86/5491 5503/86/5494 5502/86/5493
f 417/86/417 2899/86/2890 5495/86/5486 2875/86/2866
f 2899/86/2890 2898/86/2889 5496/86/5487 5495/86/5486
f 2898/86/2889 2897/86/2888 5497/86/5488 5496/86/5487
f 2897/86/2888 419/86/419 2881/86/2872 5497/86/5488
f 5497/86/5488 2881/86/2872 2880/86/2871 5500/86/5491
f 5500/86/5491 2880/86/2871 2879/86/2870 5503/86/5494
f 5503/86/5494 2879/86/2870 385/86/385 2410/86/2406
f 5502/86/5493 5503/86/5494 2410/86/2406 2409/86/2405
f 5501/86/5492 5502/86/5493 2409/86/2405 2408/86/2404
f 2873/86/2864 5501/86/5492 2408/86/2404 383/86/383
f 2874/86/2865 5498/86/5489 5501/86/5492 2873/86/2864
f 2875/86/2866 5495/86/5486 5498/86/5489 2874/86/2865
f 5504/86/5495 5505/86/5496 5508/86/5499 5507/86/5498
f 5505/86/5496 5506/86/5497 5509/86/5500 5508/86/5499
f 5507/86/5498 5508/86/5499 5511/86/5502 5510/86/5501
f 5508/86/5499 5509/86/5500 5512/86/5503 5511/86/5502
f 419/86/419 2896/86/2887 5504/86/5495 2881/86/2872
f 2896/86/2887 2895/86/2886 5505/86/5496 5504/86/5495
f 2895/86/2886 2894/86/2885 5506/86/5497 5505/86/5496
f 2894/86/2885 416/86/416 2872/86/2863 5506/86/5497
f 5506/86/5497 2872/86/2863 2871/86/2862 5509/86/5500
f 5509/86/5500 2871/86/2862 2870/86/2861 5512/86/5503
f 5512/86/5503 2870/86/2861 381/86/381 2413/86/2409
f 5511/86/5502 5512/86/5503 2413/86/2409 2412/86/2408
f 5510/86/5501 5511/86/5502 2412/86/2408 2411/86/2407
f 2879/86/2870 5510/86/5501 2411/86/2407 385/86/385
f 2880/86/2871 5507/86/5498 5510/86/5501 2879/86/2870
f 2881/86/2872 5504/86/5495 5507/86/5498 2880/86/2871
f 5513/86/5504 5514/86/5505 5517/86/5508 5516/86/5507
f 5514/86/5505 5515/86/5506 5518/86/5509 5517/86/5508
f 5516/86/5507 5517/86/5508 5520/86/5511 5519/86/5510
f 5517/86/5508 5518/86/5509 5521/86/5512 5520/86/5511
f 273/86/273 1840/86/1836 5513/86/5504 2024/86/2020
f 1840/86/1836 1839/86/1835 5514/86/5505 5513/86/5504
f 1839/86/1835 1838/86/1834 5515/86/5506 5514/86/5505
f 1838/86/1834 382/86/382 2416/86/2412 5515/86/5506
f 5515/86/5506 2416/86/2412 2415/86/2411 5518/86/5509
f 5518/86/5509 2415/86/2411 2414/86/2410 5521/86/5512
f 5521/86/5512 2414/86/2410 384/86/384 2404/86/2400
f 5520/86/5511 5521/86/5512 2404/86/2400 2403/86/2399
f 5519/86/5510 5520/86/5511 2403/86/2399 2402/86/2398
f 2026/86/2022 5519/86/5510 2402/86/2398 318/86/318
f 2025/86/2021 5516/86/5507 5519/86/5510 2026/86/2022
f 2024/86/2020 5513/86/5504 5516/86/5507 2025/86/2021
f 5522/86/5513 5523/86/5514 5526/86/5517 5525/86/5516
f 5523/86/5514 5524/86/5515 5527/86/5518 5526/86/5517
f 5525/86/5516 5526/86/5517 5529/86/5520 5528/86/5519
f 5526/86/5517 5527/86/5518 5530/86/5521 5529/86/5520
f 418/86/418 2893/86/2884 5522/86/5513 2878/86/2869
f 2893/86/2884 2892/86/2883 5523/86/5514 5522/86/5513
f 2892/86/2883 2891/86/2882 5524/86/5515 5523/86/5514
f 2891/86/2882 417/86/417 2875/86/2866 5524/86/5515
f 5524/86/5515 2875/86/2866 2874/86/2865 5527/86/5518
f 5527/86/5518 2874/86/2865 2873/86/2864 5530/86/5521
f 5530/86/5521 2873/86/2864 383/86/383 2419/86/2415
f 5529/86/5520 5530/86/5521 2419/86/2415 2418/86/2414
f 5528/86/5519 5529/86/5520 2418/86/2414 2417/86/2413
f 2876/86/2867 5528/86/5519 2417/86/2413 384/86/384
f 2877/86/2868 5525/86/5516 5528/86/5519 2876/86/2867
f 2878/86/2869 5522/86/5513 5525/86/5516 2877/86/2868
f 5531/712/5522 5532/1354/5523 5535/1355/5526 5534/1356/5525
f 5532/1354/5523 5533/1357/5524 5536/1358/5527 5535/1355/5526
f 5534/1356/5525 5535/1355/5526 5538/1359/5529 5537/1360/5528
f 5535/1355/5526 5536/1358/5527 5539/1361/5530 5538/1359/5529
f 237/555/237 2426/1362/2422 5531/712/5522 1549/1212/1547
f 2426/1362/2422 2427/1363/2423 5532/1354/5523 5531/712/5522
f 2427/1363/2423 2428/729/2424 5533/1357/5524 5532/1354/5523
f 2428/729/2424 388/730/388 2437/1364/2433 5533/1357/5524
f 5533/1357/5524 2437/1364/2433 2436/1365/2432 5536/1358/5527
f 5536/1358/5527 2436/1365/2432 2435/1366/2431 5539/1361/5530
f 5539/1361/5530 2435/1366/2431 389/1367/389 2431/724/2427
f 5538/1359/5529 5539/1361/5530 2431/724/2427 2430/723/2426
f 5537/1360/5528 5538/1359/5529 2430/723/2426 2429/1368/2425
f 1547/1213/1545 5537/1360/5528 2429/1368/2425 345/550/345
f 1548/552/1546 5534/1356/5525 5537/1360/5528 1547/1213/1545
f 1549/1212/1547 5531/712/5522 5534/1356/5525 1548/552/1546
f 5540/1369/5531 5541/1370/5532 5544/1371/5535 5543/1372/5534
f 5541/1370/5532 5542/1373/5533 5545/1374/5536 5544/1371/5535
f 5543/1372/5534 5544/1371/5535 5547/1375/5538 5546/1376/5537
f 5544/1371/5535 5545/1374/5536 5548/1377/5539 5547/1375/5538
f 345/550/345 2429/1368/2425 5540/1369/5531 2182/1378/2178
f 2429/1368/2425 2430/723/2426 5541/1370/5532 5540/1369/5531
f 2430/723/2426 2431/724/2427 5542/1373/5533 5541/1370/5532
f 2431/724/2427 389/1367/389 2440/1379/2436 5542/1373/5533
f 5542/1373/5533 2440/1379/2436 2439/1380/2435 5545/1374/5536
f 5545/1374/5536 2439/1380/2435 2438/1381/2434 5548/1377/5539
f 5548/1377/5539 2438/1381/2434 386/1382/386 2422/1383/2418
f 5547/1375/5538 5548/1377/5539 2422/1383/2418 2421/1384/2417
f 5546/1376/5537 5547/1375/5538 2421/1384/2417 2420/1385/2416
f 2180/947/2176 5546/1376/5537 2420/1385/2416 199/700/199
f 2181/945/2177 5543/1372/5534 5546/1376/5537 2180/947/2176
f 2182/1378/2178 5540/1369/5531 5543/1372/5534 2181/945/2177
f 5549/1386/5540 5550/1387/5541 5553/1388/5544 5552/1389/5543
f 5550/1387/5541 5551/1390/5542 5554/1391/5545 5553/1388/5544
f 5552/1389/5543 5553/1388/5544 5556/1392/5547 5555/1393/5546
f 5553/1388/5544 5554/1391/5545 5557/1394/5548 5556/1392/5547
f 348/1273/348 1442/1395/1440 5549/1386/5540 2432/760/2428
f 1442/1395/1440 1443/876/1441 5550/1387/5541 5549/1386/5540
f 1443/876/1441 1444/1396/1442 5551/1390/5542 5550/1387/5541
f 1444/1396/1442 200/104/200 1849/1397/1845 5551/1390/5542
f 5551/1390/5542 1849/1397/1845 1848/1398/1844 5554/1391/5545
f 5554/1391/5545 1848/1398/1844 1847/1399/1843 5557/1394/5548
f 5557/1394/5548 1847/1399/1843 387/1400/387 2443/1401/2439
f 5556/1392/5547 5557/1394/5548 2443/1401/2439 2442/1402/2438
f 5555/1393/5546 5556/1392/5547 2442/1402/2438 2441/1403/2437
f 2434/1404/2430 5555/1393/5546 2441/1403/2437 390/1405/390
f 2433/791/2429 5552/1389/5543 5555/1393/5546 2434/1404/2430
f 2432/760/2428 5549/1386/5540 5552/1389/5543 2433/791/2429
f 5558/1406/5549 5559/776/5550 5562/1407/5553 5561/1408/5552
f 5559/776/5550 5560/1409/5551 5563/1410/5554 5562/1407/5553
f 5561/1408/5552 5562/1407/5553 5565/1411/5556 5564/1412/5555
f 5562/1407/5553 5563/1410/5554 5566/1413/5557 5565/1411/5556
f 348/1414/348 2432/1415/2428 5558/1406/5549 2200/783/2196
f 2432/1415/2428 2433/762/2429 5559/776/5550 5558/1406/5549
f 2433/762/2429 2434/763/2430 5560/1409/5551 5559/776/5550
f 2434/763/2430 390/764/390 2446/1416/2442 5560/1409/5551
f 5560/1409/5551 2446/1416/2442 2445/1417/2441 5563/1410/5554
f 5563/1410/5554 2445/1417/2441 2444/1418/2440 5566/1413/5557
f 5566/1413/5557 2444/1418/2440 388/730/388 2428/729/2424
f 5565/1411/5556 5566/1413/5557 2428/729/2424 2427/1363/2423
f 5564/1412/5555 5565/1411/5556 2427/1363/2423 2426/1362/2422
f 2198/786/2194 5564/1412/5555 2426/1362/2422 237/555/237
f 2199/785/2195 5561/1408/5552 5564/1412/5555 2198/786/2194
f 2200/783/2196 5558/1406/5549 5561/1408/5552 2199/785/2195
f 5567/1419/5558 5568/1420/5559 5571/1421/5562 5570/1422/5561
f 5568/1420/5559 5569/1423/5560 5572/1424/5563 5571/1421/5562
f 5570/1422/5561 5571/1421/5562 5574/1425/5565 5573/1426/5564
f 5571/1421/5562 5572/1424/5563 5575/1427/5566 5574/1425/5565
f 410/1057/410 2423/1428/2419 5567/1419/5558 2828/1429/2819
f 2423/1428/2419 2424/1430/2420 5568/1420/5559 5567/1419/5558
f 2424/1430/2420 2425/1431/2421 5569/1423/5560 5568/1420/5559
f 2425/1431/2421 387/1400/387 2450/1432/2446 5569/1423/5560
f 5569/1423/5560 2450/1432/2446 2451/1433/2447 5572/1424/5563
f 5572/1424/5563 2451/1433/2447 2452/1434/2448 5575/1427/5566
f 5575/1427/5566 2452/1434/2448 192/1435/192 1417/1436/1415
f 5574/1425/5565 5575/1427/5566 1417/1436/1415 1416/1437/1414
f 5573/1426/5564 5574/1425/5565 1416/1437/1414 1415/1438/1413
f 2830/1439/2821 5573/1426/5564 1415/1438/1413 405/1440/405
f 2829/1441/2820 5570/1422/5561 5573/1426/5564 2830/1439/2821
f 2828/1429/2819 5567/1419/5558 5570/1422/5561 2829/1441/2820
f 5576/1442/5567 5577/1443/5568 5580/1444/5571 5579/1445/5570
f 5577/1443/5568 5578/1446/5569 5581/1447/5572 5580/1444/5571
f 5579/1445/5570 5580/1444/5571 5583/1448/5574 5582/1449/5573
f 5580/1444/5571 5581/1447/5572 5584/1450/5575 5583/1448/5574
f 387/1400/387 1847/1399/1843 5576/1442/5567 2450/1432/2446
f 1847/1399/1843 1848/1398/1844 5577/1443/5568 5576/1442/5567
f 1848/1398/1844 1849/1397/1845 5578/1446/5569 5577/1443/5568
f 1849/1397/1845 200/104/200 2453/1451/2449 5578/1446/5569
f 5578/1446/5569 2453/1451/2449 2454/1452/2450 5581/1447/5572
f 5581/1447/5572 2454/1452/2450 2455/1453/2451 5584/1450/5575
f 5584/1450/5575 2455/1453/2451 5/54/5 841/1454/839
f 5583/1448/5574 5584/1450/5575 841/1454/839 840/1455/838
f 5582/1449/5573 5583/1448/5574 840/1455/838 839/1456/837
f 2452/1434/2448 5582/1449/5573 839/1456/837 192/1435/192
f 2451/1433/2447 5579/1445/5570 5582/1449/5573 2452/1434/2448
f 2450/1432/2446 5576/1442/5567 5579/1445/5570 2451/1433/2447
f 5585/1457/5576 5586/1458/5577 5589/1459/5580 5588/1460/5579
f 5586/1458/5577 5587/1461/5578 5590/1462/5581 5589/1459/5580
f 5588/1460/5579 5589/1459/5580 5592/1463/5583 5591/1464/5582
f 5589/1459/5580 5590/1462/5581 5593/1465/5584 5592/1463/5583
f 200/104/200 1478/817/1476 5585/1457/5576 2453/1451/2449
f 1478/817/1476 1479/816/1477 5586/1458/5577 5585/1457/5576
f 1479/816/1477 1480/815/1478 5587/1461/5578 5586/1458/5577
f 1480/815/1478 212/37/212 2456/1466/2452 5587/1461/5578
f 5587/1461/5578 2456/1466/2452 2457/1467/2453 5590/1462/5581
f 5590/1462/5581 2457/1467/2453 2458/1468/2454 5593/1465/5584
f 5593/1465/5584 2458/1468/2454 17/38/17 472/1469/472
f 5592/1463/5583 5593/1465/5584 472/1469/472 471/56/471
f 5591/1464/5582 5592/1463/5583 471/56/471 470/1470/470
f 2455/1453/2451 5591/1464/5582 470/1470/470 5/54/5
f 2454/1452/2450 5588/1460/5579 5591/1464/5582 2455/1453/2451
f 2453/1451/2449 5585/1457/5576 5588/1460/5579 2454/1452/2450
f 5594/1466/5585 5595/1468/5586 5598/1471/5589 5597/1467/5588
f 5595/1468/5586 5596/1472/5587 5599/1467/5590 5598/1471/5589
f 5597/1467/5588 5598/1471/5589 5601/1472/5592 5600/1472/5591
f 5598/1471/5589 5599/1467/5590 5602/1472/5593 5601/1472/5592
f 212/37/212 1448/37/1446 5594/1466/5585 2456/1472/2452
f 1448/37/1446 1449/38/1447 5595/1468/5586 5594/1466/5585
f 1449/38/1447 1450/89/1448 5596/1472/5587 5595/1468/5586
f 1450/89/1448 202/37/202 2459/1472/2455 5596/1472/5587
f 5596/1472/5587 2459/1472/2455 2460/1473/2456 5599/1467/5590
f 5599/1467/5590 2460/1473/2456 2461/1472/2457 5602/1472/5593
f 5602/1472/5593 2461/1472/2457 7/37/7 442/89/442
f 5601/1472/5592 5602/1472/5593 442/89/442 441/89/441
f 5600/1472/5591 5601/1472/5592 441/89/441 440/575/440
f 2458/1472/2454 5600/1472/5591 440/575/440 17/37/17
f 2457/1473/2453 5597/1467/5588 5600/1472/5591 2458/1472/2454
f 2456/1472/2452 5594/1466/5585 5597/1467/5588 2457/1473/2453
f 5603/1466/5594 5604/1468/5595 5607/1471/5598 5606/1467/5597
f 5604/1468/5595 5605/1472/5596 5608/1467/5599 5607/1471/5598
f 5606/1467/5597 5607/1471/5598 5610/1472/5601 5609/1472/5600
f 5607/1471/5598 5608/1467/5599 5611/1472/5602 5610/1472/5601
f 202/37/202 1454/37/1452 5603/1466/5594 2459/1472/2455
f 1454/37/1452 1455/38/1453 5604/1468/5595 5603/1466/5594
f 1455/38/1453 1456/89/1454 5605/1472/5596 5604/1468/5595
f 1456/89/1454 204/37/204 2462/1472/2458 5605/1472/5596
f 5605/1472/5596 2462/1472/2458 2463/1473/2459 5608/1467/5599
f 5608/1467/5599 2463/1473/2459 2464/1472/2460 5611/1472/5602
f 5611/1472/5602 2464/1472/2460 9/37/9 448/89/448
f 5610/1472/5601 5611/1472/5602 448/89/448 447/89/447
f 5609/1472/5600 5610/1472/5601 447/89/447 446/575/446
f 2461/1472/2457 5609/1472/5600 446/575/446 7/37/7
f 2460/1473/2456 5606/1467/5597 5609/1472/5600 2461/1472/2457
f 2459/1472/2455 5603/1466/5594 5606/1467/5597 2460/1473/2456
f 5612/1466/5603 5613/1468/5604 5616/1471/5607 5615/1467/5606
f 5613/1468/5604 5614/1472/5605 5617/1467/5608 5616/1471/5607
f 5615/1467/5606 5616/1471/5607 5619/1472/5610 5618/1472/5609
f 5616/1471/5607 5617/1467/5608 5620/1472/5611 5619/1472/5610
f 204/37/204 1460/37/1458 5612/1466/5603 2462/1472/2458
f 1460/37/1458 1461/38/1459 5613/1468/5604 5612/1466/5603
f 1461/38/1459 1462/89/1460 5614/1472/5605 5613/1468/5604
f 1462/89/1460 206/37/206 2465/1472/2461 5614/1472/5605
f 5614/1472/5605 2465/1472/2461 2466/1473/2462 5617/1467/5608
f 5617/1467/5608 2466/1473/2462 2467/1472/2463 5620/1472/5611
f 5620/1472/5611 2467/1472/2463 11/37/11 454/89/454
f 5619/1472/5610 5620/1472/5611 454/89/454 453/89/453
f 5618/1472/5609 5619/1472/5610 453/89/453 452/575/452
f 2464/1472/2460 5618/1472/5609 452/575/452 9/37/9
f 2463/1473/2459 5615/1467/5606 5618/1472/5609 2464/1472/2460
f 2462/1472/2458 5612/1466/5603 5615/1467/5606 2463/1473/2459
f 5621/1466/5612 5622/1468/5613 5625/1471/5616 5624/1467/5615
f 5622/1468/5613 5623/1472/5614 5626/1467/5617 5625/1471/5616
f 5624/1467/5615 5625/1471/5616 5628/1472/5619 5627/1472/5618
f 5625/1471/5616 5626/1467/5617 5629/1472/5620 5628/1472/5619
f 206/37/206 1466/37/1464 5621/1466/5612 2465/1472/2461
f 1466/37/1464 1467/38/1465 5622/1468/5613 5621/1466/5612
f 1467/38/1465 1468/89/1466 5623/1472/5614 5622/1468/5613
f 1468/89/1466 208/37/208 2468/1472/2464 5623/1472/5614
f 5623/1472/5614 2468/1472/2464 2469/1473/2465 5626/1467/5617
f 5626/1467/5617 2469/1473/2465 2470/1472/2466 5629/1472/5620
f 5629/1472/5620 2470/1472/2466 13/37/13 460/89/460
f 5628/1472/5619 5629/1472/5620 460/89/460 459/89/459
f 5627/1472/5618 5628/1472/5619 459/89/459 458/575/458
f 2467/1472/2463 5627/1472/5618 458/575/458 11/37/11
f 2466/1473/2462 5624/1467/5615 5627/1472/5618 2467/1472/2463
f 2465/1472/2461 5621/1466/5612 5624/1467/5615 2466/1473/2462
f 5630/1466/5621 5631/1468/5622 5634/1471/5625 5633/1467/5624
f 5631/1468/5622 5632/1472/5623 5635/1467/5626 5634/1471/5625
f 5633/1467/5624 5634/1471/5625 5637/1472/5628 5636/1472/5627
f 5634/1471/5625 5635/1467/5626 5638/1472/5629 5637/1472/5628
f 208/37/208 1472/37/1470 5630/1466/5621 2468/1472/2464
f 1472/37/1470 1473/38/1471 5631/1468/5622 5630/1466/5621
f 1473/38/1471 1474/89/1472 5632/1472/5623 5631/1468/5622
f 1474/89/1472 210/37/210 2471/1472/2467 5632/1472/5623
f 5632/1472/5623 2471/1472/2467 2472/1473/2468 5635/1467/5626
f 5635/1467/5626 2472/1473/2468 2473/1472/2469 5638/1472/5629
f 5638/1472/5629 2473/1472/2469 15/37/15 466/89/466
f 5637/1472/5628 5638/1472/5629 466/89/466 465/89/465
f 5636/1472/5627 5637/1472/5628 465/89/465 464/575/464
f 2470/1472/2466 5636/1472/5627 464/575/464 13/37/13
f 2469/1473/2465 5633/1467/5624 5636/1472/5627 2470/1472/2466
f 2468/1472/2464 5630/1466/5621 5633/1467/5624 2469/1473/2465
f 5639/1466/5630 5640/1468/5631 5643/1471/5634 5642/1467/5633
f 5640/1468/5631 5641/1472/5632 5644/1467/5635 5643/1471/5634
f 5642/1467/5633 5643/1471/5634 5646/1472/5637 5645/1472/5636
f 5643/1471/5634 5644/1467/5635 5647/1472/5638 5646/1472/5637
f 210/37/210 1519/37/1517 5639/1466/5630 2471/1472/2467
f 1519/37/1517 1518/38/1516 5640/1468/5631 5639/1466/5630
f 1518/38/1516 1517/89/1515 5641/1472/5632 5640/1468/5631
f 1517/89/1515 226/37/226 2474/1472/2470 5641/1472/5632
f 5641/1472/5632 2474/1472/2470 2475/1473/2471 5644/1467/5635
f 5644/1467/5635 2475/1473/2471 2476/1472/2472 5647/1472/5638
f 5647/1472/5638 2476/1472/2472 31/37/31 509/89/509
f 5646/1472/5637 5647/1472/5638 509/89/509 510/89/510
f 5645/1472/5636 5646/1472/5637 510/89/510 511/575/511
f 2473/1472/2469 5645/1472/5636 511/575/511 15/37/15
f 2472/1473/2468 5642/1467/5633 5645/1472/5636 2473/1472/2469
f 2471/1472/2467 5639/1466/5630 5642/1467/5633 2472/1473/2468
f 5648/1466/5639 5649/1468/5640 5652/1471/5643 5651/1467/5642
f 5649/1468/5640 5650/1472/5641 5653/1467/5644 5652/1471/5643
f 5651/1467/5642 5652/1471/5643 5655/1472/5646 5654/1472/5645
f 5652/1471/5643 5653/1467/5644 5656/1472/5647 5655/1472/5646
f 226/37/226 1516/37/1514 5648/1466/5639 2474/1472/2470
f 1516/37/1514 1515/38/1513 5649/1468/5640 5648/1466/5639
f 1515/38/1513 1514/89/1512 5650/1472/5641 5649/1468/5640
f 1514/89/1512 224/37/224 2477/1472/2473 5650/1472/5641
f 5650/1472/5641 2477/1472/2473 2478/1473/2474 5653/1467/5644
f 5653/1467/5644 2478/1473/2474 2479/1472/2475 5656/1472/5647
f 5656/1472/5647 2479/1472/2475 29/37/29 506/89/506
f 5655/1472/5646 5656/1472/5647 506/89/506 507/89/507
f 5654/1472/5645 5655/1472/5646 507/89/507 508/575/508
f 2476/1472/2472 5654/1472/5645 508/575/508 31/37/31
f 2475/1473/2471 5651/1467/5642 5654/1472/5645 2476/1472/2472
f 2474/1472/2470 5648/1466/5639 5651/1467/5642 2475/1473/2471
f 5657/1466/5648 5658/1468/5649 5661/1471/5652 5660/1467/5651
f 5658/1468/5649 5659/1472/5650 5662/1467/5653 5661/1471/5652
f 5660/1467/5651 5661/1471/5652 5664/1472/5655 5663/1472/5654
f 5661/1471/5652 5662/1467/5653 5665/1472/5656 5664/1472/5655
f 224/37/224 1510/37/1508 5657/1466/5648 2477/1472/2473
f 1510/37/1508 1509/38/1507 5658/1468/5649 5657/1466/5648
f 1509/38/1507 1508/89/1506 5659/1472/5650 5658/1468/5649
f 1508/89/1506 222/37/222 2480/1472/2476 5659/1472/5650
f 5659/1472/5650 2480/1472/2476 2481/1473/2477 5662/1467/5653
f 5662/1467/5653 2481/1473/2477 2482/1472/2478 5665/1472/5656
f 5665/1472/5656 2482/1472/2478 27/37/27 500/89/500
f 5664/1472/5655 5665/1472/5656 500/89/500 501/89/501
f 5663/1472/5654 5664/1472/5655 501/89/501 502/575/502
f 2479/1472/2475 5663/1472/5654 502/575/502 29/37/29
f 2478/1473/2474 5660/1467/5651 5663/1472/5654 2479/1472/2475
f 2477/1472/2473 5657/1466/5648 5660/1467/5651 2478/1473/2474
f 5666/1466/5657 5667/1468/5658 5670/1471/5661 5669/1467/5660
f 5667/1468/5658 5668/1472/5659 5671/1467/5662 5670/1471/5661
f 5669/1467/5660 5670/1471/5661 5673/1472/5664 5672/1472/5663
f 5670/1471/5661 5671/1467/5662 5674/1472/5665 5673/1472/5664
f 222/37/222 1504/37/1502 5666/1466/5657 2480/1472/2476
f 1504/37/1502 1503/38/1501 5667/1468/5658 5666/1466/5657
f 1503/38/1501 1502/89/1500 5668/1472/5659 5667/1468/5658
f 1502/89/1500 220/37/220 2483/1472/2479 5668/1472/5659
f 5668/1472/5659 2483/1472/2479 2484/1473/2480 5671/1467/5662
f 5671/1467/5662 2484/1473/2480 2485/1472/2481 5674/1472/5665
f 5674/1472/5665 2485/1472/2481 25/37/25 494/89/494
f 5673/1472/5664 5674/1472/5665 494/89/494 495/89/495
f 5672/1472/5663 5673/1472/5664 495/89/495 496/575/496
f 2482/1472/2478 5672/1472/5663 496/575/496 27/37/27
f 2481/1473/2477 5669/1467/5660 5672/1472/5663 2482/1472/2478
f 2480/1472/2476 5666/1466/5657 5669/1467/5660 2481/1473/2477
f 5675/1466/5666 5676/1468/5667 5679/1471/5670 5678/1467/5669
f 5676/1468/5667 5677/1472/5668 5680/1467/5671 5679/1471/5670
f 5678/1467/5669 5679/1471/5670 5682/1472/5673 5681/1472/5672
f 5679/1471/5670 5680/1467/5671 5683/1472/5674 5682/1472/5673
f 220/37/220 1498/37/1496 5675/1466/5666 2483/1472/2479
f 1498/37/1496 1497/38/1495 5676/1468/5667 5675/1466/5666
f 1497/38/1495 1496/89/1494 5677/1472/5668 5676/1468/5667
f 1496/89/1494 228/37/228 2486/1472/2482 5677/1472/5668
f 5677/1472/5668 2486/1472/2482 2487/1473/2483 5680/1467/5671
f 5680/1467/5671 2487/1473/2483 2488/1472/2484 5683/1472/5674
f 5683/1472/5674 2488/1472/2484 33/37/33 488/89/488
f 5682/1472/5673 5683/1472/5674 488/89/488 489/89/489
f 5681/1472/5672 5682/1472/5673 489/89/489 490/575/490
f 2485/1472/2481 5681/1472/5672 490/575/490 25/37/25
f 2484/1473/2480 5678/1467/5669 5681/1472/5672 2485/1472/2481
f 2483/1472/2479 5675/1466/5666 5678/1467/5669 2484/1473/2480
f 5684/1474/5675 5685/1475/5676 5688/1476/5679 5687/1477/5678
f 5685/1475/5676 5686/1478/5677 5689/1479/5680 5688/1476/5679
f 5687/1477/5678 5688/1476/5679 5691/1480/5682 5690/1481/5681
f 5688/1476/5679 5689/1479/5680 5692/1482/5683 5691/1480/5682
f 228/37/228 1525/1483/1523 5684/1474/5675 2486/1468/2482
f 1525/1483/1523 1524/1484/1522 5685/1475/5676 5684/1474/5675
f 1524/1484/1522 1523/1485/1521 5686/1478/5677 5685/1475/5676
f 1523/1485/1521 218/855/218 2489/1486/2485 5686/1478/5677
f 5686/1478/5677 2489/1486/2485 2490/1487/2486 5689/1479/5680
f 5689/1479/5680 2490/1487/2486 2491/1488/2487 5692/1482/5683
f 5692/1482/5683 2491/1488/2487 23/104/23 515/1489/515
f 5691/1480/5682 5692/1482/5683 515/1489/515 516/1490/516
f 5690/1481/5681 5691/1480/5682 516/1490/516 517/1491/517
f 2488/1492/2484 5690/1481/5681 517/1491/517 33/37/33
f 2487/1467/2483 5687/1477/5678 5690/1481/5681 2488/1492/2484
f 2486/1468/2482 5684/1474/5675 5687/1477/5678 2487/1467/2483
f 5693/1493/5684 5694/1494/5685 5697/1495/5688 5696/1496/5687
f 5694/1494/5685 5695/1497/5686 5698/1498/5689 5697/1495/5688
f 5696/1496/5687 5697/1495/5688 5700/1499/5691 5699/1500/5690
f 5697/1495/5688 5698/1498/5689 5701/1501/5692 5700/1499/5691
f 397/890/397 2755/1502/2746 5693/1493/5684 2768/1503/2759
f 2755/1502/2746 2754/904/2745 5694/1494/5685 5693/1493/5684
f 2754/904/2745 2753/1504/2744 5695/1497/5686 5694/1494/5685
f 2753/1504/2744 213/903/213 2492/1505/2488 5695/1497/5686
f 5695/1497/5686 2492/1505/2488 2493/1506/2489 5698/1498/5689
f 5698/1498/5689 2493/1506/2489 2494/1507/2490 5701/1501/5692
f 5701/1501/5692 2494/1507/2490 18/1508/18 2738/142/2729
f 5700/1499/5691 5701/1501/5692 2738/142/2729 2739/141/2730
f 5699/1500/5690 5700/1499/5691 2739/141/2730 2740/139/2731
f 2770/1509/2761 5699/1500/5690 2740/139/2731 392/138/392
f 2769/1510/2760 5696/1496/5687 5699/1500/5690 2770/1509/2761
f 2768/1503/2759 5693/1493/5684 5696/1496/5687 2769/1510/2760
f 5702/1511/5693 5703/1512/5694 5706/1513/5697 5705/1514/5696
f 5703/1512/5694 5704/1515/5695 5707/1516/5698 5706/1513/5697
f 5705/1514/5696 5706/1513/5697 5709/1517/5700 5708/1518/5699
f 5706/1513/5697 5707/1516/5698 5710/1519/5701 5709/1517/5700
f 213/903/213 1483/901/1481 5702/1511/5693 2492/1505/2488
f 1483/901/1481 1482/900/1480 5703/1512/5694 5702/1511/5693
f 1482/900/1480 1481/899/1479 5704/1515/5695 5703/1512/5694
f 1481/899/1479 363/898/363 2495/1520/2491 5704/1515/5695
f 5704/1515/5695 2495/1520/2491 2496/1521/2492 5707/1516/5698
f 5707/1516/5698 2496/1521/2492 2497/1522/2493 5710/1519/5701
f 5710/1519/5701 2497/1522/2493 168/75/168 473/146/473
f 5709/1517/5700 5710/1519/5701 473/146/473 474/145/474
f 5708/1518/5699 5709/1517/5700 474/145/474 475/144/475
f 2494/1507/2490 5708/1518/5699 475/144/475 18/1508/18
f 2493/1506/2489 5705/1514/5696 5708/1518/5699 2494/1507/2490
f 2492/1505/2488 5702/1511/5693 5705/1514/5696 2493/1506/2489
f 5711/1523/5702 5712/1524/5703 5715/1525/5706 5714/1526/5705
f 5712/1524/5703 5713/1527/5704 5716/1528/5706 5715/1525/5706
f 5714/1526/5705 5715/1525/5706 5718/1529/5708 5717/1530/5707
f 5715/1525/5706 5716/1528/5706 5719/1531/5709 5718/1529/5708
f 363/898/363 2176/839/2172 5711/1523/5702 2495/1520/2491
f 2176/839/2172 2175/1532/2171 5712/1524/5703 5711/1523/5702
f 2175/1532/2171 2174/837/2170 5713/1527/5704 5712/1524/5703
f 2174/837/2170 216/1533/216 2498/1534/2494 5713/1527/5704
f 5713/1527/5704 2498/1534/2494 2499/1535/2495 5716/1528/5706
f 5716/1528/5706 2499/1535/2495 2500/1536/2496 5719/1531/5709
f 5719/1531/5709 2500/1536/2496 21/79/21 1166/78/1164
f 5718/1529/5708 5719/1531/5709 1166/78/1164 1167/77/1165
f 5717/1530/5707 5718/1529/5708 1167/77/1165 1168/76/1166
f 2497/1522/2493 5717/1530/5707 1168/76/1166 168/75/168
f 2496/1521/2492 5714/1526/5705 5717/1530/5707 2497/1522/2493
f 2495/1520/2491 5711/1523/5702 5714/1526/5705 2496/1521/2492
f 5720/1537/5710 5721/1538/5711 5724/1539/5713 5723/1540/5713
f 5721/1538/5711 5722/1541/5712 5725/1542/5714 5724/1539/5713
f 5723/1540/5713 5724/1539/5713 5727/1543/5716 5726/1544/5715
f 5724/1539/5713 5725/1542/5714 5728/1545/5717 5727/1543/5716
f 216/1533/216 1489/1546/1487 5720/1537/5710 2498/1534/2494
f 1489/1546/1487 1488/1122/1486 5721/1538/5711 5720/1537/5710
f 1488/1122/1486 1487/1547/1485 5722/1541/5712 5721/1538/5711
f 1487/1547/1485 342/1104/342 2501/1548/2497 5722/1541/5712
f 5722/1541/5712 2501/1548/2497 2502/1549/2498 5725/1542/5714
f 5725/1542/5714 2502/1549/2498 2503/1550/2499 5728/1545/5717
f 5728/1545/5717 2503/1550/2499 147/399/147 479/422/479
f 5727/1543/5716 5728/1545/5717 479/422/479 480/421/480
f 5726/1544/5715 5727/1543/5716 480/421/480 481/420/481
f 2500/1536/2496 5726/1544/5715 481/420/481 21/79/21
f 2499/1535/2495 5723/1540/5713 5726/1544/5715 2500/1536/2496
f 2498/1534/2494 5720/1537/5710 5723/1540/5713 2499/1535/2495
f 5729/1551/5718 5730/1552/5719 5733/1553/5722 5732/1554/5721
f 5730/1552/5719 5731/1555/5720 5734/1556/5723 5733/1553/5722
f 5732/1554/5721 5733/1553/5722 5736/1557/5725 5735/1558/5724
f 5733/1553/5722 5734/1556/5723 5737/1559/5726 5736/1557/5725
f 342/1104/342 2164/1102/2160 5729/1551/5718 2501/1548/2497
f 2164/1102/2160 2163/1101/2159 5730/1552/5719 5729/1551/5718
f 2163/1101/2159 2162/1100/2158 5731/1555/5720 5730/1552/5719
f 2162/1100/2158 214/1099/214 2504/1560/2500 5731/1555/5720
f 5731/1555/5720 2504/1560/2500 2505/1561/2501 5734/1556/5723
f 5734/1556/5723 2505/1561/2501 2506/1562/2502 5737/1559/5726
f 5737/1559/5726 2506/1562/2502 19/1563/19 1154/402/1152
f 5736/1557/5725 5737/1559/5726 1154/402/1152 1155/401/1153
f 5735/1558/5724 5736/1557/5725 1155/401/1153 1156/400/1154
f 2503/1550/2499 5735/1558/5724 1156/400/1154 147/399/147
f 2502/1549/2498 5732/1554/5721 5735/1558/5724 2503/1550/2499
f 2501/1548/2497 5729/1551/5718 5732/1554/5721 2502/1549/2498
f 5738/1564/5727 5739/1565/5728 5742/1566/5731 5741/1567/5730
f 5739/1565/5728 5740/1568/5729 5743/1569/5732 5742/1566/5731
f 5741/1567/5730 5742/1566/5731 5745/1570/5734 5744/1571/5733
f 5742/1566/5731 5743/1569/5732 5746/1572/5735 5745/1570/5734
f 398/1095/398 2758/1573/2749 5738/1564/5727 2765/1574/2756
f 2758/1573/2749 2757/1575/2748 5739/1565/5728 5738/1564/5727
f 2757/1575/2748 2756/1576/2747 5740/1568/5729 5739/1565/5728
f 2756/1576/2747 217/1577/217 2507/1578/2503 5740/1568/5729
f 5740/1568/5729 2507/1578/2503 2508/1579/2504 5743/1569/5732
f 5743/1569/5732 2508/1579/2504 2509/1580/2505 5746/1572/5735
f 5746/1572/5735 2509/1580/2505 22/700/22 2741/1581/2732
f 5745/1570/5734 5746/1572/5735 2741/1581/2732 2742/1582/2733
f 5744/1571/5733 5745/1570/5734 2742/1582/2733 2743/1583/2734
f 2767/1584/2758 5744/1571/5733 2743/1583/2734 393/408/393
f 2766/1585/2757 5741/1567/5730 5744/1571/5733 2767/1584/2758
f 2765/1574/2756 5738/1564/5727 5741/1567/5730 2766/1585/2757
f 5747/1586/5736 5748/1587/5737 5751/1588/2817 5750/1589/5739
f 5748/1587/5737 5749/1590/5738 5752/1591/5740 5751/1588/2817
f 5750/1589/5739 5751/1588/2817 5754/1592/5742 5753/1593/5741
f 5751/1588/2817 5752/1591/5740 5755/1594/5743 5754/1592/5742
f 217/1577/217 1904/1595/1900 5747/1586/5736 2507/1578/2503
f 1904/1595/1900 1905/1596/1901 5748/1587/5737 5747/1586/5736
f 1905/1596/1901 1906/1597/1902 5749/1590/5738 5748/1587/5737
f 1906/1597/1902 232/1340/232 2510/1598/2506 5749/1590/5738
f 5749/1590/5738 2510/1598/2506 2511/1599/2507 5752/1591/5740
f 5752/1591/5740 2511/1599/2507 2512/1600/2508 5755/1594/5743
f 5755/1594/5743 2512/1600/2508 37/1601/37 898/707/896
f 5754/1592/5742 5755/1594/5743 898/707/896 897/703/895
f 5753/1593/5741 5754/1592/5742 897/703/895 896/701/894
f 2509/1580/2505 5753/1593/5741 896/701/894 22/700/22
f 2508/1579/2504 5750/1589/5739 5753/1593/5741 2509/1580/2505
f 2507/1578/2503 5747/1586/5736 5750/1589/5739 2508/1579/2504
f 5756/1602/5744 5757/1603/5745 5760/1604/5748 5759/1605/5747
f 5757/1603/5745 5758/1606/5746 5761/1607/5749 5760/1604/5748
f 5759/1605/5747 5760/1604/5748 5763/1608/5751 5762/1609/5750
f 5760/1604/5748 5761/1607/5749 5764/1610/5752 5763/1608/5751
f 232/1340/232 1541/1611/1539 5756/1602/5744 2510/1598/2506
f 1541/1611/1539 1542/1338/1540 5757/1603/5745 5756/1602/5744
f 1542/1338/1540 1543/1612/1541 5758/1606/5746 5757/1603/5745
f 1543/1612/1541 234/1613/234 2513/1614/2509 5758/1606/5746
f 5758/1606/5746 2513/1614/2509 2514/1615/2510 5761/1607/5749
f 5761/1607/5749 2514/1615/2510 2515/1616/2511 5764/1610/5752
f 5764/1610/5752 2515/1616/2511 39/347/39 535/710/535
f 5763/1608/5751 5764/1610/5752 535/710/535 534/708/534
f 5762/1609/5750 5763/1608/5751 534/708/534 533/706/533
f 2512/1600/2508 5762/1609/5750 533/706/533 37/1601/37
f 2511/1599/2507 5759/1605/5747 5762/1609/5750 2512/1600/2508
f 2510/1598/2506 5756/1602/5744 5759/1605/5747 2511/1599/2507
f 5765/1617/5753 5766/1618/5754 5769/1619/5757 5768/1620/5756
f 5766/1618/5754 5767/1621/5755 5770/1622/5758 5769/1619/5757
f 5768/1620/5756 5769/1619/5757 5772/1623/5760 5771/1624/5759
f 5769/1619/5757 5770/1622/5758 5773/1625/5761 5772/1623/5760
f 234/1613/234 1643/1626/1640 5765/1617/5753 2513/1614/2509
f 1643/1626/1640 1644/1033/1641 5766/1618/5754 5765/1617/5753
f 1644/1033/1641 1645/1025/1642 5767/1621/5755 5766/1618/5754
f 1645/1025/1642 233/1024/233 2516/1627/2512 5767/1621/5755
f 5767/1621/5755 2516/1627/2512 2517/1628/2513 5770/1622/5758
f 5770/1622/5758 2517/1628/2513 2518/1629/2514 5773/1625/5761
f 5773/1625/5761 2518/1629/2514 38/1630/38 637/1631/636
f 5772/1623/5760 5773/1625/5761 637/1631/636 636/334/635
f 5771/1624/5759 5772/1623/5760 636/334/635 635/348/634
f 2515/1616/2511 5771/1624/5759 635/348/634 39/347/39
f 2514/1615/2510 5768/1620/5756 5771/1624/5759 2515/1616/2511
f 2513/1614/2509 5765/1617/5753 5768/1620/5756 2514/1615/2510
f 5774/1632/5762 5775/1633/5763 5778/1634/5766 5777/1635/5765
f 5775/1633/5763 5776/1636/5764 5779/1637/5767 5778/1634/5766
f 5777/1635/5765 5778/1634/5766 5781/1638/5769 5780/1639/5768
f 5778/1634/5766 5779/1637/5767 5782/1640/5770 5781/1638/5769
f 233/1024/233 1901/1641/1897 5774/1632/5762 2516/1627/2512
f 1901/1641/1897 1902/1642/1898 5775/1633/5763 5774/1632/5762
f 1902/1642/1898 1903/1042/1899 5776/1636/5764 5775/1633/5763
f 1903/1042/1899 215/382/215 2519/1643/2515 5776/1636/5764
f 5776/1636/5764 2519/1643/2515 2520/1644/2516 5779/1637/5767
f 5779/1637/5767 2520/1644/2516 2521/1645/2517 5782/1640/5770
f 5782/1640/5770 2521/1645/2517 20/335/20 895/337/893
f 5781/1638/5769 5782/1640/5770 895/337/893 894/333/892
f 5780/1639/5768 5781/1638/5769 894/333/892 893/331/891
f 2518/1629/2514 5780/1639/5768 893/331/891 38/1630/38
f 2517/1628/2513 5777/1635/5765 5780/1639/5768 2518/1629/2514
f 2516/1627/2512 5774/1632/5762 5777/1635/5765 2517/1628/2513
f 5783/1646/5771 5784/1647/5772 5787/1648/5775 5786/1649/5774
f 5784/1647/5772 5785/1650/5773 5788/1651/5776 5787/1648/5775
f 5786/1649/5774 5787/1648/5775 5790/1652/5778 5789/1653/5777
f 5787/1648/5775 5788/1651/5776 5791/1654/5779 5790/1652/5778
f 215/382/215 1495/383/1493 5783/1646/5771 2519/1643/2515
f 1495/383/1493 1494/382/1492 5784/1647/5772 5783/1646/5771
f 1494/382/1492 1493/383/1491 5785/1650/5773 5784/1647/5772
f 1493/383/1491 227/383/227 2522/1655/2518 5785/1650/5773
f 5785/1650/5773 2522/1655/2518 2523/1656/2519 5788/1651/5776
f 5788/1651/5776 2523/1656/2519 2524/1657/2520 5791/1654/5779
f 5791/1654/5779 2524/1657/2520 32/383/32 485/440/485
f 5790/1652/5778 5791/1654/5779 485/440/485 486/439/486
f 5789/1653/5777 5790/1652/5778 486/439/486 487/438/487
f 2521/1645/2517 5789/1653/5777 487/438/487 20/437/20
f 2520/1644/2516 5786/1649/5774 5789/1653/5777 2521/1645/2517
f 2519/1643/2515 5783/1646/5771 5786/1649/5774 2520/1644/2516
f 5792/1658/5780 5793/1655/5781 5796/1659/5784 5795/1660/5783
f 5793/1655/5781 5794/1657/5782 5797/1660/5785 5796/1659/5784
f 5795/1660/5783 5796/1659/5784 5799/1657/5787 5798/1658/5786
f 5796/1659/5784 5797/1660/5785 5800/1657/5788 5799/1657/5787
f 227/382/227 1522/383/1520 5792/1658/5780 2522/1657/2518
f 1522/383/1520 1521/383/1519 5793/1655/5781 5792/1658/5780
f 1521/383/1519 1520/383/1518 5794/1657/5782 5793/1655/5781
f 1520/383/1518 219/382/219 2525/1657/2521 5794/1657/5782
f 5794/1657/5782 2525/1657/2521 2526/1656/2522 5797/1660/5785
f 5797/1660/5785 2526/1656/2522 2527/1657/2523 5800/1657/5788
f 5800/1657/5788 2527/1657/2523 24/383/24 512/382/512
f 5799/1657/5787 5800/1657/5788 512/382/512 513/383/513
f 5798/1658/5786 5799/1657/5787 513/383/513 514/383/514
f 2524/1657/2520 5798/1658/5786 514/383/514 32/383/32
f 2523/1656/2519 5795/1660/5783 5798/1658/5786 2524/1657/2520
f 2522/1657/2518 5792/1658/5780 5795/1660/5783 2523/1656/2519
f 5801/1658/5789 5802/1655/5790 5805/1659/5793 5804/1660/5792
f 5802/1655/5790 5803/1657/5791 5806/1660/5794 5805/1659/5793
f 5804/1660/5792 5805/1659/5793 5808/1657/5796 5807/1658/5795
f 5805/1659/5793 5806/1660/5794 5809/1657/5797 5808/1657/5796
f 219/382/219 1501/383/1499 5801/1658/5789 2525/1657/2521
f 1501/383/1499 1500/383/1498 5802/1655/5790 5801/1658/5789
f 1500/383/1498 1499/383/1497 5803/1657/5791 5802/1655/5790
f 1499/383/1497 221/382/221 2528/1657/2524 5803/1657/5791
f 5803/1657/5791 2528/1657/2524 2529/1656/2525 5806/1660/5794
f 5806/1660/5794 2529/1656/2525 2530/1657/2526 5809/1657/5797
f 5809/1657/5797 2530/1657/2526 26/383/26 491/382/491
f 5808/1657/5796 5809/1657/5797 491/382/491 492/383/492
f 5807/1658/5795 5808/1657/5796 492/383/492 493/383/493
f 2527/1657/2523 5807/1658/5795 493/383/493 24/383/24
f 2526/1656/2522 5804/1660/5792 5807/1658/5795 2527/1657/2523
f 2525/1657/2521 5801/1658/5789 5804/1660/5792 2526/1656/2522
f 5810/1658/5798 5811/1655/5799 5814/1659/5802 5813/1660/5801
f 5811/1655/5799 5812/1657/5800 5815/1660/5803 5814/1659/5802
f 5813/1660/5801 5814/1659/5802 5817/1657/5805 5816/1658/5804
f 5814/1659/5802 5815/1660/5803 5818/1657/5806 5817/1657/5805
f 221/382/221 1507/383/1505 5810/1658/5798 2528/1657/2524
f 1507/383/1505 1506/383/1504 5811/1655/5799 5810/1658/5798
f 1506/383/1504 1505/383/1503 5812/1657/5800 5811/1655/5799
f 1505/383/1503 223/382/223 2531/1657/2527 5812/1657/5800
f 5812/1657/5800 2531/1657/2527 2532/1656/2528 5815/1660/5803
f 5815/1660/5803 2532/1656/2528 2533/1657/2529 5818/1657/5806
f 5818/1657/5806 2533/1657/2529 28/383/28 497/382/497
f 5817/1657/5805 5818/1657/5806 497/382/497 498/383/498
f 5816/1658/5804 5817/1657/5805 498/383/498 499/383/499
f 2530/1657/2526 5816/1658/5804 499/383/499 26/383/26
f 2529/1656/2525 5813/1660/5801 5816/1658/5804 2530/1657/2526
f 2528/1657/2524 5810/1658/5798 5813/1660/5801 2529/1656/2525
f 5819/1658/5807 5820/1655/5808 5823/1659/5811 5822/1660/5810
f 5820/1655/5808 5821/1657/5809 5824/1660/5812 5823/1659/5811
f 5822/1660/5810 5823/1659/5811 5826/1657/5814 5825/1658/5813
f 5823/1659/5811 5824/1660/5812 5827/1657/5815 5826/1657/5814
f 223/382/223 1513/383/1511 5819/1658/5807 2531/1657/2527
f 1513/383/1511 1512/383/1510 5820/1655/5808 5819/1658/5807
f 1512/383/1510 1511/383/1509 5821/1657/5809 5820/1655/5808
f 1511/383/1509 225/382/225 2534/1657/2530 5821/1657/5809
f 5821/1657/5809 2534/1657/2530 2535/1656/2531 5824/1660/5812
f 5824/1660/5812 2535/1656/2531 2536/1657/2532 5827/1657/5815
f 5827/1657/5815 2536/1657/2532 30/383/30 503/382/503
f 5826/1657/5814 5827/1657/5815 503/382/503 504/383/504
f 5825/1658/5813 5826/1657/5814 504/383/504 505/383/505
f 2533/1657/2529 5825/1658/5813 505/383/505 28/383/28
f 2532/1656/2528 5822/1660/5810 5825/1658/5813 2533/1657/2529
f 2531/1657/2527 5819/1658/5807 5822/1660/5810 2532/1656/2528
f 5828/1658/5816 5829/1655/5817 5832/1659/5820 5831/1660/5819
f 5829/1655/5817 5830/1657/5818 5833/1660/5821 5832/1659/5820
f 5831/1660/5819 5832/1659/5820 5835/1657/5823 5834/1658/5822
f 5832/1659/5820 5833/1660/5821 5836/1657/5824 5835/1657/5823
f 225/382/225 1528/383/1526 5828/1658/5816 2534/1657/2530
f 1528/383/1526 1527/383/1525 5829/1655/5817 5828/1658/5816
f 1527/383/1525 1526/383/1524 5830/1657/5818 5829/1655/5817
f 1526/383/1524 209/382/209 2537/1657/2533 5830/1657/5818
f 5830/1657/5818 2537/1657/2533 2538/1656/2534 5833/1660/5821
f 5833/1660/5821 2538/1656/2534 2539/1657/2535 5836/1657/5824
f 5836/1657/5824 2539/1657/2535 14/383/14 518/382/518
f 5835/1657/5823 5836/1657/5824 518/382/518 519/383/519
f 5834/1658/5822 5835/1657/5823 519/383/519 520/383/520
f 2536/1657/2532 5834/1658/5822 520/383/520 30/383/30
f 2535/1656/2531 5831/1660/5819 5834/1658/5822 2536/1657/2532
f 2534/1657/2530 5828/1658/5816 5831/1660/5819 2535/1656/2531
f 5837/1658/5825 5838/1655/5826 5841/1659/5829 5840/1660/5828
f 5838/1655/5826 5839/1657/5827 5842/1660/5830 5841/1659/5829
f 5840/1660/5828 5841/1659/5829 5844/1657/5832 5843/1658/5831
f 5841/1659/5829 5842/1660/5830 5845/1657/5833 5844/1657/5832
f 209/382/209 1469/383/1467 5837/1658/5825 2537/1657/2533
f 1469/383/1467 1470/383/1468 5838/1655/5826 5837/1658/5825
f 1470/383/1468 1471/383/1469 5839/1657/5827 5838/1655/5826
f 1471/383/1469 207/382/207 2540/1657/2536 5839/1657/5827
f 5839/1657/5827 2540/1657/2536 2541/1656/2537 5842/1660/5830
f 5842/1660/5830 2541/1656/2537 2542/1657/2538 5845/1657/5833
f 5845/1657/5833 2542/1657/2538 12/383/12 463/382/463
f 5844/1657/5832 5845/1657/5833 463/382/463 462/383/462
f 5843/1658/5831 5844/1657/5832 462/383/462 461/383/461
f 2539/1657/2535 5843/1658/5831 461/383/461 14/383/14
f 2538/1656/2534 5840/1660/5828 5843/1658/5831 2539/1657/2535
f 2537/1657/2533 5837/1658/5825 5840/1660/5828 2538/1656/2534
f 5846/1658/5834 5847/1655/5835 5850/1659/5838 5849/1660/5837
f 5847/1655/5835 5848/1657/5836 5851/1660/5839 5850/1659/5838
f 5849/1660/5837 5850/1659/5838 5853/1657/5841 5852/1658/5840
f 5850/1659/5838 5851/1660/5839 5854/1657/5842 5853/1657/5841
f 207/382/207 1463/383/1461 5846/1658/5834 2540/1657/2536
f 1463/383/1461 1464/383/1462 5847/1655/5835 5846/1658/5834
f 1464/383/1462 1465/383/1463 5848/1657/5836 5847/1655/5835
f 1465/383/1463 205/382/205 2543/1657/2539 5848/1657/5836
f 5848/1657/5836 2543/1657/2539 2544/1656/2540 5851/1660/5839
f 5851/1660/5839 2544/1656/2540 2545/1657/2541 5854/1657/5842
f 5854/1657/5842 2545/1657/2541 10/383/10 457/382/457
f 5853/1657/5841 5854/1657/5842 457/382/457 456/383/456
f 5852/1658/5840 5853/1657/5841 456/383/456 455/383/455
f 2542/1657/2538 5852/1658/5840 455/383/455 12/383/12
f 2541/1656/2537 5849/1660/5837 5852/1658/5840 2542/1657/2538
f 2540/1657/2536 5846/1658/5834 5849/1660/5837 2541/1656/2537
f 5855/1658/5843 5856/1655/5844 5859/1659/5847 5858/1660/5846
f 5856/1655/5844 5857/1657/5845 5860/1660/5848 5859/1659/5847
f 5858/1660/5846 5859/1659/5847 5862/1657/5850 5861/1658/5849
f 5859/1659/5847 5860/1660/5848 5863/1657/5851 5862/1657/5850
f 205/382/205 1457/383/1455 5855/1658/5843 2543/1657/2539
f 1457/383/1455 1458/383/1456 5856/1655/5844 5855/1658/5843
f 1458/383/1456 1459/383/1457 5857/1657/5845 5856/1655/5844
f 1459/383/1457 203/382/203 2546/1657/2542 5857/1657/5845
f 5857/1657/5845 2546/1657/2542 2547/1656/2543 5860/1660/5848
f 5860/1660/5848 2547/1656/2543 2548/1657/2544 5863/1657/5851
f 5863/1657/5851 2548/1657/2544 8/383/8 451/382/451
f 5862/1657/5850 5863/1657/5851 451/382/451 450/383/450
f 5861/1658/5849 5862/1657/5850 450/383/450 449/383/449
f 2545/1657/2541 5861/1658/5849 449/383/449 10/383/10
f 2544/1656/2540 5858/1660/5846 5861/1658/5849 2545/1657/2541
f 2543/1657/2539 5855/1658/5843 5858/1660/5846 2544/1656/2540
f 5864/1658/5852 5865/1655/5853 5868/1659/5856 5867/1660/5855
f 5865/1655/5853 5866/1657/5854 5869/1660/5857 5868/1659/5856
f 5867/1660/5855 5868/1659/5856 5871/1657/5859 5870/1658/5858
f 5868/1659/5856 5869/1660/5857 5872/1657/5860 5871/1657/5859
f 203/382/203 1451/383/1449 5864/1658/5852 2546/1657/2542
f 1451/383/1449 1452/383/1450 5865/1655/5853 5864/1658/5852
f 1452/383/1450 1453/383/1451 5866/1657/5854 5865/1655/5853
f 1453/383/1451 201/382/201 2549/1657/2545 5866/1657/5854
f 5866/1657/5854 2549/1657/2545 2550/1656/2546 5869/1660/5857
f 5869/1660/5857 2550/1656/2546 2551/1657/2547 5872/1657/5860
f 5872/1657/5860 2551/1657/2547 6/383/6 445/382/445
f 5871/1657/5859 5872/1657/5860 445/382/445 444/383/444
f 5870/1658/5858 5871/1657/5859 444/383/444 443/383/443
f 2548/1657/2544 5870/1658/5858 443/383/443 8/383/8
f 2547/1656/2543 5867/1660/5855 5870/1658/5858 2548/1657/2544
f 2546/1657/2542 5864/1658/5852 5867/1660/5855 2547/1656/2543
f 5873/1658/5861 5874/1655/5862 5877/1659/5865 5876/1660/5864
f 5874/1655/5862 5875/1657/5863 5878/1660/5866 5877/1659/5865
f 5876/1660/5864 5877/1659/5865 5880/1657/5868 5879/1658/5867
f 5877/1659/5865 5878/1660/5866 5881/1657/5869 5880/1657/5868
f 201/382/201 1475/383/1473 5873/1658/5861 2549/1657/2545
f 1475/383/1473 1476/383/1474 5874/1655/5862 5873/1658/5861
f 1476/383/1474 1477/383/1475 5875/1657/5863 5874/1655/5862
f 1477/383/1475 211/382/211 2552/1657/2548 5875/1657/5863
f 5875/1657/5863 2552/1657/2548 2553/1656/2549 5878/1660/5866
f 5878/1660/5866 2553/1656/2549 2554/1657/2550 5881/1657/5869
f 5881/1657/5869 2554/1657/2550 16/383/16 469/382/469
f 5880/1657/5868 5881/1657/5869 469/382/469 468/383/468
f 5879/1658/5867 5880/1657/5868 468/383/468 467/383/467
f 2551/1657/2547 5879/1658/5867 467/383/467 6/383/6
f 2550/1656/2546 5876/1660/5864 5879/1658/5867 2551/1657/2547
f 2549/1657/2545 5873/1658/5861 5876/1660/5864 2550/1656/2546
f 5882/1661/5870 5883/1662/5871 5886/1663/5874 5885/1651/5873
f 5883/1662/5871 5884/1664/5872 5887/1665/5875 5886/1663/5874
f 5885/1651/5873 5886/1663/5874 5889/1647/5877 5888/1666/5876
f 5886/1663/5874 5887/1665/5875 5890/1667/5878 5889/1647/5877
f 211/383/211 1445/440/1443 5882/1661/5870 2552/1655/2548
f 1445/440/1443 1446/439/1444 5883/1662/5871 5882/1661/5870
f 1446/439/1444 1447/438/1445 5884/1664/5872 5883/1662/5871
f 1447/438/1445 198/437/198 2555/1668/2551 5884/1664/5872
f 5884/1664/5872 2555/1668/2551 2556/1669/2552 5887/1665/5875
f 5887/1665/5875 2556/1669/2552 2557/1670/2553 5890/1667/5878
f 5890/1667/5878 2557/1670/2553 3/514/3 439/383/439
f 5889/1647/5877 5890/1667/5878 439/383/439 438/382/438
f 5888/1666/5876 5889/1647/5877 438/382/438 437/383/437
f 2554/1657/2550 5888/1666/5876 437/383/437 16/383/16
f 2553/1656/2549 5885/1651/5873 5888/1666/5876 2554/1657/2550
f 2552/1655/2548 5882/1661/5870 5885/1651/5873 2553/1656/2549
f 5891/1671/5879 5892/1672/5880 5895/1673/5883 5894/1674/5882
f 5892/1672/5880 5893/1675/5881 5896/1676/5884 5895/1673/5883
f 5894/1674/5882 5895/1673/5883 5898/1677/5886 5897/1678/5885
f 5895/1673/5883 5896/1676/5884 5899/1679/5887 5898/1677/5886
f 198/437/198 1529/1192/1527 5891/1671/5879 2555/1668/2551
f 1529/1192/1527 1530/1193/1528 5892/1672/5880 5891/1671/5879
f 1530/1193/1528 1531/1202/1529 5893/1675/5881 5892/1672/5880
f 1531/1202/1529 230/1680/230 2558/1681/2554 5893/1675/5881
f 5893/1675/5881 2558/1681/2554 2559/1682/2555 5896/1676/5884
f 5896/1676/5884 2559/1682/2555 2560/1683/2556 5899/1679/5887
f 5899/1679/5887 2560/1683/2556 35/517/35 523/1684/523
f 5898/1677/5886 5899/1679/5887 523/1684/523 522/516/522
f 5897/1678/5885 5898/1677/5886 522/516/522 521/515/521
f 2557/1670/2553 5897/1678/5885 521/515/521 3/514/3
f 2556/1669/2552 5894/1674/5882 5897/1678/5885 2557/1670/2553
f 2555/1668/2551 5891/1671/5879 5894/1674/5882 2556/1669/2552
f 5900/1685/5888 5901/1686/5889 5904/1687/5892 5903/1688/5891
f 5901/1686/5889 5902/1689/5890 5905/1690/5893 5904/1687/5892
f 5903/1688/5891 5904/1687/5892 5907/1691/5895 5906/1692/5894
f 5904/1687/5892 5905/1690/5893 5908/1693/5896 5907/1691/5895
f 230/1680/230 1532/1203/1530 5900/1685/5888 2558/1681/2554
f 1532/1203/1530 1533/1204/1531 5901/1686/5889 5900/1685/5888
f 1533/1204/1531 1534/1694/1532 5902/1689/5890 5901/1686/5889
f 1534/1694/1532 231/953/231 2561/1695/2557 5902/1689/5890
f 5902/1689/5890 2561/1695/2557 2562/1696/2558 5905/1690/5893
f 5905/1690/5893 2562/1696/2558 2563/1697/2559 5908/1693/5896
f 5908/1693/5896 2563/1697/2559 36/522/36 526/1698/526
f 5907/1691/5895 5908/1693/5896 526/1698/526 525/1699/525
f 5906/1692/5894 5907/1691/5895 525/1699/525 524/518/524
f 2560/1683/2556 5906/1692/5894 524/518/524 35/517/35
f 2559/1682/2555 5903/1688/5891 5906/1692/5894 2560/1683/2556
f 2558/1681/2554 5900/1685/5888 5903/1688/5891 2559/1682/2555
f 5909/1700/5897 5910/1701/5898 5913/1702/5901 5912/1703/5900
f 5910/1701/5898 5911/1704/5899 5914/1705/5902 5913/1702/5901
f 5912/1703/5900 5913/1702/5901 5916/1706/5904 5915/1707/5903
f 5913/1702/5901 5914/1705/5902 5917/1708/5905 5916/1706/5904
f 231/953/231 1535/955/1533 5909/1700/5897 2561/1695/2557
f 1535/955/1533 1536/952/1534 5910/1701/5898 5909/1700/5897
f 1536/952/1534 1537/950/1535 5911/1704/5899 5910/1701/5898
f 1537/950/1535 229/1709/229 2564/1710/2560 5911/1704/5899
f 5911/1704/5899 2564/1710/2560 2565/1711/2561 5914/1705/5902
f 5914/1705/5902 2565/1711/2561 2566/1712/2562 5917/1708/5905
f 5917/1708/5905 2566/1712/2562 34/242/34 529/1713/529
f 5916/1706/5904 5917/1708/5905 529/1713/529 528/241/528
f 5915/1707/5903 5916/1706/5904 528/241/528 527/1714/527
f 2563/1697/2559 5915/1707/5903 527/1714/527 36/522/36
f 2562/1696/2558 5912/1703/5900 5915/1707/5903 2563/1697/2559
f 2561/1695/2557 5909/1700/5897 5912/1703/5900 2562/1696/2558
f 5918/1715/5906 5919/1716/5907 5922/1717/5910 5921/1718/5909
f 5919/1716/5907 5920/1719/5908 5923/1720/5911 5922/1717/5910
f 5921/1718/5909 5922/1717/5910 5925/1721/5913 5924/1722/5912
f 5922/1717/5910 5923/1720/5911 5926/1723/5914 5925/1721/5913
f 229/1709/229 1538/951/1536 5918/1715/5906 2564/1710/2560
f 1538/951/1536 1539/948/1537 5919/1716/5907 5918/1715/5906
f 1539/948/1537 1540/946/1538 5920/1719/5908 5919/1716/5907
f 1540/946/1538 199/700/199 2567/1724/2563 5920/1719/5908
f 5920/1719/5908 2567/1724/2563 2568/1725/2564 5923/1720/5911
f 5923/1720/5911 2568/1725/2564 2569/1726/2565 5926/1723/5914
f 5926/1723/5914 2569/1726/2565 4/246/4 532/1727/532
f 5925/1721/5913 5926/1723/5914 532/1727/532 531/245/531
f 5924/1722/5912 5925/1721/5913 531/245/531 530/243/530
f 2566/1712/2562 5924/1722/5912 530/243/530 34/242/34
f 2565/1711/2561 5921/1718/5909 5924/1722/5912 2566/1712/2562
f 2564/1710/2560 5918/1715/5906 5921/1718/5909 2565/1711/2561
f 5927/1728/5915 5928/1729/5916 5931/1730/5919 5930/1731/5918
f 5928/1729/5916 5929/1732/5917 5932/1733/5920 5931/1730/5919
f 5930/1731/5918 5931/1730/5919 5934/1734/5922 5933/1735/5921
f 5931/1730/5919 5932/1733/5920 5935/1736/5923 5934/1734/5922
f 199/700/199 2420/1385/2416 5927/1728/5915 2567/1724/2563
f 2420/1385/2416 2421/1384/2417 5928/1729/5916 5927/1728/5915
f 2421/1384/2417 2422/1383/2418 5929/1732/5917 5928/1729/5916
f 2422/1383/2418 386/1382/386 2570/1737/2566 5929/1732/5917
f 5929/1732/5917 2570/1737/2566 2571/1738/2567 5932/1733/5920
f 5932/1733/5920 2571/1738/2567 2572/1739/2568 5935/1736/5923
f 5935/1736/5923 2572/1739/2568 191/1740/191 1414/1741/1412
f 5934/1734/5922 5935/1736/5923 1414/1741/1412 1413/1742/1411
f 5933/1735/5921 5934/1734/5922 1413/1742/1411 1412/744/1410
f 2569/1726/2565 5933/1735/5921 1412/744/1410 4/246/4
f 2568/1725/2564 5930/1731/5918 5933/1735/5921 2569/1726/2565
f 2567/1724/2563 5927/1728/5915 5930/1731/5918 2568/1725/2564
f 5936/1743/5924 5937/1744/5925 5940/1745/5928 5939/1746/5927
f 5937/1744/5925 5938/1747/5926 5941/1748/5929 5940/1745/5928
f 5939/1746/5927 5940/1745/5928 5943/1749/5931 5942/1750/5930
f 5940/1745/5928 5941/1748/5929 5944/1751/5932 5943/1749/5931
f 406/1157/406 1844/1155/1840 5936/1743/5924 2825/1752/2816
f 1844/1155/1840 1845/1154/1841 5937/1744/5925 5936/1743/5924
f 1845/1154/1841 1846/1153/1842 5938/1747/5926 5937/1744/5925
f 1846/1153/1842 197/1563/197 2573/1753/2569 5938/1747/5926
f 5938/1747/5926 2573/1753/2569 2574/1754/2570 5941/1748/5929
f 5941/1748/5929 2574/1754/2570 2575/1755/2571 5944/1751/5932
f 5944/1751/5932 2575/1755/2571 2/474/2 838/473/836
f 5943/1749/5931 5944/1751/5932 838/473/836 837/472/835
f 5942/1750/5930 5943/1749/5931 837/472/835 836/1756/834
f 2827/1757/2818 5942/1750/5930 836/1756/834 401/1758/401
f 2826/1759/2817 5939/1746/5927 5942/1750/5930 2827/1757/2818
f 2825/1752/2816 5936/1743/5924 5939/1746/5927 2826/1759/2817
f 5945/1760/5933 5946/1761/5934 5949/1762/5937 5948/1763/5936
f 5946/1761/5934 5947/1764/5935 5950/1765/5938 5949/1762/5937
f 5948/1763/5936 5949/1762/5937 5952/1766/5940 5951/1767/5939
f 5949/1762/5937 5950/1765/5938 5953/1768/5941 5952/1766/5940
f 197/1563/197 2189/402/2185 5945/1760/5933 2573/1753/2569
f 2189/402/2185 2190/401/2186 5946/1761/5934 5945/1760/5933
f 2190/401/2186 2191/400/2187 5947/1764/5935 5946/1761/5934
f 2191/400/2187 346/399/346 2576/1769/2572 5947/1764/5935
f 5947/1764/5935 2576/1769/2572 2577/1770/2573 5950/1765/5938
f 5950/1765/5938 2577/1770/2573 2578/1771/2574 5953/1768/5941
f 5953/1768/5941 2578/1771/2574 151/1772/151 1183/1773/1181
f 5952/1766/5940 5953/1768/5941 1183/1773/1181 1182/476/1180
f 5951/1767/5939 5952/1766/5940 1182/476/1180 1181/1774/1179
f 2575/1755/2571 5951/1767/5939 1181/1774/1179 2/474/2
f 2574/1754/2570 5948/1763/5936 5951/1767/5939 2575/1755/2571
f 2573/1753/2569 5945/1760/5933 5948/1763/5936 2574/1754/2570
f 5954/1775/5942 5955/1776/5943 5958/1777/5946 5957/1778/5945
f 5955/1776/5943 5956/1779/5944 5959/1780/5946 5958/1777/5946
f 5957/1778/5945 5958/1777/5946 5961/1781/5948 5960/1782/5947
f 5958/1777/5946 5959/1780/5946 5962/1783/5949 5961/1781/5948
f 346/399/346 1544/422/1542 5954/1775/5942 2576/1769/2572
f 1544/422/1542 1545/1784/1543 5955/1776/5943 5954/1775/5942
f 1545/1784/1543 1546/420/1544 5956/1779/5944 5955/1776/5943
f 1546/420/1544 236/79/236 2579/1785/2575 5956/1779/5944
f 5956/1779/5944 2579/1785/2575 2580/1786/2576 5959/1780/5946
f 5959/1780/5946 2580/1786/2576 2581/1787/2577 5962/1783/5949
f 5962/1783/5949 2581/1787/2577 41/1788/41 538/1789/538
f 5961/1781/5948 5962/1783/5949 538/1789/538 537/1790/537
f 5960/1782/5947 5961/1781/5948 537/1790/537 536/1791/536
f 2578/1771/2574 5960/1782/5947 536/1791/536 151/1772/151
f 2577/1770/2573 5957/1778/5945 5960/1782/5947 2578/1771/2574
f 2576/1769/2572 5954/1775/5942 5957/1778/5945 2577/1770/2573
f 5963/1792/5950 5964/1793/5951 5967/1794/5953 5966/1795/5953
f 5964/1793/5951 5965/1796/5952 5968/1797/5954 5967/1794/5953
f 5966/1795/5953 5967/1794/5953 5970/1798/5956 5969/1799/5955
f 5967/1794/5953 5968/1797/5954 5971/1800/5957 5970/1798/5956
f 236/79/236 2195/78/2191 5963/1792/5950 2579/1785/2575
f 2195/78/2191 2196/1801/2192 5964/1793/5951 5963/1792/5950
f 2196/1801/2192 2197/76/2193 5965/1796/5952 5964/1793/5951
f 2197/76/2193 347/75/347 2582/1802/2578 5965/1796/5952
f 5965/1796/5952 2582/1802/2578 2583/1803/2579 5968/1797/5954
f 5968/1797/5954 2583/1803/2579 2584/1804/2580 5971/1800/5957
f 5971/1800/5957 2584/1804/2580 152/365/152 1189/1805/1187
f 5970/1798/5956 5971/1800/5957 1189/1805/1187 1188/1806/1186
f 5969/1799/5955 5970/1798/5956 1188/1806/1186 1187/1807/1185
f 2581/1787/2577 5969/1799/5955 1187/1807/1185 41/1788/41
f 2580/1786/2576 5966/1795/5953 5969/1799/5955 2581/1787/2577
f 2579/1785/2575 5963/1792/5950 5966/1795/5953 2580/1786/2576
f 5972/1808/5958 5973/1809/5959 5976/1810/5962 5975/1811/5961
f 5973/1809/5959 5974/1812/5960 5977/1813/5963 5976/1810/5962
f 5975/1811/5961 5976/1810/5962 5979/1814/5965 5978/1815/5964
f 5976/1810/5962 5977/1813/5963 5980/1816/5966 5979/1814/5965
f 347/75/347 1439/146/1437 5972/1808/5958 2582/1802/2578
f 1439/146/1437 1440/145/1438 5973/1809/5959 5972/1808/5958
f 1440/145/1438 1441/144/1439 5974/1812/5960 5973/1809/5959
f 1441/144/1439 196/1508/196 2449/1817/2445 5974/1812/5960
f 5974/1812/5960 2449/1817/2445 2448/1818/2444 5977/1813/5963
f 5977/1813/5963 2448/1818/2444 2447/1819/2443 5980/1816/5966
f 5980/1816/5966 2447/1819/2443 1/369/1 433/1820/433
f 5979/1814/5965 5980/1816/5966 433/1820/433 432/1821/432
f 5978/1815/5964 5979/1814/5965 432/1821/432 431/1822/431
f 2584/1804/2580 5978/1815/5964 431/1822/431 152/365/152
f 2583/1803/2579 5975/1811/5961 5978/1815/5964 2584/1804/2580
f 2582/1802/2578 5972/1808/5958 5975/1811/5961 2583/1803/2579
f 5981/86/5967 5982/86/5968 5985/86/5971 5984/86/5970
f 5982/86/5968 5983/86/5969 5986/86/5972 5985/86/5971
f 5984/86/5970 5985/86/5971 5988/86/5974 5987/86/5973
f 5985/86/5971 5986/86/5972 5989/86/5975 5988/86/5974
f 326/86/326 2071/86/2067 5981/86/5967 2587/86/2583
f 2071/86/2067 2070/86/2066 5982/86/5968 5981/86/5967
f 2070/86/2066 2069/86/2065 5983/86/5969 5982/86/5968
f 2069/86/2065 289/86/289 2588/86/2584 5983/86/5969
f 5983/86/5969 2588/86/2584 2589/86/2585 5986/86/5972
f 5986/86/5972 2589/86/2585 2590/86/2586 5989/86/5975
f 5989/86/5975 2590/86/2586 94/86/94 1061/86/1059
f 5988/86/5974 5989/86/5975 1061/86/1059 1062/86/1060
f 5987/86/5973 5988/86/5974 1062/86/1060 1063/86/1061
f 2585/86/2581 5987/86/5973 1063/86/1061 131/86/131
f 2586/86/2582 5984/86/5970 5987/86/5973 2585/86/2581
f 2587/86/2583 5981/86/5967 5984/86/5970 2586/86/2582
f 5990/86/5976 5991/86/5977 5994/86/5980 5993/86/5979
f 5991/86/5977 5992/86/5978 5995/86/5981 5994/86/5980
f 5993/86/5979 5994/86/5980 5997/86/5983 5996/86/5982
f 5994/86/5980 5995/86/5981 5998/86/5984 5997/86/5983
f 289/86/289 1831/86/1827 5990/86/5976 2588/86/2584
f 1831/86/1827 1830/86/1826 5991/86/5977 5990/86/5976
f 1830/86/1826 1829/86/1825 5992/86/5978 5991/86/5977
f 1829/86/1825 296/86/296 2591/86/2587 5992/86/5978
f 5992/86/5978 2591/86/2587 2592/86/2588 5995/86/5981
f 5995/86/5981 2592/86/2588 2593/86/2589 5998/86/5984
f 5998/86/5984 2593/86/2589 101/86/101 821/86/819
f 5997/86/5983 5998/86/5984 821/86/819 822/86/820
f 5996/86/5982 5997/86/5983 822/86/820 823/86/821
f 2590/86/2586 5996/86/5982 823/86/821 94/86/94
f 2589/86/2585 5993/86/5979 5996/86/5982 2590/86/2586
f 2588/86/2584 5990/86/5976 5993/86/5979 2589/86/2585
f 5999/86/5985 6000/86/5986 6003/86/5989 6002/86/5988
f 6000/86/5986 6001/86/5987 6004/86/5990 6003/86/5989
f 6002/86/5988 6003/86/5989 6006/86/5992 6005/86/5991
f 6003/86/5989 6004/86/5990 6007/86/5993 6006/86/5992
f 296/86/296 1858/86/1854 5999/86/5985 2591/86/2587
f 1858/86/1854 1857/86/1853 6000/86/5986 5999/86/5985
f 1857/86/1853 1856/86/1852 6001/86/5987 6000/86/5986
f 1856/86/1852 291/86/291 2594/86/2590 6001/86/5987
f 6001/86/5987 2594/86/2590 2595/86/2591 6004/86/5990
f 6004/86/5990 2595/86/2591 2596/86/2592 6007/86/5993
f 6007/86/5993 2596/86/2592 96/86/96 848/86/846
f 6006/86/5992 6007/86/5993 848/86/846 849/86/847
f 6005/86/5991 6006/86/5992 849/86/847 850/86/848
f 2593/86/2589 6005/86/5991 850/86/848 101/86/101
f 2592/86/2588 6002/86/5988 6005/86/5991 2593/86/2589
f 2591/86/2587 5999/86/5985 6002/86/5988 2592/86/2588
f 6008/86/5994 6009/86/5995 6012/86/5998 6011/86/5997
f 6009/86/5995 6010/86/5996 6013/86/2686 6012/86/5998
f 6011/86/5997 6012/86/5998 6015/86/6000 6014/86/5999
f 6012/86/5998 6013/86/2686 6016/86/6001 6015/86/6000
f 291/86/291 2339/86/2335 6008/86/5994 2594/86/2590
f 2339/86/2335 2340/86/2336 6009/86/5995 6008/86/5994
f 2340/86/2336 2341/86/2337 6010/86/5996 6009/86/5995
f 2341/86/2337 371/86/371 2597/86/2593 6010/86/5996
f 6010/86/5996 2597/86/2593 2598/86/2594 6013/86/2686
f 6013/86/2686 2598/86/2594 2599/86/2595 6016/86/6001
f 6016/86/6001 2599/86/2595 176/86/176 1333/86/1331
f 6015/86/6000 6016/86/6001 1333/86/1331 1332/86/1330
f 6014/86/5999 6015/86/6000 1332/86/1330 1331/86/1329
f 2596/86/2592 6014/86/5999 1331/86/1329 96/86/96
f 2595/86/2591 6011/86/5997 6014/86/5999 2596/86/2592
f 2594/86/2590 6008/86/5994 6011/86/5997 2595/86/2591
f 6017/86/6002 6018/86/6003 6021/86/6006 6020/86/6005
f 6018/86/6003 6019/86/6004 6022/86/6007 6021/86/6006
f 6020/86/6005 6021/86/6006 6024/86/6009 6023/86/6008
f 6021/86/6006 6022/86/6007 6025/86/6010 6024/86/6009
f 371/86/371 2324/86/2320 6017/86/6002 2597/86/2593
f 2324/86/2320 2325/86/2321 6018/86/6003 6017/86/6002
f 2325/86/2321 2326/86/2322 6019/86/6004 6018/86/6003
f 2326/86/2322 366/86/366 2600/86/2596 6019/86/6004
f 6019/86/6004 2600/86/2596 2601/86/2597 6022/86/6007
f 6022/86/6007 2601/86/2597 2602/86/2598 6025/86/6010
f 6025/86/6010 2602/86/2598 171/86/171 1318/86/1316
f 6024/86/6009 6025/86/6010 1318/86/1316 1317/86/1315
f 6023/86/6008 6024/86/6009 1317/86/1315 1316/86/1314
f 2599/86/2595 6023/86/6008 1316/86/1314 176/86/176
f 2598/86/2594 6020/86/6005 6023/86/6008 2599/86/2595
f 2597/86/2593 6017/86/6002 6020/86/6005 2598/86/2594
f 6026/86/6011 6027/86/6012 6030/86/6015 6029/86/6014
f 6027/86/6012 6028/86/6013 6031/86/6016 6030/86/6015
f 6029/86/6014 6030/86/6015 6033/86/6018 6032/86/6017
f 6030/86/6015 6031/86/6016 6034/86/6019 6033/86/6018
f 366/86/366 2321/86/2317 6026/86/6011 2600/86/2596
f 2321/86/2317 2322/86/2318 6027/86/6012 6026/86/6011
f 2322/86/2318 2323/86/2319 6028/86/6013 6027/86/6012
f 2323/86/2319 370/86/370 2603/86/2599 6028/86/6013
f 6028/86/6013 2603/86/2599 2604/86/2600 6031/86/6016
f 6031/86/6016 2604/86/2600 2605/86/2601 6034/86/6019
f 6034/86/6019 2605/86/2601 175/86/175 1315/86/1313
f 6033/86/6018 6034/86/6019 1315/86/1313 1314/86/1312
f 6032/86/6017 6033/86/6018 1314/86/1312 1313/86/1311
f 2602/86/2598 6032/86/6017 1313/86/1311 171/86/171
f 2601/86/2597 6029/86/6014 6032/86/6017 2602/86/2598
f 2600/86/2596 6026/86/6011 6029/86/6014 2601/86/2597
f 6035/86/6020 6036/86/6021 6039/86/6024 6038/86/6023
f 6036/86/6021 6037/86/6022 6040/86/6025 6039/86/6024
f 6038/86/6023 6039/86/6024 6042/86/6027 6041/86/6026
f 6039/86/6024 6040/86/6025 6043/86/6028 6042/86/6027
f 370/86/370 2315/86/2311 6035/86/6020 2603/86/2599
f 2315/86/2311 2316/86/2312 6036/86/6021 6035/86/6020
f 2316/86/2312 2317/86/2313 6037/86/6022 6036/86/6021
f 2317/86/2313 368/86/368 2606/86/2602 6037/86/6022
f 6037/86/6022 2606/86/2602 2607/86/2603 6040/86/6025
f 6040/86/6025 2607/86/2603 2608/86/2604 6043/86/6028
f 6043/86/6028 2608/86/2604 173/86/173 1309/86/1307
f 6042/86/6027 6043/86/6028 1309/86/1307 1308/86/1306
f 6041/86/6026 6042/86/6027 1308/86/1306 1307/86/1305
f 2605/86/2601 6041/86/6026 1307/86/1305 175/86/175
f 2604/86/2600 6038/86/6023 6041/86/6026 2605/86/2601
f 2603/86/2599 6035/86/6020 6038/86/6023 2604/86/2600
f 6044/86/6029 6045/86/6030 6048/86/6033 6047/86/6032
f 6045/86/6030 6046/86/6031 6049/86/6034 6048/86/6033
f 6047/86/6032 6048/86/6033 6051/86/6036 6050/86/6035
f 6048/86/6033 6049/86/6034 6052/86/6037 6051/86/6036
f 368/86/368 2318/86/2314 6044/86/6029 2606/86/2602
f 2318/86/2314 2319/86/2315 6045/86/6030 6044/86/6029
f 2319/86/2315 2320/86/2316 6046/86/6031 6045/86/6030
f 2320/86/2316 369/86/369 2609/86/2605 6046/86/6031
f 6046/86/6031 2609/86/2605 2610/86/2606 6049/86/6034
f 6049/86/6034 2610/86/2606 2611/86/2607 6052/86/6037
f 6052/86/6037 2611/86/2607 174/86/174 1312/86/1310
f 6051/86/6036 6052/86/6037 1312/86/1310 1311/86/1309
f 6050/86/6035 6051/86/6036 1311/86/1309 1310/86/1308
f 2608/86/2604 6050/86/6035 1310/86/1308 173/86/173
f 2607/86/2603 6047/86/6032 6050/86/6035 2608/86/2604
f 2606/86/2602 6044/86/6029 6047/86/6032 2607/86/2603
f 6053/86/6038 6054/86/6039 6057/86/6042 6056/86/6041
f 6054/86/6039 6055/86/6040 6058/86/6043 6057/86/6042
f 6056/86/6041 6057/86/6042 6060/86/6045 6059/86/6044
f 6057/86/6042 6058/86/6043 6061/86/6046 6060/86/6045
f 369/86/369 2312/86/2308 6053/86/6038 2609/86/2605
f 2312/86/2308 2313/86/2309 6054/86/6039 6053/86/6038
f 2313/86/2309 2314/86/2310 6055/86/6040 6054/86/6039
f 2314/86/2310 367/86/367 2612/86/2608 6055/86/6040
f 6055/86/6040 2612/86/2608 2613/86/2609 6058/86/6043
f 6058/86/6043 2613/86/2609 2614/86/2610 6061/86/6046
f 6061/86/6046 2614/86/2610 172/86/172 1306/86/1304
f 6060/86/6045 6061/86/6046 1306/86/1304 1305/86/1303
f 6059/86/6044 6060/86/6045 1305/86/1303 1304/86/1302
f 2611/86/2607 6059/86/6044 1304/86/1302 174/86/174
f 2610/86/2606 6056/86/6041 6059/86/6044 2611/86/2607
f 2609/86/2605 6053/86/6038 6056/86/6041 2610/86/2606
f 6062/86/6047 6063/86/6048 6066/86/6051 6065/86/6050
f 6063/86/6048 6064/86/6049 6067/86/6052 6066/86/6051
f 6065/86/6050 6066/86/6051 6069/86/6054 6068/86/6053
f 6066/86/6051 6067/86/6052 6070/86/6055 6069/86/6054
f 367/86/367 2351/86/2347 6062/86/6047 2612/86/2608
f 2351/86/2347 2352/86/2348 6063/86/6048 6062/86/6047
f 2352/86/2348 2353/86/2349 6064/86/6049 6063/86/6048
f 2353/86/2349 375/86/375 2615/86/2611 6064/86/6049
f 6064/86/6049 2615/86/2611 2616/86/2612 6067/86/6052
f 6067/86/6052 2616/86/2612 2617/86/2613 6070/86/6055
f 6070/86/6055 2617/86/2613 180/86/180 1345/86/1343
f 6069/86/6054 6070/86/6055 1345/86/1343 1344/86/1342
f 6068/86/6053 6069/86/6054 1344/86/1342 1343/86/1341
f 2614/86/2610 6068/86/6053 1343/86/1341 172/86/172
f 2613/86/2609 6065/86/6050 6068/86/6053 2614/86/2610
f 2612/86/2608 6062/86/6047 6065/86/6050 2613/86/2609
f 6071/86/6056 6072/86/6057 6075/86/6060 6074/86/6059
f 6072/86/6057 6073/86/6058 6076/86/6061 6075/86/6060
f 6074/86/6059 6075/86/6060 6078/86/6063 6077/86/6062
f 6075/86/6060 6076/86/6061 6079/86/6064 6078/86/6063
f 375/86/375 2336/86/2332 6071/86/6056 2615/86/2611
f 2336/86/2332 2337/86/2333 6072/86/6057 6071/86/6056
f 2337/86/2333 2338/86/2334 6073/86/6058 6072/86/6057
f 2338/86/2334 292/86/292 2618/86/2614 6073/86/6058
f 6073/86/6058 2618/86/2614 2619/86/2615 6076/86/6061
f 6076/86/6061 2619/86/2615 2620/86/2616 6079/86/6064
f 6079/86/6064 2620/86/2616 97/86/97 1330/86/1328
f 6078/86/6063 6079/86/6064 1330/86/1328 1329/86/1327
f 6077/86/6062 6078/86/6063 1329/86/1327 1328/86/1326
f 2617/86/2613 6077/86/6062 1328/86/1326 180/86/180
f 2616/86/2612 6074/86/6059 6077/86/6062 2617/86/2613
f 2615/86/2611 6071/86/6056 6074/86/6059 2616/86/2612
f 6080/86/6065 6081/86/6066 6084/86/6069 6083/86/6068
f 6081/86/6066 6082/86/6067 6085/86/6070 6084/86/6069
f 6083/86/6068 6084/86/6069 6087/86/6072 6086/86/6071
f 6084/86/6069 6085/86/6070 6088/86/6073 6087/86/6072
f 292/86/292 1828/86/1824 6080/86/6065 2618/86/2614
f 1828/86/1824 1827/86/1823 6081/86/6066 6080/86/6065
f 1827/86/1823 1826/86/1822 6082/86/6067 6081/86/6066
f 1826/86/1822 295/86/295 2621/86/2617 6082/86/6067
f 6082/86/6067 2621/86/2617 2622/86/2618 6085/86/6070
f 6085/86/6070 2622/86/2618 2623/86/2619 6088/86/6073
f 6088/86/6073 2623/86/2619 100/86/100 818/86/816
f 6087/86/6072 6088/86/6073 818/86/816 819/86/817
f 6086/86/6071 6087/86/6072 819/86/817 820/86/818
f 2620/86/2616 6086/86/6071 820/86/818 97/86/97
f 2619/86/2615 6083/86/6068 6086/86/6071 2620/86/2616
f 2618/86/2614 6080/86/6065 6083/86/6068 2619/86/2615
f 6089/86/6074 6090/86/6075 6093/86/6078 6092/86/6077
f 6090/86/6075 6091/86/6076 6094/86/6079 6093/86/6078
f 6092/86/6077 6093/86/6078 6096/86/6081 6095/86/6080
f 6093/86/6078 6094/86/6079 6097/86/6082 6096/86/6081
f 295/86/295 1855/86/1851 6089/86/6074 2621/86/2617
f 1855/86/1851 1854/86/1850 6090/86/6075 6089/86/6074
f 1854/86/1850 1853/86/1849 6091/86/6076 6090/86/6075
f 1853/86/1849 290/86/290 2624/86/2620 6091/86/6076
f 6091/86/6076 2624/86/2620 2625/86/2621 6094/86/6079
f 6094/86/6079 2625/86/2621 2626/86/2622 6097/86/6082
f 6097/86/6082 2626/86/2622 95/86/95 845/86/843
f 6096/86/6081 6097/86/6082 845/86/843 846/86/844
f 6095/86/6080 6096/86/6081 846/86/844 847/86/845
f 2623/86/2619 6095/86/6080 847/86/845 100/86/100
f 2622/86/2618 6092/86/6077 6095/86/6080 2623/86/2619
f 2621/86/2617 6089/86/6074 6092/86/6077 2622/86/2618
f 6098/86/6083 6099/86/6084 6102/86/6087 6101/86/6086
f 6099/86/6084 6100/86/6085 6103/86/6088 6102/86/6087
f 6101/86/6086 6102/86/6087 6105/86/6090 6104/86/6089
f 6102/86/6087 6103/86/6088 6106/86/6091 6105/86/6090
f 290/86/290 1810/86/1806 6098/86/6083 2624/86/2620
f 1810/86/1806 1809/86/1805 6099/86/6084 6098/86/6083
f 1809/86/1805 1808/86/1804 6100/86/6085 6099/86/6084
f 1808/86/1804 323/86/323 2627/86/2623 6100/86/6085
f 6100/86/6085 2627/86/2623 2628/86/2624 6103/86/6088
f 6103/86/6088 2628/86/2624 2629/86/2625 6106/86/6091
f 6106/86/6091 2629/86/2625 128/86/128 800/86/798
f 6105/86/6090 6106/86/6091 800/86/798 801/86/799
f 6104/86/6089 6105/86/6090 801/86/799 802/86/800
f 2626/86/2622 6104/86/6089 802/86/800 95/86/95
f 2625/86/2621 6101/86/6086 6104/86/6089 2626/86/2622
f 2624/86/2620 6098/86/6083 6101/86/6086 2625/86/2621
f 6107/86/6092 6108/86/6093 6111/86/6096 6110/86/6095
f 6108/86/6093 6109/86/6094 6112/86/6097 6111/86/6096
f 6110/86/6095 6111/86/6096 6114/86/6099 6113/86/6098
f 6111/86/6096 6112/86/6097 6115/86/6100 6114/86/6099
f 323/86/323 2059/86/2055 6107/86/6092 2627/86/2623
f 2059/86/2055 2058/86/2054 6108/86/6093 6107/86/6092
f 2058/86/2054 2057/86/2053 6109/86/6094 6108/86/6093
f 2057/86/2053 293/86/293 2630/86/2626 6109/86/6094
f 6109/86/6094 2630/86/2626 2631/86/2495 6112/86/6097
f 6112/86/6097 2631/86/2495 2632/86/2627 6115/86/6100
f 6115/86/6100 2632/86/2627 98/86/98 1049/86/1047
f 6114/86/6099 6115/86/6100 1049/86/1047 1050/86/1048
f 6113/86/6098 6114/86/6099 1050/86/1048 1051/86/1049
f 2629/86/2625 6113/86/6098 1051/86/1049 128/86/128
f 2628/86/2624 6110/86/6095 6113/86/6098 2629/86/2625
f 2627/86/2623 6107/86/6092 6110/86/6095 2628/86/2624
f 6116/86/6101 6117/86/6102 6120/86/6105 6119/86/6104
f 6117/86/6102 6118/86/6103 6121/86/6106 6120/86/6105
f 6119/86/6104 6120/86/6105 6123/86/6108 6122/86/6107
f 6120/86/6105 6121/86/6106 6124/86/6109 6123/86/6108
f 293/86/293 1798/86/1794 6116/86/6101 2630/86/2626
f 1798/86/1794 1797/86/1793 6117/86/6102 6116/86/6101
f 1797/86/1793 1796/86/1792 6118/86/6103 6117/86/6102
f 1796/86/1792 326/86/326 2587/86/2583 6118/86/6103
f 6118/86/6103 2587/86/2583 2586/86/2582 6121/86/6106
f 6121/86/6106 2586/86/2582 2585/86/2581 6124/86/6109
f 6124/86/6109 2585/86/2581 131/86/131 788/86/786
f 6123/86/6108 6124/86/6109 788/86/786 789/86/787
f 6122/86/6107 6123/86/6108 789/86/787 790/86/788
f 2632/86/2627 6122/86/6107 790/86/788 98/86/98
f 2631/86/2495 6119/86/6104 6122/86/6107 2632/86/2627
f 2630/86/2626 6116/86/6101 6119/86/6104 2631/86/2495
f 6125/86/6110 6126/86/6111 6129/86/6114 6128/86/6113
f 6126/86/6111 6127/86/6112 6130/86/6115 6129/86/6114
f 6128/86/6113 6129/86/6114 6132/86/6117 6131/86/6116
f 6129/86/6114 6130/86/6115 6133/86/6118 6132/86/6117
f 254/86/254 2033/86/2029 6125/86/6110 2635/86/2630
f 2033/86/2029 2034/86/2030 6126/86/6111 6125/86/6110
f 2034/86/2030 2035/86/2031 6127/86/6112 6126/86/6111
f 2035/86/2031 320/86/320 2636/86/2631 6127/86/6112
f 6127/86/6112 2636/86/2631 2637/86/2632 6130/86/6115
f 6130/86/6115 2637/86/2632 2638/86/2633 6133/86/6118
f 6133/86/6118 2638/86/2633 125/86/125 1027/86/1025
f 6132/86/6117 6133/86/6118 1027/86/1025 1026/86/1024
f 6131/86/6116 6132/86/6117 1026/86/1024 1025/86/1023
f 2633/86/2628 6131/86/6116 1025/86/1023 59/86/59
f 2634/86/2629 6128/86/6113 6131/86/6116 2633/86/2628
f 2635/86/2630 6125/86/6110 6128/86/6113 2634/86/2629
f 6134/86/6119 6135/86/6120 6138/86/5713 6137/86/5714
f 6135/86/6120 6136/86/6121 6139/86/5713 6138/86/5713
f 6137/86/5714 6138/86/5713 6141/86/6123 6140/86/6122
f 6138/86/5713 6139/86/5713 6142/86/6124 6141/86/6123
f 320/86/320 1778/86/1774 6134/86/6119 2636/86/2631
f 1778/86/1774 1779/86/1775 6135/86/6120 6134/86/6119
f 1779/86/1775 1780/86/1776 6136/86/6121 6135/86/6120
f 1780/86/1776 286/86/286 2639/86/2634 6136/86/6121
f 6136/86/6121 2639/86/2634 2640/86/2495 6139/86/5713
f 6139/86/5713 2640/86/2495 2641/86/2635 6142/86/6124
f 6142/86/6124 2641/86/2635 91/86/91 772/86/770
f 6141/86/6123 6142/86/6124 772/86/770 771/86/769
f 6140/86/6122 6141/86/6123 771/86/769 770/86/768
f 2638/86/2633 6140/86/6122 770/86/768 125/86/125
f 2637/86/2632 6137/86/5714 6140/86/6122 2638/86/2633
f 2636/86/2631 6134/86/6119 6137/86/5714 2637/86/2632
f 6143/86/6125 6144/86/6126 6147/86/5706 6146/86/5706
f 6144/86/6126 6145/86/6127 6148/86/5705 6147/86/5706
f 6146/86/5706 6147/86/5706 6150/86/6129 6149/86/6128
f 6147/86/5706 6148/86/5705 6151/86/6130 6150/86/6129
f 286/86/286 2021/86/2017 6143/86/6125 2639/86/2634
f 2021/86/2017 2022/86/2018 6144/86/6126 6143/86/6125
f 2022/86/2018 2023/86/2019 6145/86/6127 6144/86/6126
f 2023/86/2019 317/86/317 2642/86/2636 6145/86/6127
f 6145/86/6127 2642/86/2636 2643/86/2637 6148/86/5705
f 6148/86/5705 2643/86/2637 2644/86/2638 6151/86/6130
f 6151/86/6130 2644/86/2638 122/86/122 1015/86/1013
f 6150/86/6129 6151/86/6130 1015/86/1013 1014/86/1012
f 6149/86/6128 6150/86/6129 1014/86/1012 1013/86/1011
f 2641/86/2635 6149/86/6128 1013/86/1011 91/86/91
f 2640/86/2495 6146/86/5706 6149/86/6128 2641/86/2635
f 2639/86/2634 6143/86/6125 6146/86/5706 2640/86/2495
f 6152/86/6131 6153/86/6132 6156/86/6135 6155/86/6134
f 6153/86/6132 6154/86/6133 6157/86/6136 6156/86/6135
f 6155/86/6134 6156/86/6135 6159/86/6138 6158/86/6137
f 6156/86/6135 6157/86/6136 6160/86/6139 6159/86/6138
f 317/86/317 1664/86/1661 6152/86/6131 2642/86/2636
f 1664/86/1661 1665/86/1662 6153/86/6132 6152/86/6131
f 1665/86/1662 1666/86/1663 6154/86/6133 6153/86/6132
f 1666/86/1663 253/86/253 2645/86/2639 6154/86/6133
f 6154/86/6133 2645/86/2639 2646/86/2640 6157/86/6136
f 6157/86/6136 2646/86/2640 2647/86/2641 6160/86/6139
f 6160/86/6139 2647/86/2641 58/86/58 658/86/657
f 6159/86/6138 6160/86/6139 658/86/657 657/86/656
f 6158/86/6137 6159/86/6138 657/86/656 656/86/655
f 2644/86/2638 6158/86/6137 656/86/655 122/86/122
f 2643/86/2637 6155/86/6134 6158/86/6137 2644/86/2638
f 2642/86/2636 6152/86/6131 6155/86/6134 2643/86/2637
f 6161/86/6140 6162/86/6141 6165/86/6144 6164/86/6143
f 6162/86/6141 6163/86/6142 6166/86/6145 6165/86/6144
f 6164/86/6143 6165/86/6144 6168/86/6147 6167/86/6146
f 6165/86/6144 6166/86/6145 6169/86/6148 6168/86/6147
f 420/86/420 2396/86/2392 6161/86/6140 2888/86/2879
f 2396/86/2392 2397/86/2393 6162/86/6141 6161/86/6140
f 2397/86/2393 2398/86/2394 6163/86/6142 6162/86/6141
f 2398/86/2394 382/86/382 2648/86/2642 6163/86/6142
f 6163/86/6142 2648/86/2642 2649/86/2643 6166/86/6145
f 6166/86/6145 2649/86/2643 2650/86/2644 6169/86/6148
f 6169/86/6148 2650/86/2644 187/86/187 1390/86/1388
f 6168/86/6147 6169/86/6148 1390/86/1388 1389/86/1387
f 6167/86/6146 6168/86/6147 1389/86/1387 1388/86/1386
f 2890/86/2881 6167/86/6146 1388/86/1386 415/86/415
f 2889/86/2880 6164/86/6143 6167/86/6146 2890/86/2881
f 2888/86/2879 6161/86/6140 6164/86/6143 2889/86/2880
f 6170/86/6149 6171/86/6150 6174/86/6153 6173/86/6152
f 6171/86/6150 6172/86/6151 6175/86/6154 6174/86/6153
f 6173/86/6152 6174/86/6153 6177/86/6156 6176/86/6155
f 6174/86/6153 6175/86/6154 6178/86/6157 6177/86/6156
f 382/86/382 1838/86/1834 6170/86/6149 2648/86/2642
f 1838/86/1834 1839/86/1835 6171/86/6150 6170/86/6149
f 1839/86/1835 1840/86/1836 6172/86/6151 6171/86/6150
f 1840/86/1836 273/86/273 2651/86/2645 6172/86/6151
f 6172/86/6151 2651/86/2645 2652/86/2646 6175/86/6154
f 6175/86/6154 2652/86/2646 2653/86/2647 6178/86/6157
f 6178/86/6157 2653/86/2647 78/86/78 832/86/830
f 6177/86/6156 6178/86/6157 832/86/830 831/86/829
f 6176/86/6155 6177/86/6156 831/86/829 830/86/828
f 2650/86/2644 6176/86/6155 830/86/828 187/86/187
f 2649/86/2643 6173/86/6152 6176/86/6155 2650/86/2644
f 2648/86/2642 6170/86/6149 6173/86/6152 2649/86/2643
f 6179/86/6158 6180/86/6159 6183/86/6162 6182/86/6161
f 6180/86/6159 6181/86/6160 6184/86/6163 6183/86/6162
f 6182/86/6161 6183/86/6162 6186/86/6165 6185/86/6164
f 6183/86/6162 6184/86/6163 6187/86/6166 6186/86/6165
f 273/86/273 1697/86/1694 6179/86/6158 2651/86/2645
f 1697/86/1694 1698/86/1695 6180/86/6159 6179/86/6158
f 1698/86/1695 1699/86/1696 6181/86/6160 6180/86/6159
f 1699/86/1696 271/86/271 2654/86/2648 6181/86/6160
f 6181/86/6160 2654/86/2648 2655/86/2649 6184/86/6163
f 6184/86/6163 2655/86/2649 2656/86/2650 6187/86/6166
f 6187/86/6166 2656/86/2650 76/86/76 691/86/690
f 6186/86/6165 6187/86/6166 691/86/690 690/86/689
f 6185/86/6164 6186/86/6165 690/86/689 689/86/688
f 2653/86/2647 6185/86/6164 689/86/688 78/86/78
f 2652/86/2646 6182/86/6161 6185/86/6164 2653/86/2647
f 2651/86/2645 6179/86/6158 6182/86/6161 2652/86/2646
f 6188/86/6167 6189/86/6168 6192/86/6171 6191/86/6170
f 6189/86/6168 6190/86/6169 6193/86/6172 6192/86/6171
f 6191/86/6170 6192/86/6171 6195/86/6174 6194/86/6173
f 6192/86/6171 6193/86/6172 6196/86/6175 6195/86/6174
f 271/86/271 1703/86/1700 6188/86/6167 2654/86/2648
f 1703/86/1700 1704/86/1701 6189/86/6168 6188/86/6167
f 1704/86/1701 1705/86/1702 6190/86/6169 6189/86/6168
f 1705/86/1702 270/86/270 2657/86/2651 6190/86/6169
f 6190/86/6169 2657/86/2651 2658/86/2652 6193/86/6172
f 6193/86/6172 2658/86/2652 2659/86/2653 6196/86/6175
f 6196/86/6175 2659/86/2653 75/86/75 697/86/696
f 6195/86/6174 6196/86/6175 697/86/696 696/86/695
f 6194/86/6173 6195/86/6174 696/86/695 695/86/694
f 2656/86/2650 6194/86/6173 695/86/694 76/86/76
f 2655/86/2649 6191/86/6170 6194/86/6173 2656/86/2650
f 2654/86/2648 6188/86/6167 6191/86/6170 2655/86/2649
f 6197/86/6176 6198/86/6177 6201/86/6180 6200/86/6179
f 6198/86/6177 6199/86/6178 6202/86/6181 6201/86/6180
f 6200/86/6179 6201/86/6180 6204/86/6183 6203/86/6182
f 6201/86/6180 6202/86/6181 6205/86/6184 6204/86/6183
f 270/86/270 1706/86/1703 6197/86/6176 2657/86/2651
f 1706/86/1703 1707/86/1704 6198/86/6177 6197/86/6176
f 1707/86/1704 1708/86/1705 6199/86/6178 6198/86/6177
f 1708/86/1705 267/86/267 2660/86/2654 6199/86/6178
f 6199/86/6178 2660/86/2654 2661/86/2582 6202/86/6181
f 6202/86/6181 2661/86/2582 2662/86/2655 6205/86/6184
f 6205/86/6184 2662/86/2655 72/86/72 700/86/699
f 6204/86/6183 6205/86/6184 700/86/699 699/86/698
f 6203/86/6182 6204/86/6183 699/86/698 698/86/697
f 2659/86/2653 6203/86/6182 698/86/697 75/86/75
f 2658/86/2652 6200/86/6179 6203/86/6182 2659/86/2653
f 2657/86/2651 6197/86/6176 6200/86/6179 2658/86/2652
f 6206/86/6185 6207/86/6186 6210/86/6189 6209/86/6188
f 6207/86/6186 6208/86/6187 6211/86/6190 6210/86/6189
f 6209/86/6188 6210/86/6189 6213/86/6192 6212/86/6191
f 6210/86/6189 6211/86/6190 6214/86/6193 6213/86/6192
f 267/86/267 1691/86/1688 6206/86/6185 2660/86/2654
f 1691/86/1688 1692/86/1689 6207/86/6186 6206/86/6185
f 1692/86/1689 1693/86/1690 6208/86/6187 6207/86/6186
f 1693/86/1690 266/86/266 2663/86/2656 6208/86/6187
f 6208/86/6187 2663/86/2656 2664/86/2657 6211/86/6190
f 6211/86/6190 2664/86/2657 2665/86/2658 6214/86/6193
f 6214/86/6193 2665/86/2658 71/86/71 685/86/684
f 6213/86/6192 6214/86/6193 685/86/684 684/86/683
f 6212/86/6191 6213/86/6192 684/86/683 683/86/682
f 2662/86/2655 6212/86/6191 683/86/682 72/86/72
f 2661/86/2582 6209/86/6188 6212/86/6191 2662/86/2655
f 2660/86/2654 6206/86/6185 6209/86/6188 2661/86/2582
f 6215/86/6194 6216/86/6195 6219/86/6198 6218/86/6197
f 6216/86/6195 6217/86/6196 6220/86/6199 6219/86/6198
f 6218/86/6197 6219/86/6198 6222/86/6201 6221/86/6200
f 6219/86/6198 6220/86/6199 6223/86/6202 6222/86/6201
f 266/86/266 1721/86/1718 6215/86/6194 2663/86/2656
f 1721/86/1718 1722/86/1719 6216/86/6195 6215/86/6194
f 1722/86/1719 1723/86/1720 6217/86/6196 6216/86/6195
f 1723/86/1720 263/86/263 2666/86/2659 6217/86/6196
f 6217/86/6196 2666/86/2659 2667/86/2660 6220/86/6199
f 6220/86/6199 2667/86/2660 2668/86/2661 6223/86/6202
f 6223/86/6202 2668/86/2661 68/86/68 715/86/714
f 6222/86/6201 6223/86/6202 715/86/714 714/86/713
f 6221/86/6200 6222/86/6201 714/86/713 713/86/712
f 2665/86/2658 6221/86/6200 713/86/712 71/86/71
f 2664/86/2657 6218/86/6197 6221/86/6200 2665/86/2658
f 2663/86/2656 6215/86/6194 6218/86/6197 2664/86/2657
f 6224/86/6203 6225/86/6204 6228/86/6207 6227/86/6206
f 6225/86/6204 6226/86/6205 6229/86/6208 6228/86/6207
f 6227/86/6206 6228/86/6207 6231/86/6210 6230/86/6209
f 6228/86/6207 6229/86/6208 6232/86/6211 6231/86/6210
f 263/86/263 1658/86/1655 6224/86/6203 2666/86/2659
f 1658/86/1655 1659/86/1656 6225/86/6204 6224/86/6203
f 1659/86/1656 1660/86/1657 6226/86/6205 6225/86/6204
f 1660/86/1657 262/86/262 2669/86/2662 6226/86/6205
f 6226/86/6205 2669/86/2662 2670/86/2663 6229/86/6208
f 6229/86/6208 2670/86/2663 2671/86/2664 6232/86/6211
f 6232/86/6211 2671/86/2664 67/86/67 652/86/651
f 6231/86/6210 6232/86/6211 652/86/651 651/86/650
f 6230/86/6209 6231/86/6210 651/86/650 650/86/649
f 2668/86/2661 6230/86/6209 650/86/649 68/86/68
f 2667/86/2660 6227/86/6206 6230/86/6209 2668/86/2661
f 2666/86/2659 6224/86/6203 6227/86/6206 2667/86/2660
f 6233/86/6212 6234/86/6213 6237/86/6216 6236/86/6215
f 6234/86/6213 6235/86/6214 6238/86/6217 6237/86/6216
f 6236/86/6215 6237/86/6216 6240/86/6219 6239/86/6218
f 6237/86/6216 6238/86/6217 6241/86/6220 6240/86/6219
f 262/86/262 1655/86/1652 6233/86/6212 2669/86/2662
f 1655/86/1652 1656/86/1653 6234/86/6213 6233/86/6212
f 1656/86/1653 1657/86/1654 6235/86/6214 6234/86/6213
f 1657/86/1654 259/86/259 2672/86/2665 6235/86/6214
f 6235/86/6214 2672/86/2665 2673/86/2666 6238/86/6217
f 6238/86/6217 2673/86/2666 2674/86/2667 6241/86/6220
f 6241/86/6220 2674/86/2667 64/86/64 649/86/648
f 6240/86/6219 6241/86/6220 649/86/648 648/86/647
f 6239/86/6218 6240/86/6219 648/86/647 647/86/646
f 2671/86/2664 6239/86/6218 647/86/646 67/86/67
f 2670/86/2663 6236/86/6215 6239/86/6218 2671/86/2664
f 2669/86/2662 6233/86/6212 6236/86/6215 2670/86/2663
f 6242/86/6221 6243/86/6222 6246/86/6225 6245/86/6224
f 6243/86/6222 6244/86/6223 6247/86/2468 6246/86/6225
f 6245/86/6224 6246/86/6225 6249/86/6227 6248/86/6226
f 6246/86/6225 6247/86/2468 6250/86/6228 6249/86/6227
f 259/86/259 2369/86/2365 6242/86/6221 2672/86/2665
f 2369/86/2365 2370/86/2366 6243/86/6222 6242/86/6221
f 2370/86/2366 2371/86/2367 6244/86/6223 6243/86/6222
f 2371/86/2367 377/86/377 2675/86/2668 6244/86/6223
f 6244/86/6223 2675/86/2668 2676/86/2669 6247/86/2468
f 6247/86/2468 2676/86/2669 2677/86/2670 6250/86/6228
f 6250/86/6228 2677/86/2670 182/86/182 1363/86/1361
f 6249/86/6227 6250/86/6228 1363/86/1361 1362/86/1360
f 6248/86/6226 6249/86/6227 1362/86/1360 1361/86/1359
f 2674/86/2667 6248/86/6226 1361/86/1359 64/86/64
f 2673/86/2666 6245/86/6224 6248/86/6226 2674/86/2667
f 2672/86/2665 6242/86/6221 6245/86/6224 2673/86/2666
f 6251/86/6229 6252/86/6230 6255/86/6233 6254/86/6232
f 6252/86/6230 6253/86/6231 6256/86/6234 6255/86/6233
f 6254/86/6232 6255/86/6233 6258/86/6236 6257/86/6235
f 6255/86/6233 6256/86/6234 6259/86/6237 6258/86/6236
f 426/86/426 1820/86/1816 6251/86/6229 2948/86/2939
f 1820/86/1816 1821/86/1817 6252/86/6230 6251/86/6229
f 1821/86/1817 1822/86/1818 6253/86/6231 6252/86/6230
f 1822/86/1818 258/86/258 2678/86/2671 6253/86/6231
f 6253/86/6231 2678/86/2671 2679/86/2672 6256/86/6234
f 6256/86/6234 2679/86/2672 2680/86/2673 6259/86/6237
f 6259/86/6237 2680/86/2673 63/86/63 814/86/812
f 6258/86/6236 6259/86/6237 814/86/812 813/86/811
f 6257/86/6235 6258/86/6236 813/86/811 812/86/810
f 2950/86/2941 6257/86/6235 812/86/810 421/86/421
f 2949/86/2940 6254/86/6232 6257/86/6235 2950/86/2941
f 2948/86/2939 6251/86/6229 6254/86/6232 2949/86/2940
f 6260/86/6238 6261/86/6239 6264/86/6242 6263/86/6241
f 6261/86/6239 6262/86/6240 6265/86/6243 6264/86/6242
f 6263/86/6241 6264/86/6242 6267/86/6245 6266/86/6244
f 6264/86/6242 6265/86/6243 6268/86/6246 6267/86/6245
f 258/86/258 1973/86/1969 6260/86/6238 2678/86/2671
f 1973/86/1969 1974/86/1970 6261/86/6239 6260/86/6238
f 1974/86/1970 1975/86/1971 6262/86/6240 6261/86/6239
f 1975/86/1971 309/86/309 2681/86/2674 6262/86/6240
f 6262/86/6240 2681/86/2674 2682/86/2675 6265/86/6243
f 6265/86/6243 2682/86/2675 2683/86/2676 6268/86/6246
f 6268/86/6246 2683/86/2676 114/86/114 967/86/965
f 6267/86/6245 6268/86/6246 967/86/965 966/86/964
f 6266/86/6244 6267/86/6245 966/86/964 965/86/963
f 2680/86/2673 6266/86/6244 965/86/963 63/86/63
f 2679/86/2672 6263/86/6241 6266/86/6244 2680/86/2673
f 2678/86/2671 6260/86/6238 6263/86/6241 2679/86/2672
f 6269/86/6247 6270/86/6248 6273/86/5953 6272/86/5954
f 6270/86/6248 6271/86/6249 6274/86/5953 6273/86/5953
f 6272/86/5954 6273/86/5953 6276/86/6251 6275/86/6250
f 6273/86/5953 6274/86/5953 6277/86/6252 6276/86/6251
f 309/86/309 1688/86/1685 6269/86/6247 2681/86/2674
f 1688/86/1685 1689/86/1686 6270/86/6248 6269/86/6247
f 1689/86/1686 1690/86/1687 6271/86/6249 6270/86/6248
f 1690/86/1687 255/86/255 2684/86/2677 6271/86/6249
f 6271/86/6249 2684/86/2677 2685/86/2576 6274/86/5953
f 6274/86/5953 2685/86/2576 2686/86/2678 6277/86/6252
f 6277/86/6252 2686/86/2678 60/86/60 682/86/681
f 6276/86/6251 6277/86/6252 682/86/681 681/86/680
f 6275/86/6250 6276/86/6251 681/86/680 680/86/679
f 2683/86/2676 6275/86/6250 680/86/679 114/86/114
f 2682/86/2675 6272/86/5954 6275/86/6250 2683/86/2676
f 2681/86/2674 6269/86/6247 6272/86/5954 2682/86/2675
f 6278/86/6253 6279/86/6254 6282/86/5946 6281/86/5946
f 6279/86/6254 6280/86/6255 6283/86/5945 6282/86/5946
f 6281/86/5946 6282/86/5946 6285/86/6257 6284/86/6256
f 6282/86/5946 6283/86/5945 6286/86/6258 6285/86/6257
f 255/86/255 1919/86/1915 6278/86/6253 2684/86/2677
f 1919/86/1915 1920/86/1916 6279/86/6254 6278/86/6253
f 1920/86/1916 1921/86/1917 6280/86/6255 6279/86/6254
f 1921/86/1917 299/86/299 2687/86/2679 6280/86/6255
f 6280/86/6255 2687/86/2679 2688/86/2680 6283/86/5945
f 6283/86/5945 2688/86/2680 2689/86/2681 6286/86/6258
f 6286/86/6258 2689/86/2681 104/86/104 913/86/911
f 6285/86/6257 6286/86/6258 913/86/911 912/86/910
f 6284/86/6256 6285/86/6257 912/86/910 911/86/909
f 2686/86/2678 6284/86/6256 911/86/909 60/86/60
f 2685/86/2576 6281/86/5946 6284/86/6256 2686/86/2678
f 2684/86/2677 6278/86/6253 6281/86/5946 2685/86/2576
f 6287/86/6259 6288/86/6260 6291/86/6263 6290/86/6262
f 6288/86/6260 6289/86/6261 6292/86/6264 6291/86/6263
f 6290/86/6262 6291/86/6263 6294/86/6266 6293/86/6265
f 6291/86/6263 6292/86/6264 6295/86/6267 6294/86/6266
f 299/86/299 1649/86/1646 6287/86/6259 2687/86/2679
f 1649/86/1646 1650/86/1647 6288/86/6260 6287/86/6259
f 1650/86/1647 1651/86/1648 6289/86/6261 6288/86/6260
f 1651/86/1648 257/86/257 2690/86/2682 6289/86/6261
f 6289/86/6261 2690/86/2682 2691/86/2683 6292/86/6264
f 6292/86/6264 2691/86/2683 2692/86/2684 6295/86/6267
f 6295/86/6267 2692/86/2684 62/86/62 643/86/642
f 6294/86/6266 6295/86/6267 643/86/642 642/86/641
f 6293/86/6265 6294/86/6266 642/86/641 641/86/640
f 2689/86/2681 6293/86/6265 641/86/640 104/86/104
f 2688/86/2680 6290/86/6262 6293/86/6265 2689/86/2681
f 2687/86/2679 6287/86/6259 6290/86/6262 2688/86/2680
f 6296/86/6268 6297/86/6269 6300/86/6272 6299/86/6271
f 6297/86/6269 6298/86/6270 6301/86/6273 6300/86/6272
f 6299/86/6271 6300/86/6272 6303/86/6275 6302/86/6274
f 6300/86/6272 6301/86/6273 6304/86/6276 6303/86/6275
f 430/86/430 2366/86/2362 6296/86/6268 2945/86/2936
f 2366/86/2362 2367/86/2363 6297/86/6269 6296/86/6268
f 2367/86/2363 2368/86/2364 6298/86/6270 6297/86/6269
f 2368/86/2364 376/86/376 2693/86/2685 6298/86/6270
f 6298/86/6270 2693/86/2685 2694/86/2686 6301/86/6273
f 6301/86/6273 2694/86/2686 2695/86/2687 6304/86/6276
f 6304/86/6276 2695/86/2687 181/86/181 1360/86/1358
f 6303/86/6275 6304/86/6276 1360/86/1358 1359/86/1357
f 6302/86/6274 6303/86/6275 1359/86/1357 1358/86/1356
f 2947/86/2938 6302/86/6274 1358/86/1356 425/86/425
f 2946/86/2937 6299/86/6271 6302/86/6274 2947/86/2938
f 2945/86/2936 6296/86/6268 6299/86/6271 2946/86/2937
f 6305/86/6277 6306/86/6278 6309/86/5997 6308/86/5998
f 6306/86/6278 6307/86/6279 6310/86/2591 6309/86/5997
f 6308/86/5998 6309/86/5997 6312/86/6281 6311/86/6280
f 6309/86/5997 6310/86/2591 6313/86/6282 6312/86/6281
f 376/86/376 1817/86/1813 6305/86/6277 2693/86/2685
f 1817/86/1813 1818/86/1814 6306/86/6278 6305/86/6277
f 1818/86/1814 1819/86/1815 6307/86/6279 6306/86/6278
f 1819/86/1815 260/86/260 2696/86/2688 6307/86/6279
f 6307/86/6279 2696/86/2688 2697/86/2591 6310/86/2591
f 6310/86/2591 2697/86/2591 2698/86/2689 6313/86/6282
f 6313/86/6282 2698/86/2689 65/86/65 811/86/809
f 6312/86/6281 6313/86/6282 811/86/809 810/86/808
f 6311/86/6280 6312/86/6281 810/86/808 809/86/807
f 2695/86/2687 6311/86/6280 809/86/807 181/86/181
f 2694/86/2686 6308/86/5998 6311/86/6280 2695/86/2687
f 2693/86/2685 6305/86/6277 6308/86/5998 2694/86/2686
f 6314/86/6283 6315/86/6284 6318/86/6286 6317/86/5990
f 6315/86/6284 6316/86/6285 6319/86/6287 6318/86/6286
f 6317/86/5990 6318/86/6286 6321/86/6289 6320/86/6288
f 6318/86/6286 6319/86/6287 6322/86/6290 6321/86/6289
f 260/86/260 1679/86/1676 6314/86/6283 2696/86/2688
f 1679/86/1676 1680/86/1677 6315/86/6284 6314/86/6283
f 1680/86/1677 1681/86/1678 6316/86/6285 6315/86/6284
f 1681/86/1678 261/86/261 2699/86/2690 6316/86/6285
f 6316/86/6285 2699/86/2690 2700/86/2691 6319/86/6287
f 6319/86/6287 2700/86/2691 2701/86/2692 6322/86/6290
f 6322/86/6290 2701/86/2692 66/86/66 673/86/672
f 6321/86/6289 6322/86/6290 673/86/672 672/86/671
f 6320/86/6288 6321/86/6289 672/86/671 671/86/670
f 2698/86/2689 6320/86/6288 671/86/670 65/86/65
f 2697/86/2591 6317/86/5990 6320/86/6288 2698/86/2689
f 2696/86/2688 6314/86/6283 6317/86/5990 2697/86/2591
f 6323/86/6291 6324/86/6292 6327/86/6295 6326/86/6294
f 6324/86/6292 6325/86/6293 6328/86/6296 6327/86/6295
f 6326/86/6294 6327/86/6295 6330/86/6298 6329/86/6297
f 6327/86/6295 6328/86/6296 6331/86/6299 6330/86/6298
f 261/86/261 1718/86/1715 6323/86/6291 2699/86/2690
f 1718/86/1715 1719/86/1716 6324/86/6292 6323/86/6291
f 1719/86/1716 1720/86/1717 6325/86/6293 6324/86/6292
f 1720/86/1717 264/86/264 2702/86/2693 6325/86/6293
f 6325/86/6293 2702/86/2693 2703/86/2694 6328/86/6296
f 6328/86/6296 2703/86/2694 2704/86/2695 6331/86/6299
f 6331/86/6299 2704/86/2695 69/86/69 712/86/711
f 6330/86/6298 6331/86/6299 712/86/711 711/86/710
f 6329/86/6297 6330/86/6298 711/86/710 710/86/709
f 2701/86/2692 6329/86/6297 710/86/709 66/86/66
f 2700/86/2691 6326/86/6294 6329/86/6297 2701/86/2692
f 2699/86/2690 6323/86/6291 6326/86/6294 2700/86/2691
f 6332/86/6300 6333/86/6301 6336/86/6304 6335/86/6303
f 6333/86/6301 6334/86/6302 6337/86/6305 6336/86/6304
f 6335/86/6303 6336/86/6304 6339/86/6307 6338/86/6306
f 6336/86/6304 6337/86/6305 6340/86/6308 6339/86/6307
f 264/86/264 1724/86/1721 6332/86/6300 2702/86/2693
f 1724/86/1721 1725/86/1722 6333/86/6301 6332/86/6300
f 1725/86/1722 1726/86/1723 6334/86/6302 6333/86/6301
f 1726/86/1723 265/86/265 2705/86/2696 6334/86/6302
f 6334/86/6302 2705/86/2696 2706/86/2697 6337/86/6305
f 6337/86/6305 2706/86/2697 2707/86/2698 6340/86/6308
f 6340/86/6308 2707/86/2698 70/86/70 718/86/717
f 6339/86/6307 6340/86/6308 718/86/717 717/86/716
f 6338/86/6306 6339/86/6307 717/86/716 716/86/715
f 2704/86/2695 6338/86/6306 716/86/715 69/86/69
f 2703/86/2694 6335/86/6303 6338/86/6306 2704/86/2695
f 2702/86/2693 6332/86/6300 6335/86/6303 2703/86/2694
f 6341/86/6309 6342/86/6310 6345/86/6313 6344/86/6312
f 6342/86/6310 6343/86/6311 6346/86/6314 6345/86/6313
f 6344/86/6312 6345/86/6313 6348/86/6316 6347/86/6315
f 6345/86/6313 6346/86/6314 6349/86/6317 6348/86/6316
f 265/86/265 1715/86/1712 6341/86/6309 2705/86/2696
f 1715/86/1712 1716/86/1713 6342/86/6310 6341/86/6309
f 1716/86/1713 1717/86/1714 6343/86/6311 6342/86/6310
f 1717/86/1714 268/86/268 2708/86/2699 6343/86/6311
f 6343/86/6311 2708/86/2699 2709/86/2700 6346/86/6314
f 6346/86/6314 2709/86/2700 2710/86/2701 6349/86/6317
f 6349/86/6317 2710/86/2701 73/86/73 709/86/708
f 6348/86/6316 6349/86/6317 709/86/708 708/86/707
f 6347/86/6315 6348/86/6316 708/86/707 707/86/706
f 2707/86/2698 6347/86/6315 707/86/706 70/86/70
f 2706/86/2697 6344/86/6312 6347/86/6315 2707/86/2698
f 2705/86/2696 6341/86/6309 6344/86/6312 2706/86/2697
f 6350/86/6318 6351/86/6319 6354/86/6322 6353/86/6321
f 6351/86/6319 6352/86/6320 6355/86/6323 6354/86/6322
f 6353/86/6321 6354/86/6322 6357/86/6325 6356/86/6324
f 6354/86/6322 6355/86/6323 6358/86/6326 6357/86/6325
f 268/86/268 1670/86/1667 6350/86/6318 2708/86/2699
f 1670/86/1667 1671/86/1668 6351/86/6319 6350/86/6318
f 1671/86/1668 1672/86/1669 6352/86/6320 6351/86/6319
f 1672/86/1669 269/86/269 2711/86/2702 6352/86/6320
f 6352/86/6320 2711/86/2702 2712/86/2703 6355/86/6323
f 6355/86/6323 2712/86/2703 2713/86/2704 6358/86/6326
f 6358/86/6326 2713/86/2704 74/86/74 664/86/663
f 6357/86/6325 6358/86/6326 664/86/663 663/86/662
f 6356/86/6324 6357/86/6325 663/86/662 662/86/661
f 2710/86/2701 6356/86/6324 662/86/661 73/86/73
f 2709/86/2700 6353/86/6321 6356/86/6324 2710/86/2701
f 2708/86/2699 6350/86/6318 6353/86/6321 2709/86/2700
f 6359/86/6327 6360/86/6328 6363/86/6331 6362/86/6330
f 6360/86/6328 6361/86/6329 6364/86/6332 6363/86/6331
f 6362/86/6330 6363/86/6331 6366/86/6334 6365/86/6333
f 6363/86/6331 6364/86/6332 6367/86/6335 6366/86/6334
f 269/86/269 1673/86/1670 6359/86/6327 2711/86/2702
f 1673/86/1670 1674/86/1671 6360/86/6328 6359/86/6327
f 1674/86/1671 1675/86/1672 6361/86/6329 6360/86/6328
f 1675/86/1672 272/86/272 2714/86/2705 6361/86/6329
f 6361/86/6329 2714/86/2705 2715/86/2706 6364/86/6332
f 6364/86/6332 2715/86/2706 2716/86/2707 6367/86/6335
f 6367/86/6335 2716/86/2707 77/86/77 667/86/666
f 6366/86/6334 6367/86/6335 667/86/666 666/86/665
f 6365/86/6333 6366/86/6334 666/86/665 665/86/664
f 2713/86/2704 6365/86/6333 665/86/664 74/86/74
f 2712/86/2703 6362/86/6330 6365/86/6333 2713/86/2704
f 2711/86/2702 6359/86/6327 6362/86/6330 2712/86/2703
f 6368/86/6336 6369/86/6337 6372/86/6340 6371/86/6339
f 6369/86/6337 6370/86/6338 6373/86/6341 6372/86/6340
f 6371/86/6339 6372/86/6340 6375/86/6343 6374/86/6342
f 6372/86/6340 6373/86/6341 6376/86/6344 6375/86/6343
f 272/86/272 1700/86/1697 6368/86/6336 2714/86/2705
f 1700/86/1697 1701/86/1698 6369/86/6337 6368/86/6336
f 1701/86/1698 1702/86/1699 6370/86/6338 6369/86/6337
f 1702/86/1699 256/86/256 2717/86/2708 6370/86/6338
f 6370/86/6338 2717/86/2708 2718/86/2709 6373/86/6341
f 6373/86/6341 2718/86/2709 2719/86/2710 6376/86/6344
f 6376/86/6344 2719/86/2710 61/86/61 694/86/693
f 6375/86/6343 6376/86/6344 694/86/693 693/86/692
f 6374/86/6342 6375/86/6343 693/86/692 692/86/691
f 2716/86/2707 6374/86/6342 692/86/691 77/86/77
f 2715/86/2706 6371/86/6339 6374/86/6342 2716/86/2707
f 2714/86/2705 6368/86/6336 6371/86/6339 2715/86/2706
f 6377/86/6345 6378/86/6346 6381/86/6349 6380/86/6348
f 6378/86/6346 6379/86/6347 6382/86/6350 6381/86/6349
f 6380/86/6348 6381/86/6349 6384/86/6352 6383/86/6351
f 6381/86/6349 6382/86/6350 6385/86/6353 6384/86/6352
f 256/86/256 2309/86/2305 6377/86/6345 2717/86/2708
f 2309/86/2305 2310/86/2306 6378/86/6346 6377/86/6345
f 2310/86/2306 2311/86/2307 6379/86/6347 6378/86/6346
f 2311/86/2307 276/86/276 2720/86/2711 6379/86/6347
f 6379/86/6347 2720/86/2711 2721/86/2712 6382/86/6350
f 6382/86/6350 2721/86/2712 2722/86/2713 6385/86/6353
f 6385/86/6353 2722/86/2713 81/86/81 1303/86/1301
f 6384/86/6352 6385/86/6353 1303/86/1301 1302/86/1300
f 6383/86/6351 6384/86/6352 1302/86/1300 1301/86/1299
f 2719/86/2710 6383/86/6351 1301/86/1299 61/86/61
f 2718/86/2709 6380/86/6348 6383/86/6351 2719/86/2710
f 2717/86/2708 6377/86/6345 6380/86/6348 2718/86/2709
f 6386/86/6354 6387/86/6355 6390/86/6358 6389/86/6357
f 6387/86/6355 6388/86/6356 6391/86/6359 6390/86/6358
f 6389/86/6357 6390/86/6358 6393/86/6361 6392/86/6360
f 6390/86/6358 6391/86/6359 6394/86/6362 6393/86/6361
f 276/86/276 1730/86/1727 6386/86/6354 2720/86/2711
f 1730/86/1727 1731/86/1728 6387/86/6355 6386/86/6354
f 1731/86/1728 1732/86/1729 6388/86/6356 6387/86/6355
f 1732/86/1729 277/86/277 2723/86/2714 6388/86/6356
f 6388/86/6356 2723/86/2714 2724/86/2715 6391/86/6359
f 6391/86/6359 2724/86/2715 2725/86/2716 6394/86/6362
f 6394/86/6362 2725/86/2716 82/86/82 724/86/723
f 6393/86/6361 6394/86/6362 724/86/723 723/86/722
f 6392/86/6360 6393/86/6361 723/86/722 722/86/721
f 2722/86/2713 6392/86/6360 722/86/721 81/86/81
f 2721/86/2712 6389/86/6357 6392/86/6360 2722/86/2713
f 2720/86/2711 6386/86/6354 6389/86/6357 2721/86/2712
f 6395/86/6363 6396/86/6364 6399/86/6367 6398/86/6366
f 6396/86/6364 6397/86/6365 6400/86/6368 6399/86/6367
f 6398/86/6366 6399/86/6367 6402/86/6370 6401/86/6369
f 6399/86/6367 6400/86/6368 6403/86/6371 6402/86/6370
f 277/86/277 1733/86/1730 6395/86/6363 2723/86/2714
f 1733/86/1730 1734/86/1731 6396/86/6364 6395/86/6363
f 1734/86/1731 1735/86/1732 6397/86/6365 6396/86/6364
f 1735/86/1732 275/86/275 2726/86/2717 6397/86/6365
f 6397/86/6365 2726/86/2717 2727/86/2718 6400/86/6368
f 6400/86/6368 2727/86/2718 2728/86/2719 6403/86/6371
f 6403/86/6371 2728/86/2719 80/86/80 727/86/726
f 6402/86/6370 6403/86/6371 727/86/726 726/86/725
f 6401/86/6369 6402/86/6370 726/86/725 725/86/724
f 2725/86/2716 6401/86/6369 725/86/724 82/86/82
f 2724/86/2715 6398/86/6366 6401/86/6369 2725/86/2716
f 2723/86/2714 6395/86/6363 6398/86/6366 2724/86/2715
f 6404/86/6372 6405/86/6373 6408/86/6376 6407/86/6375
f 6405/86/6373 6406/86/6374 6409/86/6377 6408/86/6376
f 6407/86/6375 6408/86/6376 6411/86/6379 6410/86/6378
f 6408/86/6376 6409/86/6377 6412/86/6380 6411/86/6379
f 275/86/275 1727/86/1724 6404/86/6372 2726/86/2717
f 1727/86/1724 1728/86/1725 6405/86/6373 6404/86/6372
f 1728/86/1725 1729/86/1726 6406/86/6374 6405/86/6373
f 1729/86/1726 274/86/274 2729/86/2720 6406/86/6374
f 6406/86/6374 2729/86/2720 2730/86/2721 6409/86/6377
f 6409/86/6377 2730/86/2721 2731/86/2722 6412/86/6380
f 6412/86/6380 2731/86/2722 79/86/79 721/86/720
f 6411/86/6379 6412/86/6380 721/86/720 720/86/719
f 6410/86/6378 6411/86/6379 720/86/719 719/86/718
f 2728/86/2719 6410/86/6378 719/86/718 80/86/80
f 2727/86/2718 6407/86/6375 6410/86/6378 2728/86/2719
f 2726/86/2717 6404/86/6372 6407/86/6375 2727/86/2718
f 6413/86/6381 6414/86/6382 6417/86/2686 6416/86/6384
f 6414/86/6382 6415/86/6383 6418/86/6385 6417/86/2686
f 6416/86/6384 6417/86/2686 6420/86/6387 6419/86/6386
f 6417/86/2686 6418/86/6385 6421/86/6388 6420/86/6387
f 79/86/79 2731/86/2722 6413/86/6381 1385/86/1383
f 2731/86/2722 2730/86/2721 6414/86/6382 6413/86/6381
f 2730/86/2721 2729/86/2720 6415/86/6383 6414/86/6382
f 2729/86/2720 274/86/274 2393/86/2389 6415/86/6383
f 6415/86/6383 2393/86/2389 2394/86/2390 6418/86/6385
f 6418/86/6385 2394/86/2390 2395/86/2391 6421/86/6388
f 6421/86/6388 2395/86/2391 381/86/381 2732/86/2723
f 6420/86/6387 6421/86/6388 2732/86/2723 2733/86/2724
f 6419/86/6386 6420/86/6387 2733/86/2724 2734/86/2725
f 1387/86/1385 6419/86/6386 2734/86/2725 186/86/186
f 1386/86/1384 6416/86/6384 6419/86/6386 1387/86/1385
f 1385/86/1383 6413/86/6381 6416/86/6384 1386/86/1384
f 6422/86/6389 6423/86/6390 6426/86/6393 6425/86/6392
f 6423/86/6390 6424/86/6391 6427/86/6394 6426/86/6393
f 6425/86/6392 6426/86/6393 6429/86/6396 6428/86/6395
f 6426/86/6393 6427/86/6394 6430/86/6397 6429/86/6396
f 411/86/411 2857/86/2848 6422/86/6389 2885/86/2876
f 2857/86/2848 2856/86/2847 6423/86/6390 6422/86/6389
f 2856/86/2847 2855/86/2846 6424/86/6391 6423/86/6390
f 2855/86/2846 186/86/186 2734/86/2725 6424/86/6391
f 6424/86/6391 2734/86/2725 2733/86/2724 6427/86/6394
f 6427/86/6394 2733/86/2724 2732/86/2723 6430/86/6397
f 6430/86/6397 2732/86/2723 381/86/381 2870/86/2861
f 6429/86/6396 6430/86/6397 2870/86/2861 2871/86/2862
f 6428/86/6395 6429/86/6396 2871/86/2862 2872/86/2863
f 2887/86/2878 6428/86/6395 2872/86/2863 416/86/416
f 2886/86/2877 6425/86/6392 6428/86/6395 2887/86/2878
f 2885/86/2876 6422/86/6389 6425/86/6392 2886/86/2877
f 6431/1823/6398 6432/1824/6399 6435/1825/6402 6434/1826/6401
f 6432/1824/6399 6433/1827/6400 6436/1828/6403 6435/1825/6402
f 6434/1826/6401 6435/1825/6402 6438/1829/6405 6437/1830/6404
f 6435/1825/6402 6436/1828/6403 6439/1831/6406 6438/1829/6405
f 214/1099/214 1816/1832/1812 6431/1823/6398 2504/1560/2500
f 1816/1832/1812 1815/1833/1811 6432/1824/6399 6431/1823/6398
f 1815/1833/1811 1814/1096/1810 6433/1827/6400 6432/1824/6399
f 1814/1096/1810 398/1095/398 2765/1574/2756 6433/1827/6400
f 6433/1827/6400 2765/1574/2756 2766/1585/2757 6436/1828/6403
f 6436/1828/6403 2766/1585/2757 2767/1584/2758 6439/1831/6406
f 6439/1831/6406 2767/1584/2758 393/408/393 806/406/804
f 6438/1829/6405 6439/1831/6406 806/406/804 807/405/805
f 6437/1830/6404 6438/1829/6405 807/405/805 808/404/806
f 2506/1562/2502 6437/1830/6404 808/404/806 19/1563/19
f 2505/1561/2501 6434/1826/6401 6437/1830/6404 2506/1562/2502
f 2504/1560/2500 6431/1823/6398 6434/1826/6401 2505/1561/2501
f 6440/1834/6407 6441/1835/6408 6444/1836/6411 6443/1837/6410
f 6441/1835/6408 6442/1838/6409 6445/1839/6412 6444/1836/6411
f 6443/1837/6410 6444/1836/6411 6447/1840/6414 6446/1841/6413
f 6444/1836/6411 6445/1839/6412 6448/1842/6415 6447/1840/6414
f 218/855/218 1807/1843/1803 6440/1834/6407 2489/1486/2485
f 1807/1843/1803 1806/1844/1802 6441/1835/6408 6440/1834/6407
f 1806/1844/1802 1805/1845/1801 6442/1838/6409 6441/1835/6408
f 1805/1845/1801 397/890/397 2768/1503/2759 6442/1838/6409
f 6442/1838/6409 2768/1503/2759 2769/1510/2760 6445/1839/6412
f 6445/1839/6412 2769/1510/2760 2770/1509/2761 6448/1842/6415
f 6448/1842/6415 2770/1509/2761 392/138/392 797/1846/795
f 6447/1840/6414 6448/1842/6415 797/1846/795 798/1847/796
f 6446/1841/6413 6447/1840/6414 798/1847/796 799/1848/797
f 2491/1488/2487 6446/1841/6413 799/1848/797 23/104/23
f 2490/1487/2486 6443/1837/6410 6446/1841/6413 2491/1488/2487
f 2489/1486/2485 6440/1834/6407 6443/1837/6410 2490/1487/2486
f 6449/1849/6416 6450/1850/6417 6453/1851/6420 6452/1852/6419
f 6450/1850/6417 6451/1853/6418 6454/1854/6421 6453/1851/6420
f 6452/1852/6419 6453/1851/6420 6456/1855/6423 6455/1856/6422
f 6453/1851/6420 6454/1854/6421 6457/1857/6424 6456/1855/6423
f 235/922/235 1486/173/1484 6449/1849/6416 1804/1858/1800
f 1486/173/1484 1485/921/1483 6450/1850/6417 6449/1849/6416
f 1485/921/1483 1484/920/1482 6451/1853/6418 6450/1850/6417
f 1484/920/1482 341/919/341 2167/1859/2163 6451/1853/6418
f 6451/1853/6418 2167/1859/2163 2166/1860/2162 6454/1854/6421
f 6454/1854/6421 2166/1860/2162 2165/1861/2161 6457/1857/6424
f 6457/1857/6424 2165/1861/2161 399/394/399 2771/1862/2762
f 6456/1855/6423 6457/1857/6424 2771/1862/2762 2772/1863/2763
f 6455/1856/6422 6456/1855/6423 2772/1863/2763 2773/419/2764
f 1802/1864/1798 6455/1856/6422 2773/419/2764 396/1865/396
f 1803/1866/1799 6452/1852/6419 6455/1856/6422 1802/1864/1798
f 1804/1858/1800 6449/1849/6416 6452/1852/6419 1803/1866/1799
f 6458/1867/6425 6459/1868/6426 6462/1869/6429 6461/1870/6428
f 6459/1868/6426 6460/1871/6427 6463/1872/6430 6462/1869/6429
f 6461/1870/6428 6462/1869/6429 6465/1873/6432 6464/1874/6431
f 6462/1869/6429 6463/1872/6430 6466/1875/6433 6465/1873/6432
f 341/919/341 2161/1876/2157 6458/1867/6425 2167/1859/2163
f 2161/1876/2157 2160/1877/2156 6459/1868/6426 6458/1867/6425
f 2160/1877/2156 2159/1878/2155 6460/1871/6427 6459/1868/6426
f 2159/1878/2155 217/1577/217 2756/1879/2747 6460/1871/6427
f 6460/1871/6427 2756/1879/2747 2757/1575/2748 6463/1872/6430
f 6463/1872/6430 2757/1575/2748 2758/1573/2749 6466/1875/6433
f 6466/1875/6433 2758/1573/2749 398/1095/398 2774/1094/2765
f 6465/1873/6432 6466/1875/6433 2774/1094/2765 2775/1093/2766
f 6464/1874/6431 6465/1873/6432 2775/1093/2766 2776/1091/2767
f 2165/1861/2161 6464/1874/6431 2776/1091/2767 399/394/399
f 2166/1860/2162 6461/1870/6428 6464/1874/6431 2165/1861/2161
f 2167/1859/2163 6458/1867/6425 6461/1870/6428 2166/1860/2162
f 6467/1880/6434 6468/1881/6435 6471/1882/6438 6470/1883/6437
f 6468/1881/6435 6469/1884/6436 6472/1885/6439 6471/1882/6438
f 6470/1883/6437 6471/1882/6438 6474/1886/6441 6473/1887/6440
f 6471/1882/6438 6472/1885/6439 6475/1888/6442 6474/1886/6441
f 218/855/218 1492/1007/1490 6467/1880/6434 1807/1843/1803
f 1492/1007/1490 1491/1889/1489 6468/1881/6435 6467/1880/6434
f 1491/1889/1489 1490/1890/1488 6469/1884/6436 6468/1881/6435
f 1490/1890/1488 362/1002/362 2287/1891/2283 6469/1884/6436
f 6469/1884/6436 2287/1891/2283 2286/1892/2282 6472/1885/6439
f 6472/1885/6439 2286/1892/2282 2285/1893/2281 6475/1888/6442
f 6475/1888/6442 2285/1893/2281 400/895/400 2777/894/2768
f 6474/1886/6441 6475/1888/6442 2777/894/2768 2778/893/2769
f 6473/1887/6440 6474/1886/6441 2778/893/2769 2779/891/2770
f 1805/1894/1801 6473/1887/6440 2779/891/2770 397/890/397
f 1806/1895/1802 6470/1883/6437 6473/1887/6440 1805/1894/1801
f 1807/1843/1803 6467/1880/6434 6470/1883/6437 1806/1895/1802
f 6476/1896/6443 6477/1897/6444 6480/1898/6447 6479/1899/6446
f 6477/1897/6444 6478/1900/6445 6481/1901/6448 6480/1898/6447
f 6479/1899/6446 6480/1898/6447 6483/1902/6450 6482/1903/6449
f 6480/1898/6447 6481/1901/6448 6484/1904/6451 6483/1902/6450
f 362/1002/362 1639/1905/1636 6476/1896/6443 2287/1891/2283
f 1639/1905/1636 1638/1906/1635 6477/1897/6444 6476/1896/6443
f 1638/1906/1635 1637/1907/1634 6478/1900/6445 6477/1897/6444
f 1637/1907/1634 235/922/235 1804/1858/1800 6478/1900/6445
f 6478/1900/6445 1804/1858/1800 1803/1866/1799 6481/1901/6448
f 6481/1901/6448 1803/1866/1799 1802/1864/1798 6484/1904/6451
f 6484/1904/6451 1802/1864/1798 396/1865/396 2780/1908/2771
f 6483/1902/6450 6484/1904/6451 2780/1908/2771 2781/1909/2772
f 6482/1903/6449 6483/1902/6450 2781/1909/2772 2782/1910/2773
f 2285/1893/2281 6482/1903/6449 2782/1910/2773 400/895/400
f 2286/1892/2282 6479/1899/6446 6482/1903/6449 2285/1893/2281
f 2287/1891/2283 6476/1896/6443 6479/1899/6446 2286/1892/2282
f 6485/1911/6452 6486/1912/6453 6489/1913/6456 6488/1850/6455
f 6486/1912/6453 6487/1856/6454 6490/1914/6457 6489/1913/6456
f 6488/1850/6455 6489/1913/6456 6492/1915/6459 6491/1916/6458
f 6489/1913/6456 6490/1914/6457 6493/1917/6460 6492/1915/6459
f 40/172/40 796/1918/794 6485/1911/6452 478/173/478
f 796/1918/794 795/1919/793 6486/1912/6453 6485/1911/6452
f 795/1919/793 794/1920/792 6487/1856/6454 6486/1912/6453
f 794/1920/792 391/84/391 2783/419/2774 6487/1856/6454
f 6487/1856/6454 2783/419/2774 2784/424/2775 6490/1914/6457
f 6490/1914/6457 2784/424/2775 2785/423/2776 6493/1917/6460
f 6493/1917/6460 2785/423/2776 394/394/394 1157/1921/1155
f 6492/1915/6459 6493/1917/6460 1157/1921/1155 1158/1922/1156
f 6491/1916/6458 6492/1915/6459 1158/1922/1156 1159/1923/1157
f 476/175/476 6491/1916/6458 1159/1923/1157 146/176/146
f 477/174/477 6488/1850/6455 6491/1916/6458 476/175/476
f 478/173/478 6485/1911/6452 6488/1850/6455 477/174/477
f 6494/1924/6461 6495/1925/6462 6498/1926/6465 6497/1927/6464
f 6495/1925/6462 6496/1928/6463 6499/1929/6466 6498/1926/6465
f 6497/1927/6464 6498/1926/6465 6501/1930/6468 6500/1931/6467
f 6498/1926/6465 6499/1929/6466 6502/1932/6469 6501/1930/6468
f 146/176/146 1159/1923/1157 6494/1924/6461 1153/696/1151
f 1159/1923/1157 1158/1922/1156 6495/1925/6462 6494/1924/6461
f 1158/1922/1156 1157/1921/1155 6496/1928/6463 6495/1925/6462
f 1157/1921/1155 394/394/394 2786/396/2777 6496/1928/6463
f 6496/1928/6463 2786/396/2777 2787/409/2778 6499/1929/6466
f 6499/1929/6466 2787/409/2778 2788/407/2779 6502/1932/6469
f 6502/1932/6469 2788/407/2779 393/408/393 2743/1933/2734
f 6501/1930/6468 6502/1932/6469 2743/1933/2734 2742/1582/2733
f 6500/1931/6467 6501/1930/6468 2742/1582/2733 2741/1934/2732
f 1151/1935/1149 6500/1931/6467 2741/1934/2732 22/700/22
f 1152/704/1150 6497/1927/6464 6500/1931/6467 1151/1935/1149
f 1153/696/1151 6494/1924/6461 6497/1927/6464 1152/704/1150
f 6503/1936/6470 6504/1937/6471 6507/1938/6474 6506/1939/6473
f 6504/1937/6471 6505/1940/6472 6508/1941/6475 6507/1938/6474
f 6506/1939/6473 6507/1938/6474 6510/1942/6477 6509/1943/6476
f 6507/1938/6474 6508/1941/6475 6511/1944/6478 6510/1942/6477
f 23/104/23 799/1848/797 6503/1936/6470 484/1945/484
f 799/1848/797 798/1847/796 6504/1937/6471 6503/1936/6470
f 798/1847/796 797/1846/795 6505/1940/6472 6504/1937/6471
f 797/1846/795 392/138/392 2789/140/2780 6505/1940/6472
f 6505/1940/6472 2789/140/2780 2790/148/2781 6508/1941/6475
f 6508/1941/6475 2790/148/2781 2791/147/2782 6511/1944/6478
f 6511/1944/6478 2791/147/2782 395/70/395 1277/1946/1275
f 6510/1942/6477 6511/1944/6478 1277/1946/1275 1278/1947/1276
f 6509/1943/6476 6510/1942/6477 1278/1947/1276 1279/1948/1277
f 482/1949/482 6509/1943/6476 1279/1948/1277 167/1950/167
f 483/310/483 6506/1939/6473 6509/1943/6476 482/1949/482
f 484/1945/484 6503/1936/6470 6506/1939/6473 483/310/483
f 6512/1896/6479 6513/1951/6480 6516/1952/6483 6515/1953/6482
f 6513/1951/6480 6514/1903/6481 6517/1902/6484 6516/1952/6483
f 6515/1953/6482 6516/1952/6483 6519/1954/6486 6518/1955/6485
f 6516/1952/6483 6517/1902/6484 6520/1956/6487 6519/1954/6486
f 167/1950/167 1279/1948/1277 6512/1896/6479 631/1957/630
f 1279/1948/1277 1278/1947/1276 6513/1951/6480 6512/1896/6479
f 1278/1947/1276 1277/1946/1275 6514/1903/6481 6513/1951/6480
f 1277/1946/1275 395/70/395 2792/72/2783 6514/1903/6481
f 6514/1903/6481 2792/72/2783 2793/85/2784 6517/1902/6484
f 6517/1902/6484 2793/85/2784 2794/83/2785 6520/1956/6487
f 6520/1956/6487 2794/83/2785 391/84/391 794/1920/792
f 6519/1954/6486 6520/1956/6487 794/1920/792 795/1919/793
f 6518/1955/6485 6519/1954/6486 795/1919/793 796/1918/794
f 629/1907/628 6518/1955/6485 796/1918/794 40/172/40
f 630/1313/629 6515/1953/6482 6518/1955/6485 629/1907/628
f 631/1957/630 6512/1896/6479 6515/1953/6482 630/1313/629
f 6521/1958/6488 6522/1959/6489 6525/1960/6492 6524/1961/6491
f 6522/1959/6489 6523/1962/6490 6526/1963/6493 6525/1960/6492
f 6524/1961/6491 6525/1960/6492 6528/1964/6495 6527/1965/6494
f 6525/1960/6492 6526/1963/6493 6529/1966/6496 6528/1964/6495
f 386/1382/386 2810/1967/2801 6521/1958/6488 2570/1737/2566
f 2810/1967/2801 2811/1968/2802 6522/1959/6489 6521/1958/6488
f 2811/1968/2802 2812/1969/2803 6523/1962/6490 6522/1959/6489
f 2812/1969/2803 406/1157/406 2825/1752/2816 6523/1962/6490
f 6523/1962/6490 2825/1752/2816 2826/1759/2817 6526/1963/6493
f 6526/1963/6493 2826/1759/2817 2827/1757/2818 6529/1966/6496
f 6529/1966/6496 2827/1757/2818 401/1758/401 2797/1970/2788
f 6528/1964/6495 6529/1966/6496 2797/1970/2788 2796/1971/2787
f 6527/1965/6494 6528/1964/6495 2796/1971/2787 2795/1972/2786
f 2572/1739/2568 6527/1965/6494 2795/1972/2786 191/1740/191
f 2571/1738/2567 6524/1961/6491 6527/1965/6494 2572/1739/2568
f 2570/1737/2566 6521/1958/6488 6524/1961/6491 2571/1738/2567
f 6530/1973/6497 6531/1974/6498 6534/1975/6501 6533/1976/6500
f 6531/1974/6498 6532/1977/6499 6535/1978/6502 6534/1975/6501
f 6533/1976/6500 6534/1975/6501 6537/1979/6504 6536/1980/6503
f 6534/1975/6501 6535/1978/6502 6538/1981/6505 6537/1979/6504
f 196/1508/196 2822/1060/2813 6530/1973/6497 2449/1817/2445
f 2822/1060/2813 2823/1059/2814 6531/1974/6498 6530/1973/6497
f 2823/1059/2814 2824/1982/2815 6532/1977/6499 6531/1974/6498
f 2824/1982/2815 410/1057/410 2828/1429/2819 6532/1977/6499
f 6532/1977/6499 2828/1429/2819 2829/1441/2820 6535/1978/6502
f 6535/1978/6502 2829/1441/2820 2830/1439/2821 6538/1981/6505
f 6538/1981/6505 2830/1439/2821 405/1440/405 2809/1983/2800
f 6537/1979/6504 6538/1981/6505 2809/1983/2800 2808/1984/2799
f 6536/1980/6503 6537/1979/6504 2808/1984/2799 2807/1985/2798
f 2447/1819/2443 6536/1980/6503 2807/1985/2798 1/369/1
f 2448/1818/2444 6533/1976/6500 6536/1980/6503 2447/1819/2443
f 2449/1817/2445 6530/1973/6497 6533/1976/6500 2448/1818/2444
f 6539/1986/6506 6540/1987/6507 6543/1988/6510 6542/1989/6509
f 6540/1987/6507 6541/1990/6508 6544/1991/6511 6543/1988/6510
f 6542/1989/6509 6543/1988/6510 6546/1992/6513 6545/1993/6512
f 6543/1988/6510 6544/1991/6511 6547/1994/6514 6546/1992/6513
f 388/1995/388 2813/1996/2804 6539/1986/6506 2437/1997/2433
f 2813/1996/2804 2814/1998/2805 6540/1987/6507 6539/1986/6506
f 2814/1998/2805 2815/1999/2806 6541/1990/6508 6540/1987/6507
f 2815/1999/2806 407/2000/407 2831/566/2822 6541/1990/6508
f 6541/1990/6508 2831/566/2822 2832/2001/2823 6544/1991/6511
f 6544/1991/6511 2832/2001/2823 2833/2002/2824 6547/1994/6514
f 6547/1994/6514 2833/2002/2824 408/2003/408 2818/2004/2809
f 6546/1992/6513 6547/1994/6514 2818/2004/2809 2817/2005/2808
f 6545/1993/6512 6546/1992/6513 2817/2005/2808 2816/2006/2807
f 2435/2007/2431 6545/1993/6512 2816/2006/2807 389/2008/389
f 2436/2009/2432 6542/1989/6509 6545/1993/6512 2435/2007/2431
f 2437/1997/2433 6539/1986/6506 6542/1989/6509 2436/2009/2432
f 6548/2010/6515 6549/2011/6516 6552/2012/6519 6551/2013/6518
f 6549/2011/6516 6550/2014/6517 6553/2015/6520 6552/2012/6519
f 6551/2013/6518 6552/2012/6519 6555/2016/6522 6554/2017/6521
f 6552/2012/6519 6553/2015/6520 6556/2018/6523 6555/2016/6522
f 389/1367/389 2816/2019/2807 6548/2010/6515 2440/1379/2436
f 2816/2019/2807 2817/2005/2808 6549/2011/6516 6548/2010/6515
f 2817/2005/2808 2818/2004/2809 6550/2014/6517 6549/2011/6516
f 2818/2004/2809 408/1148/408 2834/1150/2825 6550/2014/6517
f 6550/2014/6517 2834/1150/2825 2835/1158/2826 6553/2015/6520
f 6553/2015/6520 2835/1158/2826 2836/1156/2827 6556/2018/6523
f 6556/2018/6523 2836/1156/2827 406/1157/406 2812/1969/2803
f 6555/2016/6522 6556/2018/6523 2812/1969/2803 2811/1968/2802
f 6554/2017/6521 6555/2016/6522 2811/1968/2802 2810/1967/2801
f 2438/1381/2434 6554/2017/6521 2810/1967/2801 386/1382/386
f 2439/1380/2435 6551/2013/6518 6554/2017/6521 2438/1381/2434
f 2440/1379/2436 6548/2010/6515 6551/2013/6518 2439/1380/2435
f 6557/2020/6524 6558/2021/6525 6561/2022/6528 6560/2023/6527
f 6558/2021/6525 6559/2024/6526 6562/2025/6529 6561/2022/6528
f 6560/2023/6527 6561/2022/6528 6564/2026/6531 6563/2027/6530
f 6561/2022/6528 6562/2025/6529 6565/2028/6532 6564/2026/6531
f 390/1405/390 2441/1403/2437 6557/2020/6524 2819/2029/2810
f 2441/1403/2437 2442/1402/2438 6558/2021/6525 6557/2020/6524
f 2442/1402/2438 2443/1401/2439 6559/2024/6526 6558/2021/6525
f 2443/1401/2439 387/1400/387 2425/1431/2421 6559/2024/6526
f 6559/2024/6526 2425/1431/2421 2424/1430/2420 6562/2025/6529
f 6562/2025/6529 2424/1430/2420 2423/1428/2419 6565/2028/6532
f 6565/2028/6532 2423/1428/2419 410/1057/410 2837/1056/2828
f 6564/2026/6531 6565/2028/6532 2837/1056/2828 2838/1055/2829
f 6563/2027/6530 6564/2026/6531 2838/1055/2829 2839/1053/2830
f 2821/2030/2812 6563/2027/6530 2839/1053/2830 409/801/409
f 2820/2031/2811 6560/2023/6527 6563/2027/6530 2821/2030/2812
f 2819/2029/2810 6557/2020/6524 6560/2023/6527 2820/2031/2811
f 6566/2032/6533 6567/2033/6534 6570/2034/6537 6569/2035/6536
f 6567/2033/6534 6568/2036/6535 6571/2037/6538 6570/2034/6537
f 6569/2035/6536 6570/2034/6537 6573/2038/6540 6572/2039/6539
f 6570/2034/6537 6571/2037/6538 6574/2040/6541 6573/2038/6540
f 390/764/390 2819/2029/2810 6566/2032/6533 2446/2041/2442
f 2819/2029/2810 2820/2042/2811 6567/2033/6534 6566/2032/6533
f 2820/2042/2811 2821/2043/2812 6568/2036/6535 6567/2033/6534
f 2821/2043/2812 409/10/409 2840/11/2831 6568/2036/6535
f 6568/2036/6535 2840/11/2831 2841/2044/2832 6571/2037/6538
f 6571/2037/6538 2841/2044/2832 2842/2045/2833 6574/2040/6541
f 6574/2040/6541 2842/2045/2833 407/2000/407 2815/1999/2806
f 6573/2038/6540 6574/2040/6541 2815/1999/2806 2814/1998/2805
f 6572/2039/6539 6573/2038/6540 2814/1998/2805 2813/1996/2804
f 2444/2046/2440 6572/2039/6539 2813/1996/2804 388/1995/388
f 2445/2047/2441 6569/2035/6536 6572/2039/6539 2444/2046/2440
f 2446/2041/2442 6566/2032/6533 6569/2035/6536 2445/2047/2441
f 6575/2048/6542 6576/2049/6543 6579/2050/6546 6578/2051/6545
f 6576/2049/6543 6577/2052/6544 6580/1992/6547 6579/2050/6546
f 6578/2051/6545 6579/2050/6546 6582/2053/6549 6581/2054/6548
f 6579/2050/6546 6580/1992/6547 6583/1994/6550 6582/2053/6549
f 193/2055/193 1429/2056/1427 6575/2048/6542 2798/2057/2789
f 1429/2056/1427 1428/2058/1426 6576/2049/6543 6575/2048/6542
f 1428/2058/1426 1427/2059/1425 6577/2052/6544 6576/2049/6543
f 1427/2059/1425 194/2060/194 2801/2061/2792 6577/2052/6544
f 6577/2052/6544 2801/2061/2792 2802/2062/2793 6580/1992/6547
f 6580/1992/6547 2802/2062/2793 2803/2063/2794 6583/1994/6550
f 6583/1994/6550 2803/2063/2794 403/465/403 2843/568/2834
f 6582/2053/6549 6583/1994/6550 2843/568/2834 2844/567/2835
f 6581/2054/6548 6582/2053/6549 2844/567/2835 2845/566/2836
f 2800/2064/2791 6581/2054/6548 2845/566/2836 402/15/402
f 2799/1998/2790 6578/2051/6545 6581/2054/6548 2800/2064/2791
f 2798/2057/2789 6575/2048/6542 6578/2051/6545 2799/1998/2790
f 6584/2065/6551 6585/2066/6552 6588/2067/6555 6587/2068/6554
f 6585/2066/6552 6586/2069/6553 6589/2070/6556 6588/2067/6555
f 6587/2068/6554 6588/2067/6555 6591/2071/6558 6590/2072/6557
f 6588/2067/6555 6589/2070/6556 6592/2073/6559 6591/2071/6558
f 194/2060/194 1432/2074/1430 6584/2065/6551 2801/2061/2792
f 1432/2074/1430 1431/2075/1429 6585/2066/6552 6584/2065/6551
f 1431/2075/1429 1430/2076/1428 6586/2069/6553 6585/2066/6552
f 1430/2076/1428 191/2077/191 2795/2078/2786 6586/2069/6553
f 6586/2069/6553 2795/2078/2786 2796/2079/2787 6589/2070/6556
f 6589/2070/6556 2796/2079/2787 2797/2080/2788 6592/2073/6559
f 6592/2073/6559 2797/2080/2788 401/2081/401 2846/2082/2837
f 6591/2071/6558 6592/2073/6559 2846/2082/2837 2847/468/2838
f 6590/2072/6557 6591/2071/6558 2847/468/2838 2848/2083/2839
f 2803/2063/2794 6590/2072/6557 2848/2083/2839 403/465/403
f 2802/2062/2793 6587/2068/6554 6590/2072/6557 2803/2063/2794
f 2801/2061/2792 6584/2065/6551 6587/2068/6554 2802/2062/2793
f 6593/2084/6560 6594/2085/6561 6597/2086/6564 6596/2087/6563
f 6594/2085/6561 6595/2088/6562 6598/2089/6565 6597/2086/6564
f 6596/2087/6563 6597/2086/6564 6600/2090/6567 6599/2091/6566
f 6597/2086/6564 6598/2089/6565 6601/2092/6568 6600/2090/6567
f 195/2093/195 2804/2029/2795 6593/2084/6560 1433/2094/1431
f 2804/2029/2795 2805/2095/2796 6594/2085/6561 6593/2084/6560
f 2805/2095/2796 2806/2030/2797 6595/2088/6562 6594/2085/6561
f 2806/2030/2797 404/360/404 2849/2096/2840 6595/2088/6562
f 6595/2088/6562 2849/2096/2840 2850/2097/2841 6598/2089/6565
f 6598/2089/6565 2850/2097/2841 2851/2098/2842 6601/2092/6568
f 6601/2092/6568 2851/2098/2842 405/2099/405 1415/2100/1413
f 6600/2090/6567 6601/2092/6568 1415/2100/1413 1416/2101/1414
f 6599/2091/6566 6600/2090/6567 1416/2101/1414 1417/2102/1415
f 1435/2103/1433 6599/2091/6566 1417/2102/1415 192/2104/192
f 1434/2105/1432 6596/2087/6563 6599/2091/6566 1435/2103/1433
f 1433/2094/1431 6593/2084/6560 6596/2087/6563 1434/2105/1432
f 6602/2106/6569 6603/2107/6570 6606/2108/6573 6605/2033/6572
f 6603/2107/6570 6604/2109/6571 6607/2110/6574 6606/2108/6573
f 6605/2033/6572 6606/2108/6573 6609/2111/6576 6608/2112/6575
f 6606/2108/6573 6607/2110/6574 6610/2113/6577 6609/2111/6576
f 195/2114/195 1438/2115/1436 6602/2106/6569 2804/2029/2795
f 1438/2115/1436 1437/788/1435 6603/2107/6570 6602/2106/6569
f 1437/788/1435 1436/2116/1434 6604/2109/6571 6603/2107/6570
f 1436/2116/1434 193/2055/193 2798/2057/2789 6604/2109/6571
f 6604/2109/6571 2798/2057/2789 2799/1998/2790 6607/2110/6574
f 6607/2110/6574 2799/1998/2790 2800/2064/2791 6610/2113/6577
f 6610/2113/6577 2800/2064/2791 402/15/402 2852/14/2843
f 6609/2111/6576 6610/2113/6577 2852/14/2843 2853/13/2844
f 6608/2112/6575 6609/2111/6576 2853/13/2844 2854/11/2845
f 2806/2030/2797 6608/2112/6575 2854/11/2845 404/10/404
f 2805/2117/2796 6605/2033/6572 6608/2112/6575 2806/2030/2797
f 2804/2029/2795 6602/2106/6569 6605/2033/6572 2805/2117/2796
f 6611/86/6578 6612/86/6579 6615/86/6582 6614/86/6581
f 6612/86/6579 6613/86/6580 6616/86/6583 6615/86/6582
f 6614/86/6581 6615/86/6582 6618/86/6585 6617/86/6584
f 6615/86/6582 6616/86/6583 6619/86/6586 6618/86/6585
f 59/86/59 829/86/827 6611/86/6578 2633/86/2628
f 829/86/827 828/86/826 6612/86/6579 6611/86/6578
f 828/86/826 827/86/825 6613/86/6580 6612/86/6579
f 827/86/825 411/86/411 2885/86/2876 6613/86/6580
f 6613/86/6580 2885/86/2876 2886/86/2877 6616/86/6583
f 6616/86/6583 2886/86/2877 2887/86/2878 6619/86/6586
f 6619/86/6586 2887/86/2878 416/86/416 1835/86/1831
f 6618/86/6585 6619/86/6586 1835/86/1831 1836/86/1832
f 6617/86/6584 6618/86/6585 1836/86/1832 1837/86/1833
f 2635/86/2630 6617/86/6584 1837/86/1833 254/86/254
f 2634/86/2629 6614/86/6581 6617/86/6584 2635/86/2630
f 2633/86/2628 6611/86/6578 6614/86/6581 2634/86/2629
f 6620/86/6587 6621/86/6588 6624/86/6591 6623/86/6590
f 6621/86/6588 6622/86/6589 6625/86/6592 6624/86/6591
f 6623/86/6590 6624/86/6591 6627/86/6594 6626/86/6593
f 6624/86/6591 6625/86/6592 6628/86/6595 6627/86/6594
f 253/86/253 2882/86/2873 6620/86/6587 2645/86/2639
f 2882/86/2873 2883/86/2874 6621/86/6588 6620/86/6587
f 2883/86/2874 2884/86/2875 6622/86/6589 6621/86/6588
f 2884/86/2875 420/86/420 2888/86/2879 6622/86/6589
f 6622/86/6589 2888/86/2879 2889/86/2880 6625/86/6592
f 6625/86/6592 2889/86/2880 2890/86/2881 6628/86/6595
f 6628/86/6595 2890/86/2881 415/86/415 2869/86/2860
f 6627/86/6594 6628/86/6595 2869/86/2860 2868/86/2859
f 6626/86/6593 6627/86/6594 2868/86/2859 2867/86/2858
f 2647/86/2641 6626/86/6593 2867/86/2858 58/86/58
f 2646/86/2640 6623/86/6590 6626/86/6593 2647/86/2641
f 2645/86/2639 6620/86/6587 6623/86/6590 2646/86/2640
f 6629/86/6596 6630/86/6597 6633/86/6600 6632/86/6599
f 6630/86/6597 6631/86/6598 6634/86/6601 6633/86/6600
f 6632/86/6599 6633/86/6600 6636/86/6603 6635/86/6602
f 6633/86/6600 6634/86/6601 6637/86/6604 6636/86/6603
f 317/86/317 2023/86/2019 6629/86/6596 2029/86/2025
f 2023/86/2019 2022/86/2018 6630/86/6597 6629/86/6596
f 2022/86/2018 2021/86/2017 6631/86/6598 6630/86/6597
f 2021/86/2017 286/86/286 1843/86/1839 6631/86/6598
f 6631/86/6598 1843/86/1839 1842/86/1838 6634/86/6601
f 6634/86/6601 1842/86/1838 1841/86/1837 6637/86/6604
f 6637/86/6604 1841/86/1837 417/86/417 2891/86/2882
f 6636/86/6603 6637/86/6604 2891/86/2882 2892/86/2883
f 6635/86/6602 6636/86/6603 2892/86/2883 2893/86/2884
f 2027/86/2023 6635/86/6602 2893/86/2884 418/86/418
f 2028/86/2024 6632/86/6599 6635/86/6602 2027/86/2023
f 2029/86/2025 6629/86/6596 6632/86/6599 2028/86/2024
f 6638/86/6605 6639/86/6606 6642/86/6609 6641/86/6608
f 6639/86/6606 6640/86/6607 6643/86/6610 6642/86/6609
f 6641/86/6608 6642/86/6609 6645/86/6612 6644/86/6611
f 6642/86/6609 6643/86/6610 6646/86/6613 6645/86/6612
f 320/86/320 2035/86/2031 6638/86/6605 2038/86/2034
f 2035/86/2031 2034/86/2030 6639/86/6606 6638/86/6605
f 2034/86/2030 2033/86/2029 6640/86/6607 6639/86/6606
f 2033/86/2029 254/86/254 1837/86/1833 6640/86/6607
f 6640/86/6607 1837/86/1833 1836/86/1832 6643/86/6610
f 6643/86/6610 1836/86/1832 1835/86/1831 6646/86/6613
f 6646/86/6613 1835/86/1831 416/86/416 2894/86/2885
f 6645/86/6612 6646/86/6613 2894/86/2885 2895/86/2886
f 6644/86/6611 6645/86/6612 2895/86/2886 2896/86/2887
f 2036/86/2032 6644/86/6611 2896/86/2887 419/86/419
f 2037/86/2033 6641/86/6608 6644/86/6611 2036/86/2032
f 2038/86/2034 6638/86/6605 6641/86/6608 2037/86/2033
f 6647/86/6614 6648/86/6615 6651/86/6618 6650/86/6617
f 6648/86/6615 6649/86/6616 6652/86/6619 6651/86/6618
f 6650/86/6617 6651/86/6618 6654/86/6621 6653/86/6620
f 6651/86/6618 6652/86/6619 6655/86/6622 6654/86/6621
f 286/86/286 1780/86/1776 6647/86/6614 1843/86/1839
f 1780/86/1776 1779/86/1775 6648/86/6615 6647/86/6614
f 1779/86/1775 1778/86/1774 6649/86/6616 6648/86/6615
f 1778/86/1774 320/86/320 2038/86/2034 6649/86/6616
f 6649/86/6616 2038/86/2034 2037/86/2033 6652/86/6619
f 6652/86/6619 2037/86/2033 2036/86/2032 6655/86/6622
f 6655/86/6622 2036/86/2032 419/86/419 2897/86/2888
f 6654/86/6621 6655/86/6622 2897/86/2888 2898/86/2889
f 6653/86/6620 6654/86/6621 2898/86/2889 2899/86/2890
f 1841/86/1837 6653/86/6620 2899/86/2890 417/86/417
f 1842/86/1838 6650/86/6617 6653/86/6620 1841/86/1837
f 1843/86/1839 6647/86/6614 6650/86/6617 1842/86/1838
f 6656/86/6623 6657/86/6624 6660/86/6627 6659/86/6626
f 6657/86/6624 6658/86/6625 6661/86/6628 6660/86/6627
f 6659/86/6626 6660/86/6627 6663/86/6630 6662/86/6629
f 6660/86/6627 6661/86/6628 6664/86/6631 6663/86/6630
f 382/86/382 2398/86/2394 6656/86/6623 2416/86/2412
f 2398/86/2394 2397/86/2393 6657/86/6624 6656/86/6623
f 2397/86/2393 2396/86/2392 6658/86/6625 6657/86/6624
f 2396/86/2392 420/86/420 2900/86/2891 6658/86/6625
f 6658/86/6625 2900/86/2891 2901/86/2892 6661/86/6628
f 6661/86/6628 2901/86/2892 2902/86/2893 6664/86/6631
f 6664/86/6631 2902/86/2893 418/86/418 2878/86/2869
f 6663/86/6630 6664/86/6631 2878/86/2869 2877/86/2868
f 6662/86/6629 6663/86/6630 2877/86/2868 2876/86/2867
f 2414/86/2410 6662/86/6629 2876/86/2867 384/86/384
f 2415/86/2411 6659/86/6626 6662/86/6629 2414/86/2410
f 2416/86/2412 6656/86/6623 6659/86/6626 2415/86/2411
f 6665/86/6632 6666/86/6633 6669/86/6636 6668/86/6635
f 6666/86/6633 6667/86/6634 6670/86/6637 6669/86/6636
f 6668/86/6635 6669/86/6636 6672/86/6639 6671/86/6638
f 6669/86/6636 6670/86/6637 6673/86/6640 6672/86/6639
f 122/86/122 1021/86/1019 6665/86/6632 1015/86/1013
f 1021/86/1019 1020/86/1018 6666/86/6633 6665/86/6632
f 1020/86/1018 1019/86/1017 6667/86/6634 6666/86/6633
f 1019/86/1017 413/86/413 2903/86/2894 6667/86/6634
f 6667/86/6634 2903/86/2894 2904/86/2895 6670/86/6637
f 6670/86/6637 2904/86/2895 2905/86/2896 6673/86/6640
f 6673/86/6640 2905/86/2896 412/86/412 833/86/831
f 6672/86/6639 6673/86/6640 833/86/831 834/86/832
f 6671/86/6638 6672/86/6639 834/86/832 835/86/833
f 1013/86/1011 6671/86/6638 835/86/833 91/86/91
f 1014/86/1012 6668/86/6635 6671/86/6638 1013/86/1011
f 1015/86/1013 6665/86/6632 6668/86/6635 1014/86/1012
f 6674/86/6641 6675/86/6642 6678/86/6645 6677/86/6644
f 6675/86/6642 6676/86/6643 6679/86/6646 6678/86/6645
f 6677/86/6644 6678/86/6645 6681/86/6648 6680/86/6647
f 6678/86/6645 6679/86/6646 6682/86/6649 6681/86/6648
f 125/86/125 1030/86/1028 6674/86/6641 1027/86/1025
f 1030/86/1028 1029/86/1027 6675/86/6642 6674/86/6641
f 1029/86/1027 1028/86/1026 6676/86/6643 6675/86/6642
f 1028/86/1026 414/86/414 2906/86/2897 6676/86/6643
f 6676/86/6643 2906/86/2897 2907/86/2898 6679/86/6646
f 6679/86/6646 2907/86/2898 2908/86/2899 6682/86/6649
f 6682/86/6649 2908/86/2899 411/86/411 827/86/825
f 6681/86/6648 6682/86/6649 827/86/825 828/86/826
f 6680/86/6647 6681/86/6648 828/86/826 829/86/827
f 1025/86/1023 6680/86/6647 829/86/827 59/86/59
f 1026/86/1024 6677/86/6644 6680/86/6647 1025/86/1023
f 1027/86/1025 6674/86/6641 6677/86/6644 1026/86/1024
f 6683/86/6650 6684/86/6651 6687/86/6654 6686/86/6653
f 6684/86/6651 6685/86/6652 6688/86/6655 6687/86/6654
f 6686/86/6653 6687/86/6654 6690/86/6657 6689/86/6656
f 6687/86/6654 6688/86/6655 6691/86/6658 6690/86/6657
f 91/86/91 835/86/833 6683/86/6650 772/86/770
f 835/86/833 834/86/832 6684/86/6651 6683/86/6650
f 834/86/832 833/86/831 6685/86/6652 6684/86/6651
f 833/86/831 412/86/412 2909/86/2900 6685/86/6652
f 6685/86/6652 2909/86/2900 2910/86/2901 6688/86/6655
f 6688/86/6655 2910/86/2901 2911/86/2902 6691/86/6658
f 6691/86/6658 2911/86/2902 414/86/414 1028/86/1026
f 6690/86/6657 6691/86/6658 1028/86/1026 1029/86/1027
f 6689/86/6656 6690/86/6657 1029/86/1027 1030/86/1028
f 770/86/768 6689/86/6656 1030/86/1028 125/86/125
f 771/86/769 6686/86/6653 6689/86/6656 770/86/768
f 772/86/770 6683/86/6650 6686/86/6653 771/86/769
f 6692/86/6659 6693/86/6660 6696/86/6663 6695/86/6662
f 6693/86/6660 6694/86/6661 6697/86/6664 6696/86/6663
f 6695/86/6662 6696/86/6663 6699/86/6666 6698/86/6665
f 6696/86/6663 6697/86/6664 6700/86/6667 6699/86/6666
f 187/86/187 1408/86/1406 6692/86/6659 1390/86/1388
f 1408/86/1406 1407/86/1405 6693/86/6660 6692/86/6659
f 1407/86/1405 1406/86/1404 6694/86/6661 6693/86/6660
f 1406/86/1404 189/86/189 2861/86/2852 6694/86/6661
f 6694/86/6661 2861/86/2852 2862/86/2853 6697/86/6664
f 6697/86/6664 2862/86/2853 2863/86/2854 6700/86/6667
f 6700/86/6667 2863/86/2854 413/86/413 2912/86/2903
f 6699/86/6666 6700/86/6667 2912/86/2903 2913/86/2904
f 6698/86/6665 6699/86/6666 2913/86/2904 2914/86/2905
f 1388/86/1386 6698/86/6665 2914/86/2905 415/86/415
f 1389/86/1387 6695/86/6662 6698/86/6665 1388/86/1386
f 1390/86/1388 6692/86/6659 6695/86/6662 1389/86/1387
f 6701/86/6668 6702/86/6669 6705/86/6672 6704/86/6671
f 6702/86/6669 6703/86/6670 6706/86/6673 6705/86/6672
f 6704/86/6671 6705/86/6672 6708/86/6675 6707/86/6674
f 6705/86/6672 6706/86/6673 6709/86/6676 6708/86/6675
f 257/86/257 2942/86/2933 6701/86/6668 2690/86/2682
f 2942/86/2933 2943/86/2934 6702/86/6669 6701/86/6668
f 2943/86/2934 2944/86/2935 6703/86/6670 6702/86/6669
f 2944/86/2935 430/86/430 2945/86/2936 6703/86/6670
f 6703/86/6670 2945/86/2936 2946/86/2937 6706/86/6673
f 6706/86/6673 2946/86/2937 2947/86/2938 6709/86/6676
f 6709/86/6676 2947/86/2938 425/86/425 2929/86/2920
f 6708/86/6675 6709/86/6676 2929/86/2920 2928/86/2919
f 6707/86/6674 6708/86/6675 2928/86/2919 2927/86/2918
f 2692/86/2684 6707/86/6674 2927/86/2918 62/86/62
f 2691/86/2683 6704/86/6671 6707/86/6674 2692/86/2684
f 2690/86/2682 6701/86/6668 6704/86/6671 2691/86/2683
f 6710/86/6677 6711/86/6678 6714/86/6681 6713/86/6680
f 6711/86/6678 6712/86/6679 6715/86/6682 6714/86/6681
f 6713/86/6680 6714/86/6681 6717/86/6684 6716/86/6683
f 6714/86/6681 6715/86/6682 6718/86/6685 6717/86/6684
f 377/86/377 2930/86/2921 6710/86/6677 2675/86/2668
f 2930/86/2921 2931/86/2922 6711/86/6678 6710/86/6677
f 2931/86/2922 2932/86/2923 6712/86/6679 6711/86/6678
f 2932/86/2923 426/86/426 2948/86/2939 6712/86/6679
f 6712/86/6679 2948/86/2939 2949/86/2940 6715/86/6682
f 6715/86/6682 2949/86/2940 2950/86/2941 6718/86/6685
f 6718/86/6685 2950/86/2941 421/86/421 2917/86/2908
f 6717/86/6684 6718/86/6685 2917/86/2908 2916/86/2907
f 6716/86/6683 6717/86/6684 2916/86/2907 2915/86/2906
f 2677/86/2670 6716/86/6683 2915/86/2906 182/86/182
f 2676/86/2669 6713/86/6680 6716/86/6683 2677/86/2670
f 2675/86/2668 6710/86/6677 6713/86/6680 2676/86/2669
f 6719/86/6686 6720/86/6687 6723/86/6690 6722/86/6689
f 6720/86/6687 6721/86/6688 6724/86/6691 6723/86/6690
f 6722/86/6689 6723/86/6690 6726/86/6693 6725/86/6692
f 6723/86/6690 6724/86/6691 6727/86/6694 6726/86/6693
f 379/86/379 2381/86/2377 6719/86/6686 2936/86/2927
f 2381/86/2377 2382/86/2378 6720/86/6687 6719/86/6686
f 2382/86/2378 2383/86/2379 6721/86/6688 6720/86/6687
f 2383/86/2379 376/86/376 2368/86/2364 6721/86/6688
f 6721/86/6688 2368/86/2364 2367/86/2363 6724/86/6691
f 6724/86/6691 2367/86/2363 2366/86/2362 6727/86/6694
f 6727/86/6694 2366/86/2362 430/86/430 2951/86/2942
f 6726/86/6693 6727/86/6694 2951/86/2942 2952/86/2943
f 6725/86/6692 6726/86/6693 2952/86/2943 2953/86/2944
f 2938/86/2929 6725/86/6692 2953/86/2944 428/86/428
f 2937/86/2928 6722/86/6689 6725/86/6692 2938/86/2929
f 2936/86/2927 6719/86/6686 6722/86/6689 2937/86/2928
f 6728/86/6695 6729/86/6696 6732/86/6699 6731/86/6698
f 6729/86/6696 6730/86/6697 6733/86/6700 6732/86/6699
f 6731/86/6698 6732/86/6699 6735/86/6702 6734/86/6701
f 6732/86/6699 6733/86/6700 6736/86/6703 6735/86/6702
f 379/86/379 2936/86/2927 6728/86/6695 2386/86/2382
f 2936/86/2927 2937/86/2928 6729/86/6696 6728/86/6695
f 2937/86/2928 2938/86/2929 6730/86/6697 6729/86/6696
f 2938/86/2929 428/86/428 2954/86/2945 6730/86/6697
f 6730/86/6697 2954/86/2945 2955/86/2946 6733/86/6700
f 6733/86/6700 2955/86/2946 2956/86/2947 6736/86/6703
f 6736/86/6703 2956/86/2947 427/86/427 2935/86/2926
f 6735/86/6702 6736/86/6703 2935/86/2926 2934/86/2925
f 6734/86/6701 6735/86/6702 2934/86/2925 2933/86/2924
f 2384/86/2380 6734/86/6701 2933/86/2924 378/86/378
f 2385/86/2381 6731/86/6698 6734/86/6701 2384/86/2380
f 2386/86/2382 6728/86/6695 6731/86/6698 2385/86/2381
f 6737/86/6704 6738/86/6705 6741/86/6708 6740/86/6707
f 6738/86/6705 6739/86/6706 6742/86/6709 6741/86/6708
f 6740/86/6707 6741/86/6708 6744/86/6711 6743/86/6710
f 6741/86/6708 6742/86/6709 6745/86/6712 6744/86/6711
f 380/86/380 2387/86/2383 6737/86/6704 2939/86/2930
f 2387/86/2383 2388/86/2384 6738/86/6705 6737/86/6704
f 2388/86/2384 2389/86/2385 6739/86/6706 6738/86/6705
f 2389/86/2385 378/86/378 2933/86/2924 6739/86/6706
f 6739/86/6706 2933/86/2924 2934/86/2925 6742/86/6709
f 6742/86/6709 2934/86/2925 2935/86/2926 6745/86/6712
f 6745/86/6712 2935/86/2926 427/86/427 2957/86/2948
f 6744/86/6711 6745/86/6712 2957/86/2948 2958/86/2949
f 6743/86/6710 6744/86/6711 2958/86/2949 2959/86/2950
f 2941/86/2932 6743/86/6710 2959/86/2950 429/86/429
f 2940/86/2931 6740/86/6707 6743/86/6710 2941/86/2932
f 2939/86/2930 6737/86/6704 6740/86/6707 2940/86/2931
f 6746/86/6713 6747/86/6714 6750/86/6717 6749/86/6716
f 6747/86/6714 6748/86/6715 6751/86/6718 6750/86/6717
f 6749/86/6716 6750/86/6717 6753/86/6720 6752/86/6719
f 6750/86/6717 6751/86/6718 6754/86/6721 6753/86/6720
f 380/86/380 2939/86/2930 6746/86/6713 2392/86/2388
f 2939/86/2930 2940/86/2931 6747/86/6714 6746/86/6713
f 2940/86/2931 2941/86/2932 6748/86/6715 6747/86/6714
f 2941/86/2932 429/86/429 2960/86/2951 6748/86/6715
f 6748/86/6715 2960/86/2951 2961/86/2952 6751/86/6718
f 6751/86/6718 2961/86/2952 2962/86/2953 6754/86/6721
f 6754/86/6721 2962/86/2953 426/86/426 2932/86/2923
f 6753/86/6720 6754/86/6721 2932/86/2923 2931/86/2922
f 6752/86/6719 6753/86/6720 2931/86/2922 2930/86/2921
f 2390/86/2386 6752/86/6719 2930/86/2921 377/86/377
f 2391/86/2387 6749/86/6716 6752/86/6719 2390/86/2386
f 2392/86/2388 6746/86/6713 6749/86/6716 2391/86/2387
f 6755/86/6722 6756/86/6723 6759/86/6726 6758/86/6725
f 6756/86/6723 6757/86/6724 6760/86/6727 6759/86/6726
f 6758/86/6725 6759/86/6726 6762/86/6729 6761/86/6728
f 6759/86/6726 6760/86/6727 6763/86/6730 6762/86/6729
f 184/86/184 2921/86/2912 6755/86/6722 1373/86/1371
f 2921/86/2912 2922/86/2913 6756/86/6723 6755/86/6722
f 2922/86/2913 2923/86/2914 6757/86/6724 6756/86/6723
f 2923/86/2914 423/86/423 2963/86/2954 6757/86/6724
f 6757/86/6724 2963/86/2954 2964/86/2955 6760/86/6727
f 6760/86/6727 2964/86/2955 2965/86/2956 6763/86/6730
f 6763/86/6730 2965/86/2956 425/86/425 1358/86/1356
f 6762/86/6729 6763/86/6730 1358/86/1356 1359/86/1357
f 6761/86/6728 6762/86/6729 1359/86/1357 1360/86/1358
f 1375/86/1373 6761/86/6728 1360/86/1358 181/86/181
f 1374/86/1372 6758/86/6725 6761/86/6728 1375/86/1373
f 1373/86/1371 6755/86/6722 6758/86/6725 1374/86/1372
f 6764/86/6731 6765/86/6732 6768/86/6735 6767/86/6734
f 6765/86/6732 6766/86/6733 6769/86/6736 6768/86/6735
f 6767/86/6734 6768/86/6735 6771/86/6738 6770/86/6737
f 6768/86/6735 6769/86/6736 6772/86/6739 6771/86/6738
f 184/86/184 1378/86/1376 6764/86/6731 2921/86/2912
f 1378/86/1376 1377/86/1375 6765/86/6732 6764/86/6731
f 1377/86/1375 1376/86/1374 6766/86/6733 6765/86/6732
f 1376/86/1374 183/86/183 2918/86/2909 6766/86/6733
f 6766/86/6733 2918/86/2909 2919/86/2910 6769/86/6736
f 6769/86/6736 2919/86/2910 2920/86/2911 6772/86/6739
f 6772/86/6739 2920/86/2911 422/86/422 2966/86/2957
f 6771/86/6738 6772/86/6739 2966/86/2957 2967/86/2958
f 6770/86/6737 6771/86/6738 2967/86/2958 2968/86/2959
f 2923/86/2914 6770/86/6737 2968/86/2959 423/86/423
f 2922/86/2913 6767/86/6734 6770/86/6737 2923/86/2914
f 2921/86/2912 6764/86/6731 6767/86/6734 2922/86/2913
f 6773/86/6740 6774/86/6741 6777/86/6744 6776/86/6743
f 6774/86/6741 6775/86/6742 6778/86/6745 6777/86/6744
f 6776/86/6743 6777/86/6744 6780/86/6747 6779/86/6746
f 6777/86/6744 6778/86/6745 6781/86/6748 6780/86/6747
f 185/86/185 2924/86/2915 6773/86/6740 1379/86/1377
f 2924/86/2915 2925/86/2916 6774/86/6741 6773/86/6740
f 2925/86/2916 2926/86/2917 6775/86/6742 6774/86/6741
f 2926/86/2917 424/86/424 2969/86/2960 6775/86/6742
f 6775/86/6742 2969/86/2960 2970/86/2961 6778/86/6745
f 6778/86/6745 2970/86/2961 2971/86/2962 6781/86/6748
f 6781/86/6748 2971/86/2962 422/86/422 2920/86/2911
f 6780/86/6747 6781/86/6748 2920/86/2911 2919/86/2910
f 6779/86/6746 6780/86/6747 2919/86/2910 2918/86/2909
f 1381/86/1379 6779/86/6746 2918/86/2909 183/86/183
f 1380/86/1378 6776/86/6743 6779/86/6746 1381/86/1379
f 1379/86/1377 6773/86/6740 6776/86/6743 1380/86/1378
f 6782/86/6749 6783/86/6750 6786/86/6753 6785/86/6752
f 6783/86/6750 6784/86/6751 6787/86/6754 6786/86/6753
f 6785/86/6752 6786/86/6753 6789/86/6756 6788/86/6755
f 6786/86/6753 6787/86/6754 6790/86/6757 6789/86/6756
f 185/86/185 1384/86/1382 6782/86/6749 2924/86/2915
f 1384/86/1382 1383/86/1381 6783/86/6750 6782/86/6749
f 1383/86/1381 1382/86/1380 6784/86/6751 6783/86/6750
f 1382/86/1380 182/86/182 2915/86/2906 6784/86/6751
f 6784/86/6751 2915/86/2906 2916/86/2907 6787/86/6754
f 6787/86/6754 2916/86/2907 2917/86/2908 6790/86/6757
f 6790/86/6757 2917/86/2908 421/86/421 2972/86/2963
f 6789/86/6756 6790/86/6757 2972/86/2963 2973/86/2964
f 6788/86/6755 6789/86/6756 2973/86/2964 2974/86/2965
f 2926/86/2917 6788/86/6755 2974/86/2965 424/86/424
f 2925/86/2916 6785/86/6752 6788/86/6755 2926/86/2917
f 2924/86/2915 6782/86/6749 6785/86/6752 2925/86/2916
